Area_m2,Rooms,Bathrooms,Kitchens,Living_Rooms,City_Tier,Quality_Level,Num_Floors,Estimated_Cost_INR
142,4,2,1,1,0,1,1,2022482.8915419413
146,1,2,1,1,0,0,2,2544431.0587430093
111,5,4,1,1,0,0,1,1082438.3580652904
228,2,3,1,2,0,1,1,3175402.7651912207
60,6,4,1,1,0,1,1,896049.2538176947
142,5,2,1,1,1,1,2,4842250.661621784
161,4,3,1,2,0,0,2,2821530.7767036394
254,6,2,1,2,0,0,1,2284920.692963206
127,5,2,1,1,0,1,1,1778392.6067285184
139,1,1,1,1,1,0,1,1525187.8109606714
191,1,4,2,2,2,1,2,8901622.298116175
170,6,4,1,2,1,1,1,2973393.0236544632
189,3,2,1,2,2,1,1,4392815.405584579
297,2,1,2,2,0,0,2,5304547.161720583
231,6,2,1,2,2,1,1,5420722.521438597
200,4,2,2,2,2,1,2,9086376.109455517
61,2,2,1,1,1,1,1,1111650.3486307568
292,5,1,2,2,0,0,3,7604773.793290248
275,4,3,1,2,1,2,1,7558726.867965497
88,4,1,1,1,1,1,3,4603634.275652469
98,1,2,1,1,1,1,1,1628584.632659397
209,5,3,1,2,0,1,1,2764265.5305262953
227,1,2,2,2,2,0,2,6569435.867581151
229,1,1,1,2,0,1,1,3102668.1307923356
214,3,1,1,2,1,2,1,5835896.588653052
90,1,3,1,1,1,2,1,2419460.9301958135
94,2,1,1,1,2,0,1,1412514.4222512795
283,4,2,1,2,1,2,1,7706652.207394169
170,1,3,1,2,1,0,2,3757884.547251124
174,6,4,1,2,2,2,1,6624463.495943434
60,2,2,1,1,1,2,2,3290204.9648467093
206,5,4,1,2,2,1,1,4968912.2979621645
128,4,3,1,1,1,0,1,1452784.8813686222
53,6,3,1,1,1,0,2,1217115.218881637
281,6,2,1,2,0,1,1,3875866.1787401033
92,5,1,1,1,1,2,1,2562932.9371821536
131,6,2,1,1,2,1,1,3027129.2768102586
74,2,1,1,1,1,1,1,1306005.251117537
245,5,1,1,2,2,1,1,5734716.371386592
120,6,2,1,1,0,1,1,1680192.4498960706
89,5,3,1,1,0,0,1,826984.3397979654
41,5,2,1,1,0,1,1,624636.3817816416
93,1,4,1,1,2,0,1,1545923.7689625728
145,1,3,1,1,1,1,3,7140280.204930725
299,1,1,1,2,2,1,1,6689056.045005378
230,6,3,1,2,2,1,1,5511048.171547467
257,4,2,1,2,0,1,1,3572227.854635456
83,2,3,1,1,2,1,2,3488481.4633564283
201,6,1,1,2,1,2,1,5423285.911943551
241,1,1,1,2,1,0,1,2750432.5477820956
254,5,3,1,2,1,1,1,4213374.496062548
291,6,4,1,2,2,1,1,6567572.778548833
229,5,1,1,2,1,2,1,6486865.949257325
252,5,4,1,2,1,1,1,4353850.652082062
247,5,1,2,2,1,1,3,12372700.566175288
276,3,3,1,2,2,1,1,6513351.412003732
92,4,1,1,1,2,0,1,1396363.6890167654
256,2,4,2,2,2,1,2,11955667.02610683
291,2,4,1,2,1,2,1,7771137.955661357
227,1,3,1,2,2,1,1,5096057.212462439
80,3,4,1,1,1,1,1,1447324.2759954252
196,6,4,1,2,1,1,1,3450007.5852372493
54,6,3,1,1,2,1,2,2638501.871318498
104,2,1,1,1,2,1,2,4562668.112060741
48,4,3,1,1,0,1,1,681953.2473107207
168,5,1,1,2,1,2,2,9594433.069708873
175,1,1,1,2,2,0,1,2644515.201930425
102,4,1,1,1,0,0,1,886642.8715509331
178,2,2,1,2,1,1,1,3048796.7870446444
120,3,1,1,1,1,1,1,1941115.5859466353
202,1,3,1,2,1,2,1,5538264.426901367
270,2,3,1,2,2,2,1,9547789.732514985
80,6,3,1,1,1,1,2,2604662.627223208
67,1,2,1,1,1,0,2,1481482.3450961097
174,2,4,1,2,1,1,2,5748959.796383967
240,6,2,1,2,1,1,1,4039411.988917837
72,6,3,1,1,1,0,1,862051.64229656
87,5,3,1,1,1,0,1,1052647.8033137287
101,3,4,1,1,2,1,2,4517310.435097996
255,5,2,2,2,1,2,2,13082841.364722544
138,2,3,1,1,0,0,2,2490966.8514263867
211,4,1,1,2,1,1,1,3643015.5906419954
253,5,1,1,2,2,0,1,3946174.6462080395
74,4,3,1,1,2,0,2,2200580.2139526056
266,6,1,1,2,0,2,1,5865892.136589043
140,2,4,1,1,1,0,3,4514341.266605111
170,3,3,1,2,2,2,1,6632597.89577758
296,4,2,1,2,0,0,1,2588760.1138368403
44,2,3,1,1,2,1,1,1111672.0485697149
257,4,4,1,2,0,1,1,3455200.784588282
294,5,2,1,2,1,1,1,5150504.569466
246,2,4,1,2,1,0,1,2783348.2865428696
54,5,1,1,1,1,1,1,969568.4207689227
81,1,1,1,1,0,1,2,2285768.8648068784
218,2,1,1,2,0,2,1,4606455.765446884
102,4,4,1,1,2,1,1,2448639.4616772947
270,1,4,1,2,2,1,1,6338823.082087063
280,5,3,1,2,1,0,1,3166423.466592017
91,5,2,1,1,2,1,3,6366179.3090602355
135,4,2,1,1,1,0,1,1507826.5588726862
261,1,4,1,2,1,1,1,4291272.746387177
270,6,4,1,2,2,1,1,6401810.242603259
276,3,1,2,2,0,1,2,7522074.734882141
182,4,4,2,2,1,0,2,4023192.2850170974
210,5,1,1,2,0,1,1,2764673.426141924
68,2,4,1,1,1,0,1,863667.2795714011
75,1,2,1,1,0,1,1,1063465.9077307656
52,6,3,1,1,2,2,1,2014490.6593645986
199,3,4,2,2,1,1,3,10249911.163834225
226,2,1,1,2,0,1,1,3072206.422246171
282,1,3,2,2,1,1,2,9549900.8913281
125,6,1,1,1,1,1,1,2129726.4950997424
105,4,1,1,1,2,0,1,1591968.3015162523
209,6,3,2,2,1,1,2,7122755.039899269
84,4,3,1,1,1,0,1,975389.5227136068
101,1,3,1,1,1,2,2,5657155.391091598
173,6,4,1,2,2,2,1,5940340.957705033
67,3,3,1,1,1,0,1,828060.2319776418
147,6,4,1,1,0,0,2,2709327.975010223
83,1,2,1,1,1,2,1,2304147.029461457
167,2,2,1,2,0,1,1,2304111.2583264895
270,2,1,1,2,1,0,1,2917139.3539991095
229,6,1,1,2,1,1,1,3775876.8776612435
264,6,4,1,2,1,1,1,4514524.088096651
160,4,1,1,2,2,0,2,4766752.427013691
155,1,2,1,2,1,0,1,1848632.048619013
272,4,4,1,2,0,0,1,2326349.070045576
298,3,4,1,2,1,1,1,4991618.962920606
237,2,3,2,2,1,0,2,4911009.1601506
176,5,4,1,2,2,0,1,2684876.5027204882
204,5,1,2,2,0,0,2,3510316.625791918
264,1,2,1,2,2,1,1,5498672.457310023
273,1,1,1,2,0,1,1,3806295.652060983
211,5,2,1,2,1,0,1,2261495.6841105213
191,1,3,2,2,1,1,3,9797750.180121496
199,2,2,1,2,0,1,1,2524259.2358185505
135,3,3,1,1,1,1,2,4480990.796487903
272,3,1,1,2,1,1,1,4625064.754151228
219,4,3,1,2,2,0,1,3389214.069560086
152,2,4,1,2,1,1,1,2682405.0571098607
91,1,4,1,1,2,1,2,4194330.725408099
152,1,2,1,2,0,1,2,3923179.1298196716
140,4,1,1,1,1,0,1,1582308.9718694312
152,4,1,1,2,1,1,1,2647393.715051161
120,1,2,1,1,1,0,1,1415577.8940170112
226,1,4,1,2,0,1,1,3122300.7765745325
152,2,3,1,2,1,0,1,1709095.7458913869
41,4,2,1,1,1,1,1,775033.9909246742
169,2,3,1,2,0,1,1,2330136.2581332317
259,6,3,1,2,1,1,1,4704560.814487224
93,1,1,1,1,1,1,1,1636257.1417474002
263,5,4,2,2,1,0,3,8627282.515082953
264,5,3,1,2,0,1,1,3822886.3503049933
165,6,4,1,2,0,0,3,4191052.7285095737
169,1,1,1,2,1,1,3,8573159.957593726
92,4,2,1,1,1,1,1,1595753.9371245613
211,5,2,1,2,1,1,1,3804384.82905533
257,4,1,2,2,2,1,2,10849112.573260421
199,5,1,2,2,1,2,2,11079019.32557814
237,4,3,2,2,0,0,2,4116295.266194449
286,5,1,1,2,2,1,1,6955854.751185791
242,4,2,2,2,1,2,3,20562102.976904627
223,6,4,1,2,2,1,1,4986943.537424571
162,2,4,1,2,2,0,1,2421105.102302525
294,4,4,1,2,2,2,1,10248492.783409307
137,2,4,1,1,2,1,1,2994620.0410164697
237,2,1,2,2,2,0,2,6748234.781860021
279,1,1,1,2,0,2,1,5902977.119632533
183,6,4,1,2,1,1,1,3110518.8834154285
136,2,1,1,1,1,1,1,2245566.4844816844
240,3,3,1,2,1,2,1,6323762.883040497
163,2,1,1,2,1,1,2,5526378.385842117
226,4,3,2,2,1,0,2,4916151.382300266
298,2,3,1,2,0,1,1,4280807.795601036
187,4,1,1,2,2,1,1,4053353.0741095264
291,4,4,1,2,1,1,1,5070315.9288337855
186,3,3,2,2,1,0,2,3868881.4279077975
187,2,1,1,2,2,2,1,6824715.2824662225
238,2,2,1,2,0,1,1,3302286.49596747
167,5,4,1,2,1,1,2,5558994.475858017
78,5,2,1,1,1,0,1,881447.8178356093
168,1,3,1,2,2,1,2,7723834.464324569
190,4,2,2,2,0,1,2,5096218.47357928
138,3,1,1,1,0,0,1,1288289.7913734454
291,5,4,2,2,0,2,2,12890343.358147046
183,2,3,1,2,0,1,1,2529009.429570745
151,1,1,1,2,0,1,1,2163859.633389483
99,3,4,1,1,1,1,2,3368626.942170907
41,6,3,1,1,1,1,1,775355.850878859
293,2,3,1,2,2,1,1,6914516.740268236
179,2,3,1,2,2,2,2,12659377.703678526
76,6,3,1,1,1,0,1,907838.460081252
199,4,2,1,2,2,1,1,4613578.711225483
48,4,2,1,1,0,0,1,461303.5818499902
272,5,2,1,2,1,0,1,3127188.04736146
138,5,3,1,1,0,1,2,3615294.3552686092
186,2,2,1,2,1,1,1,3106835.032820371
247,2,4,1,2,1,1,1,4184268.1616275343
170,5,3,1,2,0,0,3,4593782.431128086
191,6,4,1,2,1,1,1,3348025.8838420673
93,5,4,1,1,1,1,2,3128564.2595061804
159,2,2,1,2,2,1,2,7240183.778010664
200,3,3,1,2,2,1,1,4741881.5154878795
155,2,2,1,2,1,1,1,2509784.515966891
114,3,2,1,1,0,2,2,4804056.654970719
152,3,2,1,2,2,1,2,7273131.675264
143,2,3,1,1,2,0,2,4441694.720532008
293,1,3,1,2,0,2,1,6565359.176912445
266,5,2,1,2,0,0,1,2336805.966190052
151,4,4,1,2,0,1,1,2147254.1838336387
138,2,4,1,1,1,2,1,3804004.91552277
192,3,3,2,2,2,1,2,8719229.119926166
233,2,1,1,2,0,0,1,2054771.281192505
202,5,2,1,2,1,1,1,3342083.278534185
247,6,2,1,2,0,1,1,3308261.0703968806
208,3,1,1,2,0,1,1,2839800.520735574
200,4,3,2,2,0,1,2,5439054.345433467
107,4,4,1,1,1,1,2,3638800.23225053
174,4,3,1,2,2,1,2,7895617.6346973395
234,6,4,1,2,1,1,1,4241686.492932416
167,1,4,1,2,0,0,1,1504627.5071141175
72,3,3,1,1,1,1,1,1253140.8839091524
215,6,2,1,2,1,0,1,2353050.401367193
61,3,2,1,1,1,1,1,1059133.6850103617
277,6,2,2,2,2,2,2,20177152.637184765
197,6,4,1,2,1,1,1,3233661.0920100897
77,1,2,1,1,1,1,1,1384095.73834505
269,3,4,2,2,0,1,2,6979961.43747969
90,6,2,1,1,0,2,1,2011561.840729735
66,1,3,1,1,1,2,1,1796738.262396027
265,2,1,2,2,2,0,2,8131516.714909283
136,5,4,1,1,2,1,1,3208504.547827616
186,6,3,2,2,1,0,2,4111859.762638906
43,4,4,1,1,0,0,1,458541.81712136156
74,1,4,1,1,2,2,1,2921429.1415852895
231,1,3,1,2,2,1,1,5183659.519487479
88,6,2,1,1,0,1,2,2419161.214216336
56,1,4,1,1,1,1,1,1024456.2956598296
211,2,1,1,2,0,1,1,2769141.514015175
259,1,1,1,2,2,1,1,5931160.176054399
197,5,3,1,2,0,1,1,2732700.952659277
85,5,1,1,1,0,1,2,2255652.4652160583
45,4,3,1,1,0,2,1,1040061.6735546499
138,2,3,1,1,1,0,2,3057666.711272496
272,5,4,2,2,1,2,2,14480877.315378014
76,6,3,1,1,2,2,1,2868616.891963557
220,3,3,2,2,1,1,2,7189113.163205876
134,3,2,1,1,2,1,1,3021016.0110772937
138,3,4,1,1,0,2,1,3123986.876895357
227,6,1,2,2,0,0,2,3888821.527150972
155,1,2,1,2,1,0,1,1776247.7680553044
230,6,2,1,2,1,1,1,4223594.823204274
292,1,4,1,2,0,2,1,6447527.255286175
200,3,4,1,2,2,0,1,2964819.879366102
295,4,2,1,2,2,2,1,10810642.296541717
167,4,4,1,2,1,0,1,1886308.215280849
57,1,4,1,1,1,2,2,3145601.7999941893
262,3,3,1,2,0,1,1,3548277.400590707
93,6,4,1,1,2,2,1,3488531.8563369308
97,4,3,1,1,2,0,1,1566857.866124347
213,1,2,1,2,0,0,1,1755151.7908586299
153,6,2,1,2,1,0,1,1767908.301415054
190,3,1,2,2,2,2,2,13470117.422897043
166,2,4,1,2,2,1,1,3902324.8531128606
194,3,2,1,2,0,0,1,1702243.111721253
143,3,3,1,1,0,1,1,2018289.317209427
285,6,2,1,2,1,1,1,4715064.139172696
215,6,4,2,2,2,1,2,9625516.946895897
78,5,1,1,1,1,1,1,1369560.3622909521
209,5,1,1,2,1,0,1,2400665.023137968
286,6,2,1,2,0,1,1,4026292.6798633584
65,6,1,1,1,2,0,1,1026729.0973532434
52,2,4,1,1,1,0,1,661255.1752003427
75,2,4,1,1,1,1,1,1397821.8228443468
212,3,1,2,2,0,0,2,3715151.0660945037
59,4,3,1,1,0,0,1,611431.3850417382
181,2,1,1,2,0,0,1,1563253.8849094403
182,3,1,1,2,0,1,1,2463617.326508643
131,1,2,1,1,1,0,2,2738753.5246502203
254,5,3,1,2,1,1,1,4394955.864618961
90,4,1,1,1,1,0,2,1935251.3249048288
192,3,2,1,2,1,1,1,3356810.7459107027
225,6,2,1,2,1,1,1,3837694.0609921846
102,1,2,1,1,1,1,1,1778245.5656531127
229,5,4,1,2,1,1,1,4144234.5771959317
164,1,2,1,2,2,1,1,3937899.5212278487
189,3,2,1,2,0,1,1,2445594.4075351465
97,2,4,1,1,2,1,2,4529888.585057715
219,5,4,1,2,1,0,1,2336018.95776784
209,1,2,1,2,2,2,1,7614842.480464859
93,2,1,1,1,1,0,1,1009405.1375420036
140,4,3,1,1,1,1,1,2317519.9763050294
92,3,4,1,1,2,0,2,2614979.444158834
99,3,3,1,1,0,2,1,2296293.4641704564
147,5,4,1,1,0,2,1,3257153.989175607
44,1,2,1,1,1,0,1,557638.1892223175
142,4,4,1,1,2,0,1,2235985.3411321184
235,6,2,1,2,1,2,1,6451319.771317524
86,5,3,1,1,0,1,1,1230717.5216287468
183,6,1,1,2,0,0,1,1676501.4517971412
163,5,2,1,2,1,1,2,5530374.994458103
145,1,3,1,1,0,1,2,4026859.981667753
197,4,3,2,2,2,2,2,14396042.68926327
186,1,4,1,2,2,1,1,4353825.485052505
184,3,2,1,2,0,1,1,2631206.185295378
159,6,3,1,2,2,1,1,3796002.215649202
131,2,1,1,1,2,2,1,4878599.188869628
97,3,4,1,1,1,0,3,3362540.870707567
268,3,4,1,2,1,2,1,7280022.773718541
156,6,3,1,2,1,1,1,2848656.4676436223
166,5,2,1,2,2,1,1,3824304.777884305
168,3,4,1,2,0,2,2,7290446.847466336
97,4,2,1,1,0,0,1,866224.9171219579
161,3,3,1,2,1,1,2,5419838.2563276095
40,4,3,1,1,0,1,2,1113509.9489146443
278,1,2,1,2,0,1,1,3780883.935665262
135,5,1,1,1,0,1,1,1939051.0654033124
165,4,4,1,2,1,1,1,2886234.603437136
157,3,3,1,2,1,0,2,3453405.2575835446
87,5,1,1,1,1,1,2,2897348.2377111358
128,5,1,1,1,1,1,1,2232604.036750527
276,4,2,2,2,1,1,2,9144357.039138839
228,4,2,1,2,0,0,1,2127570.595430206
231,2,2,1,2,1,0,1,2525270.689453935
108,2,1,1,1,1,1,1,1918827.0054710673
286,5,4,2,2,2,2,2,20681677.909459144
115,6,2,1,1,0,0,2,2102450.4495469066
193,6,4,1,2,0,1,1,2797488.655775675
183,2,2,1,2,2,1,1,4243760.522361272
125,3,1,1,1,1,1,2,4119557.1663948707
224,1,4,2,2,2,0,2,6168194.035448386
259,5,4,1,2,0,1,1,3588884.143906282
108,1,1,1,1,1,1,2,3676473.22548959
86,2,4,1,1,1,1,2,2944992.7253095754
133,4,1,1,1,1,2,1,3655693.378929736
277,5,1,1,2,1,1,1,4651950.432968882
243,2,3,1,2,0,1,1,3216997.846222102
257,3,2,1,2,1,1,1,4194161.3743752283
78,5,3,1,1,2,0,1,1218465.2636010419
139,5,1,1,1,1,0,2,2988568.137559452
293,6,1,1,2,2,1,1,6837542.082696266
261,4,4,1,2,1,0,1,2920708.61863603
62,5,1,1,1,1,1,3,3276130.336932913
289,4,1,2,2,0,1,2,7511015.323524513
49,2,1,1,1,1,0,2,1098940.4822901224
285,3,2,2,2,2,1,2,13080029.697382554
139,3,3,1,1,1,1,1,2351627.7750017107
219,5,3,1,2,0,1,1,3017572.9151685573
262,5,2,2,2,1,1,2,8577971.626511564
289,2,2,1,2,2,0,1,4306771.24519057
186,6,2,1,2,0,2,1,4334183.014223602
135,6,3,1,1,1,2,1,3762929.324478993
296,6,3,1,2,2,1,1,6724953.225180665
43,4,1,1,1,0,2,2,1884899.3085578221
55,6,3,1,1,1,2,1,1610663.4395971631
286,3,4,1,2,2,0,1,4253240.03647869
297,4,3,1,2,1,1,1,4994847.444317712
199,2,2,1,2,1,1,1,3394819.9489275506
191,3,3,2,2,2,1,2,8655233.815566497
217,3,1,1,2,1,1,1,3713336.4248293047
202,1,3,1,2,0,1,1,2853180.6478373352
72,2,2,1,1,1,1,1,1239040.4236469008
218,2,4,2,2,2,2,2,16472055.943547362
140,1,2,1,1,0,1,1,1989222.944541148
104,4,4,1,1,2,0,1,1660955.6719882747
207,6,1,2,2,0,1,2,5665705.291341327
82,6,1,1,1,2,0,2,2443152.086265905
83,6,3,1,1,1,1,1,1520522.6605050312
51,6,1,1,1,0,1,2,1403420.4057252856
134,6,1,1,1,0,1,1,1831479.1277939656
292,1,2,1,2,1,1,1,4981606.682592827
281,2,2,1,2,1,0,1,3129285.809851936
74,4,3,1,1,0,0,1,701179.7247473714
254,3,3,1,2,1,1,1,4569329.831815987
129,6,3,1,1,0,0,1,1154306.1646276212
132,1,3,1,1,0,1,1,1798127.2841896245
129,4,2,1,1,1,0,2,2801144.0521459673
154,4,3,1,2,1,0,1,1760183.2470735053
144,4,3,1,1,0,1,1,1975570.4746105736
235,1,1,1,2,1,0,1,2381511.7050854745
153,3,3,1,2,0,2,2,6754262.677382269
114,6,4,1,1,0,1,1,1679164.7312645782
256,4,1,1,2,1,0,1,2836532.6689224453
288,1,2,2,2,1,1,2,10117610.417086633
203,2,4,2,2,0,1,2,5657398.793945346
231,1,3,2,2,0,0,2,4102310.4754336453
266,1,1,1,2,0,1,1,3693959.636625096
216,1,3,2,2,1,1,3,11097561.334313447
138,4,1,1,1,2,0,1,2053842.4929659602
75,1,3,1,1,1,0,1,920954.1759734458
135,2,4,1,1,1,0,1,1548301.3593190769
191,4,2,1,2,1,1,1,3188242.3376346575
190,2,4,1,2,2,1,1,4521147.478729738
229,5,4,1,2,1,1,1,3956746.880400357
263,1,2,1,2,2,1,1,5905098.230081738
76,6,1,1,1,1,1,1,1336784.2911810428
222,6,1,1,2,1,2,1,6028816.949685194
52,4,2,1,1,1,1,1,926190.9486012262
256,6,3,1,2,2,0,1,3832282.3687658915
101,4,1,1,1,0,1,1,1426081.990198221
123,1,4,1,1,2,0,1,1941876.8801310365
256,3,2,1,2,0,1,1,3353522.809688913
226,3,4,1,2,2,0,1,3305555.9166332656
58,2,1,1,1,0,1,1,792130.7218793588
216,1,2,1,2,1,1,1,3583499.2915004054
139,6,2,1,1,0,1,1,1878941.9680925305
272,1,1,1,2,1,0,1,2945895.831025565
115,5,1,1,1,1,0,2,2519317.8117052857
245,3,2,1,2,1,0,1,2653374.68988592
262,6,3,2,2,2,2,2,19521656.400093842
91,3,2,1,1,2,0,1,1384186.384049771
183,1,3,1,2,0,2,1,4068593.5686866557
108,6,4,1,1,0,1,1,1540230.548966982
138,2,3,1,1,2,0,1,2074359.4026763525
64,1,3,1,1,0,2,1,1491457.586021597
92,2,1,1,1,1,0,3,3008768.0405617394
190,6,2,2,2,0,1,2,5117779.177587616
183,3,4,1,2,1,0,1,2031071.5497843067
96,5,2,1,1,2,0,3,4164243.77657352
78,4,3,1,1,1,2,1,2182220.3430517563
148,3,3,1,1,0,1,1,1952689.1674595133
220,2,3,1,2,2,1,1,5547203.93781008
81,1,2,1,1,1,2,1,2178725.657560017
225,6,3,1,2,2,0,1,3368563.053877032
262,3,2,1,2,1,0,1,2777317.000697167
161,5,4,1,2,1,1,1,2730648.963977176
172,6,4,1,2,1,0,3,5813930.132481043
202,2,2,2,2,1,1,2,6979236.94171598
254,6,4,1,2,0,1,1,3538628.1598345106
260,6,1,1,2,0,2,1,6006147.8242213335
274,1,3,1,2,2,0,1,4222619.486646586
185,4,3,2,2,0,2,2,8195649.8463347545
278,2,3,1,2,1,1,1,4686327.197528184
115,1,1,1,1,1,2,2,6160385.288854218
48,4,3,1,1,1,1,1,957161.765875644
113,1,2,1,1,0,1,3,4679926.351065949
292,4,3,1,2,1,1,1,4979554.762189649
269,4,2,2,2,1,0,2,5931311.833043659
46,4,4,1,1,1,0,1,613310.5004201314
213,1,2,2,2,0,1,2,5850334.296575666
180,6,2,1,2,1,1,1,3013491.7916274155
207,4,2,1,2,0,0,1,1864448.2557425215
209,6,3,2,2,1,1,2,7124540.776373892
161,2,1,1,2,1,1,3,7751919.553989591
233,5,1,1,2,2,0,1,3457129.0187919755
44,6,2,1,1,1,1,1,802733.8307727643
68,5,3,1,1,1,1,1,1191769.8943115764
204,4,1,1,2,2,0,1,3089339.818666593
175,5,4,1,2,1,0,1,2047022.6079984535
184,5,4,1,2,1,1,1,3276363.816305903
256,4,3,2,2,0,0,2,4679860.746112325
171,6,4,1,2,1,1,1,2882196.8174731624
109,4,4,1,1,2,1,1,2583136.380308978
291,2,4,1,2,1,1,1,4892290.883103317
221,3,1,1,2,2,2,1,7934463.185849619
206,1,4,1,2,0,1,1,2703479.905933295
130,4,2,1,1,1,0,2,2852576.56401106
241,4,2,1,2,1,1,1,4322184.681068837
58,5,4,1,1,0,1,1,867434.9353466136
78,2,2,1,1,0,1,1,1086254.1990647903
165,5,1,1,2,1,2,1,4433261.633987035
212,6,3,1,2,1,2,1,5789484.647579118
180,4,2,1,2,2,1,1,4085173.296499334
281,4,4,1,2,1,1,1,4645999.3455650825
259,5,3,2,2,0,1,2,7004550.473385945
165,4,3,1,2,2,0,1,2471311.008573604
97,6,4,1,1,0,1,1,1429211.263443172
187,3,2,2,2,0,1,2,4732924.561428237
40,1,1,1,1,1,2,1,1126370.046324527
229,1,2,1,2,1,0,1,2581840.8598415153
230,1,2,1,2,1,2,1,6127220.19957586
156,3,1,1,2,2,0,1,2356836.440592029
173,4,3,1,2,2,0,1,2601068.7024833793
97,5,1,1,1,1,1,1,1668193.7368830205
83,2,1,1,1,2,2,2,6227557.470238261
212,4,4,1,2,0,1,1,2923752.5087713273
199,3,4,1,2,1,1,1,3352360.531176563
212,6,2,1,2,1,1,1,3612624.306439715
188,3,4,1,2,2,1,1,4614647.833444101
119,1,1,1,1,1,2,1,3325822.861959912
252,4,1,1,2,1,0,1,2781507.7759938063
242,1,4,2,2,1,1,3,12198217.403099976
291,2,4,1,2,1,1,1,4831567.735074433
268,6,4,1,2,0,1,1,3692970.347986893
203,1,1,1,2,0,2,1,4578783.507824009
266,2,3,1,2,1,2,1,7514554.27459507
186,3,3,1,2,1,0,1,2048112.24306161
59,1,4,1,1,0,0,1,586401.7386913067
86,1,2,1,1,1,0,1,1071481.4858489754
272,5,2,1,2,1,0,1,2892199.9482566756
53,6,3,1,1,1,0,1,656811.5193171424
182,6,4,2,2,2,1,2,8815568.626755944
40,3,1,1,1,0,1,2,1142694.362696454
93,5,2,1,1,1,1,1,1542364.827086414
298,2,2,1,2,1,1,1,5245256.584670066
183,2,1,2,2,1,1,2,6201564.082495459
51,3,1,1,1,2,2,2,3660410.0123765706
263,6,4,2,2,2,1,2,11981988.121440515
195,2,1,2,2,2,0,2,5661108.507672812
47,3,1,1,1,1,1,2,1595746.7404052024
161,2,1,1,2,0,0,2,2865309.219515247
203,4,3,2,2,0,0,3,5521949.178978931
129,1,1,1,1,0,1,1,1777870.7090019686
175,6,2,1,2,1,2,1,4763253.41080276
225,4,4,1,2,0,1,1,2936540.3046447337
217,3,4,1,2,1,2,1,6166927.757973902
67,3,4,1,1,2,2,1,2645237.984965408
259,4,3,1,2,2,0,1,3666813.560330719
80,1,2,1,1,2,0,1,1276755.5679892045
267,1,1,1,2,1,1,1,4470417.719203216
231,5,2,1,2,2,1,1,5225605.814966469
184,2,4,1,2,1,1,1,3220200.2163773854
240,5,1,1,2,1,1,1,3898627.541988797
251,1,4,2,2,1,1,2,8696629.956513004
259,4,4,1,2,1,1,1,4453806.722928422
279,2,4,1,2,0,1,1,3775756.5470992457
85,4,2,1,1,0,1,3,3594013.587694627
74,5,2,1,1,0,0,1,688717.879551467
292,3,4,1,2,1,0,1,3246416.8634506124
121,4,4,1,1,1,1,1,2125479.2077599396
295,5,1,1,2,2,0,1,4417698.44789278
236,5,4,1,2,2,0,1,3771425.3589095594
49,5,4,1,1,2,0,1,909691.050403508
281,3,4,1,2,2,1,1,6718271.048158641
290,3,4,2,2,0,2,2,13171845.745409872
44,3,2,1,1,2,1,2,2168229.466361011
158,2,4,1,2,1,1,1,2743591.1237351852
104,3,3,1,1,2,1,2,5014747.221671069
185,3,4,1,2,1,1,1,3043052.5255189748
263,3,2,2,2,1,1,2,9268838.528148973
278,4,3,2,2,1,2,2,14725329.949594893
216,3,3,1,2,2,2,1,8155213.862305022
102,2,4,1,1,1,0,1,1240603.6101828027
256,5,4,1,2,2,1,1,6001935.168467886
216,4,2,1,2,2,0,1,3286783.395384574
137,1,3,1,1,0,1,1,1913781.5934018386
144,3,3,1,1,2,1,2,6656567.513748604
138,5,2,1,1,2,1,1,3178808.8750586356
45,5,4,1,1,2,1,1,1105224.1092739024
236,4,1,2,2,0,1,3,9179794.04231532
172,1,1,1,2,2,1,2,7995034.09448318
298,6,3,1,2,1,2,1,8285001.320771756
62,2,3,1,1,1,1,2,2089941.4124733526
92,6,4,1,1,2,1,1,2265481.8368224837
204,5,1,1,2,1,2,1,5773722.5137661435
241,6,3,1,2,2,1,1,5772444.92588925
122,5,4,1,1,0,0,3,3324861.3995777667
184,6,1,1,2,2,1,1,4039367.405877177
124,5,2,1,1,2,0,1,1806403.3011106383
117,5,3,1,1,1,1,1,1944231.574028824
40,4,2,1,1,1,0,2,878707.5206906546
90,1,1,1,1,1,2,1,2521285.446377201
212,5,4,1,2,1,1,1,3480109.9301216155
244,2,4,1,2,1,2,1,7127162.061262493
299,2,1,1,2,0,0,1,2612840.698492965
73,3,2,1,1,0,0,2,1366830.0408587423
134,5,4,1,1,1,1,1,2372951.1176181235
111,5,3,1,1,0,2,1,2440959.5435553063
78,5,2,1,1,2,1,1,1905147.158804787
193,6,2,1,2,2,0,1,2991025.3686274504
289,5,3,2,2,1,1,2,9390870.262196515
201,5,1,2,2,1,1,2,6630741.67441385
157,2,4,1,2,1,0,1,1798552.9228724209
298,1,2,2,2,1,0,2,6451122.774397549
93,1,4,1,1,1,1,3,4812634.716025234
275,3,4,2,2,0,0,2,5112351.350654183
261,2,2,1,2,1,1,1,4505198.226495985
290,5,1,1,2,1,0,1,3210026.5268951557
151,1,2,1,2,0,1,1,2223121.265340887
294,4,1,2,2,0,0,2,5196407.142960791
246,4,3,1,2,1,2,1,6974080.900566679
268,4,1,1,2,1,2,1,7126509.314017652
105,5,1,1,1,1,1,2,3758678.3113684095
114,5,2,1,1,1,1,1,1976951.0842815426
142,3,4,1,1,1,1,1,2438854.870078617
231,3,4,2,2,2,0,2,7118636.444409662
291,3,1,1,2,2,0,1,4261575.628838078
265,6,1,1,2,1,0,1,2967942.896044861
137,4,2,1,1,0,0,1,1168617.2255209708
288,5,1,2,2,2,1,2,13012830.63757998
205,4,2,1,2,2,1,1,4437929.196750627
69,3,3,1,1,1,1,1,1250806.1581059229
286,5,1,1,2,1,0,1,3102719.409709135
145,2,3,1,1,2,0,2,4238575.21364858
90,1,1,1,1,0,2,1,2027427.5028489872
120,1,1,1,1,0,2,1,2614848.2191460985
172,3,3,1,2,1,0,2,3918593.1550838705
177,4,3,1,2,0,1,2,4639374.792921536
223,2,2,1,2,1,0,1,2561762.6332453615
108,5,2,1,1,0,0,1,962042.5676698766
73,4,3,1,1,1,1,3,3806201.528367098
92,3,1,1,1,1,1,1,1556261.2273359396
244,4,2,1,2,0,1,1,3255036.0744723477
165,3,1,1,2,1,2,1,4393892.936210047
274,6,4,1,2,2,0,1,4324334.5851601325
82,1,2,1,1,1,1,2,2808619.3055695877
279,1,2,1,2,1,1,1,4740149.0082906755
150,4,2,1,1,2,1,1,3542450.6006562123
288,2,4,1,2,1,1,1,5027795.3036633525
190,5,3,1,2,0,1,1,2605919.178380023
222,3,1,2,2,1,2,2,12021348.638263822
134,5,4,1,1,1,0,1,1544712.4013360261
47,1,3,1,1,0,1,1,714035.319318789
223,2,2,2,2,2,1,2,10366907.530609393
234,2,3,1,2,0,1,1,3075848.0409122254
234,5,3,2,2,2,1,2,10950069.878935212
194,1,3,1,2,1,1,1,3534199.93034991
132,5,1,1,1,2,1,2,5906801.905723723
199,4,3,2,2,0,1,2,5512022.156133398
100,2,3,1,1,2,1,1,2387731.2201079763
161,2,3,1,2,2,0,2,4677796.212773404
90,4,3,1,1,0,0,2,1647366.2215084755
44,1,4,1,1,1,1,1,838712.5637750304
131,2,4,1,1,0,1,1,1833613.7816995236
209,6,3,1,2,1,1,1,3581367.7231280934
61,6,3,1,1,1,0,1,742714.805541897
40,6,3,1,1,0,0,1,412338.79054551857
172,3,2,1,2,1,1,1,2819992.0290886974
272,3,3,1,2,1,2,1,7384067.38672457
51,1,3,1,1,1,1,1,916780.9417196917
85,4,4,1,1,1,1,1,1436978.5395664359
73,5,4,1,1,1,0,1,923659.1627732089
117,1,4,1,1,0,0,2,2237616.423868198
257,5,1,1,2,1,0,1,2721220.449125068
112,1,2,1,1,1,1,1,2022114.3595955782
288,3,3,1,2,0,1,1,3862331.8515463267
86,6,4,1,1,2,0,3,3825192.5133041036
160,4,1,1,2,0,2,1,3324253.0856597996
253,3,3,2,2,2,2,2,18376094.989617527
278,4,3,1,2,2,1,1,6301654.3645484205
95,5,4,1,1,1,0,2,2168171.177990122
146,1,3,1,1,1,1,1,2567952.1415959685
87,2,3,1,1,2,1,2,4009505.027379076
100,2,3,1,1,1,1,1,1869852.861597516
65,4,4,1,1,1,2,1,1899094.86951702
296,6,1,1,2,1,2,1,8340551.58292944
47,6,3,1,1,2,0,1,840360.7647289565
152,4,1,1,2,1,0,1,1664611.847717353
292,3,3,1,2,1,0,1,3207385.692373106
219,2,4,2,2,0,0,3,5884581.760868148
246,3,1,1,2,2,0,1,3685357.450020519
166,5,4,1,2,2,1,1,3731304.0275251283
95,2,2,1,1,1,0,2,2017085.567153116
253,5,3,1,2,0,1,1,3555836.9548848816
53,1,2,1,1,0,1,2,1471992.7971953023
67,3,2,1,1,1,0,1,769461.1545369185
117,4,2,1,1,0,1,1,1603785.8123657072
255,2,3,1,2,1,2,1,6941823.037354529
193,3,4,1,2,1,1,1,3295976.2111746203
53,4,2,1,1,1,1,2,1893028.701368477
226,1,1,1,2,1,2,1,6067903.515582283
46,2,3,1,1,0,1,1,657574.253607314
42,5,4,1,1,1,1,3,2252226.948332546
150,1,4,1,1,0,1,1,2142966.709411847
277,6,2,2,2,1,1,2,9432277.21702079
278,4,3,1,2,2,1,1,6399813.836373475
266,2,2,2,2,2,0,2,8050132.919235826
54,2,1,1,1,1,2,2,2950073.85046971
231,1,4,1,2,2,2,1,8574916.31082289
158,2,4,1,2,2,1,1,3907913.209551269
67,4,3,1,1,1,1,3,3186692.5081936684
241,1,4,1,2,1,0,1,2764723.307001523
78,5,3,1,1,0,1,2,2160455.51281312
270,1,2,2,2,1,1,2,8962701.29875586
125,1,1,1,1,1,1,1,2143911.743102655
165,5,3,1,2,2,2,1,5967852.753102801
64,6,2,1,1,1,1,2,2234358.009166774
184,4,1,1,2,1,1,1,3169963.8874027254
52,6,4,1,1,2,0,1,925573.7452380669
251,6,1,1,2,2,1,1,5637195.028979321
64,6,1,1,1,2,0,1,1003479.390768533
107,3,1,1,1,1,1,1,1842977.9043096567
106,6,4,1,1,2,2,1,4191295.076493079
272,3,3,1,2,1,0,1,3182339.7782560447
148,5,3,1,1,1,1,1,2509330.043709963
185,4,1,1,2,1,1,1,3126285.324331547
150,6,2,1,1,1,1,1,2622943.2396434494
267,2,2,1,2,1,1,1,4391278.991077823
150,5,1,1,1,1,0,2,3271816.6905762716
73,3,1,1,1,1,0,3,2340182.2640652275
150,4,2,1,1,1,1,1,2589560.424938442
275,1,1,1,2,0,0,1,2376113.2016010126
122,4,1,1,1,1,0,1,1383593.8560583028
81,4,3,1,1,1,1,1,1506798.9822977332
140,6,3,1,1,2,0,1,2140077.288802764
45,6,1,1,1,2,1,2,2142414.8851047144
219,3,1,2,2,0,0,2,3876123.6398403696
265,3,4,2,2,1,1,2,9208550.157870842
268,6,3,2,2,0,2,2,12550922.246527469
189,6,1,1,2,2,0,1,2839105.4045002973
237,2,4,2,2,0,2,2,10269379.790294075
109,2,4,1,1,2,0,1,1646270.418432959
151,5,4,1,2,1,1,2,4933830.635968425
43,6,4,1,1,1,0,1,570000.2613231548
134,1,3,1,1,2,0,1,2136232.9391490794
191,2,4,2,2,1,1,2,6537417.543121912
176,3,3,1,2,2,1,1,4030551.097986775
286,4,4,1,2,1,1,1,5094761.876458603
282,5,4,1,2,0,1,1,3893048.3595740576
70,2,2,1,1,0,1,1,1017236.2194165776
79,4,3,1,1,2,1,2,3723826.6451984327
268,4,2,2,2,2,0,2,7826533.3683513645
75,2,2,1,1,0,0,1,695584.7895259563
262,1,4,1,2,1,1,1,4479802.752370567
45,1,3,1,1,2,1,1,1058103.2716387475
259,5,1,1,2,0,1,1,3400864.193232114
114,1,4,1,1,2,1,1,2544890.05604672
43,5,3,1,1,1,0,1,537249.0386668518
173,3,2,1,2,1,1,1,2890527.5231498973
157,2,3,1,2,1,1,1,2760828.437614968
133,4,4,1,1,1,2,1,3699452.212748475
101,5,3,1,1,0,1,1,1328730.541859203
233,1,2,1,2,1,1,1,4063950.8973360085
242,5,3,1,2,1,1,1,4203642.824020447
65,6,3,1,1,1,0,3,2152917.0206524893
212,5,2,2,2,2,1,2,9540205.473664137
172,1,4,1,2,0,1,1,2469524.5331072183
157,6,1,1,2,0,0,1,1428888.9161346385
251,6,2,2,2,0,1,3,9784412.482556524
264,1,2,1,2,1,1,1,4563550.989981996
59,6,4,1,1,1,0,1,766996.5594375124
152,2,4,1,2,2,0,2,4383170.314174632
179,4,3,1,2,2,0,1,2740000.6193661015
86,2,2,1,1,1,0,1,979367.0870493308
40,2,3,1,1,1,1,1,747528.457101342
129,1,3,1,1,2,1,1,2780419.5750462734
181,1,4,1,2,0,1,1,2572472.262250665
77,4,4,1,1,2,2,1,2940580.7974088863
178,5,3,1,2,0,0,1,1570852.2400805713
298,2,2,1,2,1,0,1,3236169.249772508
200,6,2,1,2,0,1,1,2853926.328696148
217,4,3,1,2,1,1,1,3748377.0320615293
49,2,1,1,1,2,1,1,1109582.6384647486
177,5,1,1,2,2,0,2,5315652.603908604
211,6,4,2,2,2,0,2,6430312.067266013
52,2,2,1,1,1,1,2,1837543.2440330405
207,3,3,1,2,1,0,1,2392311.207237449
169,4,3,1,2,2,2,1,6105434.299297923
123,1,2,1,1,0,1,1,1697208.2603980196
140,2,4,1,1,1,2,2,7347287.437342851
77,6,4,1,1,1,1,1,1346623.3718774288
133,6,1,1,1,1,1,1,2107890.152689282
134,4,2,1,1,1,0,2,3142217.072552125
108,4,2,1,1,1,1,1,1899169.8440202153
275,6,3,2,2,0,0,2,4498797.480960155
176,6,2,1,2,1,0,1,1914479.1020585466
115,6,1,1,1,2,2,1,4215252.696750613
74,2,2,1,1,2,1,1,1819476.7406437604
40,6,3,1,1,1,0,2,942045.3868493349
99,1,1,1,1,2,0,1,1497981.4163359888
268,6,3,2,2,1,1,2,8979645.692263052
252,1,2,2,2,1,1,2,8191159.704768489
204,2,4,1,2,1,0,1,2308925.6279750685
44,4,2,1,1,1,1,1,853684.1997937215
117,1,2,1,1,2,0,2,3428892.906192287
101,2,3,1,1,1,0,1,1161925.4878583082
171,6,4,1,2,2,1,1,4114043.5600674283
128,2,2,1,1,1,1,1,2220114.162185319
276,6,1,1,2,0,1,1,3800766.471234561
81,2,1,1,1,2,2,1,2990159.815636376
128,4,3,1,1,0,1,1,1833265.4354627768
143,1,3,1,1,0,2,2,6365770.64578914
53,4,4,1,1,2,1,1,1346403.8654251378
218,3,3,1,2,1,0,1,2431701.0508655156
164,6,4,1,2,1,2,1,4699570.464703109
62,1,2,1,1,1,1,1,1129664.8641993431
102,4,1,1,1,1,2,1,2873175.886244019
182,1,1,1,2,1,1,1,2991127.7034501676
192,3,1,2,2,1,1,2,6237928.547938847
184,5,3,1,2,1,2,1,5265996.376991537
264,6,3,1,2,0,1,1,3659187.179288298
143,6,2,1,1,1,0,2,3014478.0959586403
143,2,3,1,1,2,0,1,2256448.536983393
78,6,4,1,1,2,0,2,2446622.998351637
237,6,1,2,2,2,0,2,7029025.910420579
173,4,2,1,2,0,1,1,2374049.054651111
106,6,4,1,1,0,1,1,1554584.0356657235
218,6,4,1,2,2,1,1,5138167.845850191
81,3,3,1,1,1,0,2,1834647.2608638364
54,3,3,1,1,2,1,1,1330232.1102401277
150,1,1,1,1,1,0,1,1635801.0461264101
196,1,2,1,2,2,2,1,6808913.272751131
270,6,4,1,2,1,1,1,4433996.549966205
196,6,3,1,2,2,0,1,3083587.8331076456
77,2,3,1,1,1,0,1,946092.4691930554
136,1,2,1,1,1,1,2,4534678.119735351
293,4,2,1,2,1,2,1,8316188.42359504
235,6,3,2,2,1,1,2,7852270.47791153
125,4,3,1,1,0,0,1,1189009.6246654822
49,6,1,1,1,0,1,1,713941.2982549992
44,4,2,1,1,1,0,1,555107.8202353857
162,5,4,1,2,1,1,2,5609286.894188553
157,4,3,1,2,1,1,1,2656616.140159694
198,1,3,1,2,1,0,1,2155145.1710185334
267,6,3,1,2,1,2,1,7287876.286757282
255,1,3,2,2,2,0,2,7057944.149612594
223,4,1,1,2,1,1,1,3740409.916314279
54,3,2,1,1,1,1,1,942243.0620635214
196,3,3,1,2,1,1,1,3566871.5893437257
175,3,2,1,2,2,1,1,4048381.1275957217
196,6,4,1,2,0,2,1,4247351.275420904
86,2,4,1,1,2,0,1,1379308.1236950632
212,5,4,2,2,0,1,2,5787572.5706147095
169,4,4,1,2,1,0,1,1996905.090931788
134,2,2,1,1,1,0,2,2876787.3983416986
154,3,4,1,2,1,0,2,3531711.3278411296
282,4,4,2,2,0,1,2,7687918.7111369055
108,2,3,1,1,1,1,1,1889465.8057531405
187,1,3,1,2,1,2,1,5211373.847164094
50,3,3,1,1,1,1,1,954062.9887963765
293,2,1,2,2,0,1,2,8312510.200282421
77,6,3,1,1,2,1,1,1858483.78103019
173,1,4,1,2,1,0,1,1961229.0799657463
239,3,2,2,2,2,1,2,10510053.13328009
62,5,4,1,1,1,2,2,3497690.1297454527
257,3,2,1,2,1,1,1,4433953.663465342
180,6,4,1,2,1,1,2,6036197.937335192
143,5,1,1,1,0,0,1,1302625.1468930165
249,5,3,1,2,1,2,1,6794595.989869479
150,5,4,1,1,1,0,1,1763110.2259368687
143,4,3,1,1,1,0,1,1721282.0849395236
210,4,1,1,2,1,0,1,2297654.2436543317
172,5,1,1,2,1,1,2,5834107.458743226
166,1,3,1,2,2,1,2,8054479.985697729
145,5,3,1,1,2,2,1,5049076.204584888
131,2,2,1,1,2,1,1,3040982.768010638
90,5,3,1,1,2,1,1,2218442.6148871672
68,4,3,1,1,1,1,2,2362951.922952332
253,4,2,1,2,0,1,1,3283458.657345796
296,2,4,1,2,0,1,1,4034702.229482885
140,2,2,1,1,0,0,1,1268073.8167406654
149,3,4,1,1,2,0,1,2311778.6759219267
221,1,4,1,2,0,1,1,3039646.742782457
40,1,4,1,1,0,0,2,778310.2683325034
94,1,2,1,1,0,1,1,1183347.522141125
188,6,2,1,2,2,1,1,4154264.904623524
176,4,1,1,2,1,1,1,3152909.54644814
241,1,4,1,2,2,0,1,3654863.5662279194
156,3,2,1,2,2,1,1,3607526.8946718527
193,3,1,2,2,1,0,2,4156910.5680547124
102,1,4,1,1,2,0,1,1658976.3312590874
283,2,2,2,2,1,1,2,9001279.221888708
64,3,2,1,1,0,0,1,596824.0562925019
129,2,2,1,1,1,0,1,1465601.4969518108
114,4,3,1,1,0,1,1,1611207.6944496399
249,6,1,1,2,1,0,1,2678225.337682185
56,3,2,1,1,0,1,1,825634.4508479598
167,2,3,1,2,0,1,2,4393956.8112905165
290,1,1,2,2,0,0,3,7508532.067987782
218,4,1,1,2,0,0,1,1834721.1080600135
221,5,3,1,2,0,1,1,3070839.8067079163
191,5,1,2,2,2,2,2,13525763.196559582
64,1,3,1,1,1,0,1,755075.3284693569
219,4,4,1,2,1,0,1,2384097.968461417
237,4,2,1,2,1,1,1,4074882.2830927614
200,4,3,1,2,0,1,1,2795043.9352730475
216,4,1,1,2,2,2,1,8335707.434259406
102,5,1,1,1,1,1,2,3285324.9622924784
189,2,4,2,2,2,0,3,8054478.864315985
193,4,4,1,2,1,0,1,2113459.456328491
195,2,4,2,2,1,1,3,9683631.052555189
88,4,4,1,1,1,1,1,1613765.1462411825
123,3,4,1,1,0,1,1,1705202.2503100857
216,6,2,2,2,1,0,3,7074320.074147481
187,3,3,1,2,0,0,1,1669088.7241069924
157,6,4,1,2,1,0,2,3393505.432572185
102,3,4,1,1,0,1,1,1391144.9186332976
228,4,2,1,2,0,2,1,5025616.195991432
88,2,3,1,1,1,1,2,3074736.1444833186
296,6,4,1,2,2,0,1,4501421.807542313
263,5,3,1,2,2,0,1,4075438.731566488
180,1,3,1,2,1,1,1,3161848.568544464
254,6,2,1,2,2,1,1,5853687.085811418
250,6,2,2,2,0,0,2,4479966.310581798
71,5,4,1,1,1,1,1,1331987.500236723
197,4,1,2,2,1,2,2,10281673.223214315
183,3,2,2,2,1,1,2,6249371.626068648
58,3,3,1,1,2,1,1,1457867.834059003
57,2,3,1,1,2,1,1,1370280.1768508377
296,4,4,1,2,1,1,1,4852121.029200972
117,5,4,1,1,0,2,1,2421725.4392555524
214,4,4,1,2,1,1,1,3650376.1504782704
233,4,3,2,2,0,2,2,9571965.59154488
152,3,2,1,2,0,1,2,4209641.9357388
153,5,1,1,2,0,1,1,2121600.729138806
261,1,2,1,2,1,1,1,4427797.817226992
205,6,1,1,2,1,1,1,3337146.0252447533
171,3,2,1,2,0,0,2,2782200.6214146675
94,5,4,1,1,0,0,1,872081.9036594611
170,2,3,1,2,0,1,1,2263762.813464754
201,6,1,1,2,0,0,1,1756876.3391636228
126,6,2,1,1,1,1,1,2133283.9347888753
94,3,3,1,1,1,1,1,1638746.200598258
217,2,1,1,2,1,1,1,3618976.5799402236
47,3,1,1,1,2,1,1,1137570.1307889232
286,4,3,1,2,0,0,1,2457277.9518764196
294,5,4,1,2,1,0,1,3402054.87342686
93,2,3,1,1,2,1,1,2298580.281487988
288,6,4,2,2,1,1,2,9982728.621625595
278,3,2,1,2,0,0,1,2394950.2119424376
268,6,2,1,2,0,1,1,3712663.9487149874
106,2,3,1,1,1,1,1,1898241.5753049015
90,6,4,1,1,1,1,1,1678688.7237230435
136,3,2,1,1,2,2,1,4743985.189165174
131,3,4,1,1,2,0,1,2063145.0243895354
135,1,4,1,1,2,1,1,3043817.3658613074
127,6,4,1,1,0,1,2,3601906.3108087555
117,1,3,1,1,0,2,1,2618602.632511778
159,1,4,1,2,0,1,1,2235802.9707218404
204,6,3,1,2,2,2,1,7548247.395466284
221,2,2,2,2,0,2,2,9489401.455756038
262,4,2,1,2,2,1,1,6019127.58411011
46,3,1,1,1,1,1,3,2288637.0636322526
200,5,1,1,2,2,1,1,4655508.794030581
190,1,2,1,2,0,1,1,2515990.662285411
124,2,4,1,1,0,1,1,1541490.2332850096
186,6,4,1,2,2,2,1,6898878.099495044
151,2,2,1,2,1,1,1,2588437.8979669237
75,2,2,1,1,1,1,2,2581566.9972769404
227,6,1,2,2,1,1,2,7738592.674427301
121,5,4,1,1,1,0,1,1393334.9361687687
41,6,2,1,1,2,2,1,1550044.4476884094
236,5,1,1,2,0,1,1,3206307.278988694
50,6,1,1,1,1,0,1,610540.5439533321
273,1,4,1,2,2,1,1,6265154.625015938
234,5,1,2,2,1,0,2,5053244.7470728755
158,1,1,1,2,1,1,2,5209640.277983815
59,5,3,1,1,1,0,1,712366.3295863423
295,5,2,1,2,1,1,1,4584305.535439232
261,6,4,1,2,2,1,1,6218524.533875899
265,5,2,1,2,0,2,1,6120553.466374646
92,1,3,1,1,0,1,2,2603564.8166376124
120,6,4,1,1,0,1,1,1724607.6954680004
241,3,2,2,2,1,1,2,8161082.401502113
197,1,1,1,2,1,0,1,2186609.311241112
159,3,4,1,2,1,1,1,2784477.3246167176
98,2,3,1,1,1,2,1,2897663.0567401997
254,6,1,2,2,1,2,2,14190589.909005877
167,2,3,1,2,1,1,1,3111207.44849339
263,6,1,1,2,1,2,1,6947746.902729498
248,6,2,1,2,1,1,1,4113472.8949657767
154,1,2,1,2,1,1,1,2637730.9679549574
248,3,2,2,2,1,0,2,5300182.664772147
53,6,3,1,1,2,0,1,854694.8790251588
48,3,4,1,1,2,0,1,802861.2460422392
79,6,2,1,1,1,1,1,1321602.54908481
276,3,3,1,2,0,0,1,2559516.847785074
240,2,1,1,2,1,1,1,3844738.1823199484
285,1,2,1,2,1,0,1,3181306.816682119
274,6,1,1,2,1,2,1,7195650.440887934
43,4,2,1,1,0,1,1,629101.6279503655
193,3,1,2,2,1,1,2,6406237.821132471
68,3,3,1,1,2,2,1,2577702.546626393
148,4,2,1,1,1,0,2,3355998.1455384255
137,1,3,1,1,1,1,1,2260214.432263336
254,3,3,2,2,1,1,2,8555424.219017364
114,1,1,1,1,1,1,1,1956487.795840767
185,3,2,1,2,1,1,1,3021771.3243569112
167,5,4,1,2,1,1,2,5657401.357082206
81,3,4,1,1,1,0,1,997136.4572889503
80,5,3,1,1,0,0,1,764613.9326392866
73,6,1,1,1,1,1,1,1216945.173295724
56,1,1,1,1,1,1,1,988022.0209484886
204,3,1,2,2,1,1,2,6680359.8820675
192,2,2,2,2,1,1,2,6798568.238551335
115,2,2,1,1,1,1,2,3773544.047804946
126,4,1,1,1,1,0,2,2807815.6089083944
156,2,4,1,2,0,2,1,3572097.4679303435
66,5,4,1,1,2,0,2,2126266.446811068
173,2,2,1,2,1,1,1,2912346.458776177
258,2,1,2,2,0,0,2,4546031.433290686
207,2,4,1,2,1,1,1,3691285.4702927726
137,3,4,1,1,0,0,1,1284913.1484107191
276,4,2,1,2,2,1,1,6238087.900887606
212,1,2,1,2,2,2,1,7463422.966086337
229,4,4,1,2,2,2,1,8498557.950142276
161,5,1,1,2,1,0,1,1847772.3869266242
85,3,4,1,1,2,1,1,1954939.9023736145
103,6,4,1,1,1,1,2,3467431.9730626447
169,3,1,1,2,1,1,2,5582785.593052978
232,2,2,1,2,1,1,1,3824717.6817205916
220,2,1,1,2,2,1,1,4986797.004396483
68,5,1,1,1,0,0,1,642924.7871160031
188,6,1,1,2,1,1,1,3248964.923283995
50,3,1,1,1,0,0,1,467152.0454951493
203,6,2,1,2,1,0,1,2230666.3309262586
152,1,4,1,2,1,1,1,2575217.4735587607
226,4,3,1,2,0,1,1,3260808.7147062253
271,3,2,2,2,1,1,2,8822720.18981527
266,6,1,2,2,1,0,3,8950273.054426067
137,1,4,1,1,2,1,1,3441525.228243274
94,1,4,1,1,1,0,1,1132523.885411322
150,4,1,1,1,1,1,1,2627957.925611022
191,1,2,1,2,2,0,1,2889547.700351106
285,5,1,1,2,1,1,1,4945084.457854025
108,1,4,1,1,2,0,1,1737907.0519514738
289,6,4,2,2,0,0,2,4761201.500048861
75,5,2,1,1,1,0,2,1707856.999603367
278,1,3,1,2,1,0,1,2988371.313366274
187,2,1,1,2,0,1,1,2530595.7272363743
266,1,3,1,2,1,0,1,3095020.9537330084
283,5,4,1,2,1,0,1,3225257.7207299722
240,1,3,1,2,1,0,1,2678223.3585825395
193,1,1,1,2,0,1,1,2602083.032202644
112,1,1,1,1,0,1,2,3031844.0888230046
240,5,4,1,2,0,1,1,3193237.043781612
56,1,2,1,1,1,1,1,1040738.9840256459
168,4,2,1,2,2,2,1,6167241.89264017
256,6,4,1,2,2,2,1,9380999.10710621
100,4,1,1,1,1,1,1,1796642.178575412
143,5,2,1,1,1,1,1,2563424.9758553347
81,2,3,1,1,2,2,2,6048239.677800351
64,4,4,1,1,0,0,1,653871.1493978614
78,6,3,1,1,2,0,1,1229615.2357268352
170,3,1,1,2,1,0,1,1928418.469997582
268,6,2,1,2,1,1,1,4592153.061057503
147,4,1,1,1,1,1,2,4733706.533241737
211,3,3,2,2,1,2,2,11479783.613751424
141,5,1,1,1,2,1,1,3132086.7509781555
51,6,1,1,1,2,0,1,829795.5397818857
140,2,4,1,1,0,0,1,1231836.3759757383
83,3,4,1,1,1,1,1,1424159.4072642159
56,3,1,1,1,2,1,1,1375830.5496109498
96,6,4,1,1,2,0,2,2852678.876259129
51,4,1,1,1,1,1,1,937223.7296551642
119,3,3,1,1,0,2,1,2570365.939504999
255,5,4,1,2,2,1,1,5735789.700451982
188,6,1,1,2,1,1,1,3080267.2488397113
120,5,4,1,1,0,1,2,3244670.1586170704
254,6,1,2,2,1,2,2,13359750.989400983
237,5,4,1,2,0,1,1,3163254.133436251
239,4,2,1,2,1,0,1,2698321.748342618
64,6,1,1,1,1,0,1,741148.5154823121
128,2,2,1,1,1,1,1,2164055.3638944854
182,4,1,1,2,2,1,1,4061064.9947302514
98,5,2,1,1,1,0,3,3189933.9791216366
65,6,1,1,1,2,1,2,2972518.3139647227
86,4,4,1,1,1,2,1,2380025.1507959473
55,5,2,1,1,1,1,3,2786164.099577748
238,1,4,1,2,1,0,1,2644905.974591145
125,1,1,1,1,0,0,2,2253478.899496993
289,3,4,1,2,1,0,1,3331641.259306375
156,2,1,1,2,2,2,2,10858259.493342556
46,1,4,1,1,0,0,1,493866.70504564536
176,5,2,1,2,0,0,2,2993706.276149152
215,4,1,1,2,0,1,1,2918990.4642066914
254,6,4,2,2,2,1,2,11490594.104986813
121,4,1,1,1,1,0,1,1392635.7375741221
262,3,1,1,2,1,0,1,2859046.0324374405
142,4,1,1,1,0,0,2,2504005.0642571314
53,1,3,1,1,1,1,2,1866969.3513550437
198,4,1,2,2,2,0,2,5711024.754441813
191,1,4,1,2,1,1,1,3248745.770851318
147,1,3,1,1,1,0,1,1662673.225039575
227,2,4,1,2,1,0,1,2477094.4953537867
137,3,3,1,1,1,0,1,1586168.2412710113
170,5,1,1,2,0,1,2,4910673.002904224
210,1,2,1,2,1,1,1,3610963.1920338795
222,6,2,1,2,2,0,1,3275731.4711999027
78,3,1,1,1,0,0,1,716200.4857675434
54,5,3,1,1,1,1,2,1915684.6158075926
43,6,4,1,1,1,1,2,1451153.0102835314
249,4,2,1,2,2,0,1,3966770.5845710333
200,3,1,2,2,0,2,2,8962025.971032444
55,6,1,1,1,1,1,1,975695.688341765
147,3,3,1,1,1,0,1,1700512.1729563978
266,3,2,2,2,0,1,2,7018119.122203848
209,4,1,1,2,2,1,1,4692242.088718968
73,4,2,1,1,2,1,1,1734865.4453038538
290,3,4,2,2,0,1,2,7914793.740912508
286,6,1,1,2,1,1,1,4931757.138842077
180,2,1,1,2,1,1,1,2912624.7280834047
135,1,4,1,1,0,1,1,1946197.8008512203
266,4,1,2,2,2,1,2,11876422.112466041
78,2,3,1,1,0,1,1,1072678.0353091438
68,4,4,1,1,1,0,1,823108.143230391
284,3,3,2,2,1,1,2,9450062.491428388
275,2,4,1,2,0,1,1,3741715.529085227
224,6,4,1,2,1,1,1,3872605.5357897473
275,6,3,1,2,0,1,1,3760371.23618728
278,5,4,1,2,1,1,1,4644226.517736101
104,1,2,1,1,1,1,1,1796292.4704393207
216,1,3,1,2,1,1,1,3581720.5147763924
42,4,4,1,1,1,1,1,815278.9135651713
181,1,3,1,2,0,2,1,4248936.498939969
197,5,4,1,2,0,1,1,2686700.020181945
185,6,4,2,2,1,2,3,14003130.998363825
192,2,2,2,2,0,1,2,5303191.226031316
232,2,2,1,2,1,1,1,3934967.469943972
112,6,2,1,1,2,0,3,4941283.916974003
179,3,4,1,2,2,1,2,8189791.000918906
226,6,2,2,2,1,1,3,11310771.47866891
100,2,3,1,1,1,1,1,1759751.4558207619
237,4,4,1,2,1,1,1,4143881.071764237
50,5,3,1,1,0,1,2,1440669.089838794
101,6,2,1,1,1,1,1,1739593.0188463917
265,3,4,1,2,2,1,1,6269939.160217301
192,4,3,2,2,1,1,2,6540630.497278977
238,6,1,2,2,1,1,3,11590008.34797329
91,4,3,1,1,0,1,1,1189373.2668471695
299,6,4,2,2,1,1,3,15324512.473003196
98,4,1,1,1,1,0,1,1084394.7736058952
111,1,2,1,1,1,0,1,1278487.7325426408
187,4,2,1,2,1,0,1,2109194.1208604756
102,1,3,1,1,1,0,2,2154950.2572957934
282,2,2,2,2,0,0,2,4965316.440980277
146,1,3,1,1,1,1,1,2520726.767095768
265,4,3,2,2,2,1,3,18443808.57820273
257,5,3,1,2,2,1,1,5838017.467042504
280,5,3,2,2,2,1,3,19606902.71679468
298,2,4,1,2,1,1,1,5178631.946792581
44,4,4,1,1,1,1,1,852991.0210031938
93,1,1,1,1,1,0,1,1041873.1157696731
86,5,1,1,1,1,2,1,2454978.1115993983
254,6,2,1,2,1,1,1,4121163.483425877
216,3,4,1,2,1,0,1,2387010.358008457
48,4,1,1,1,2,0,1,794500.7995485247
138,6,4,1,1,0,1,2,3698222.0286546955
59,6,4,1,1,0,0,1,575222.7814824787
280,4,2,2,2,2,1,2,12025297.800537165
100,3,2,1,1,2,1,1,2240921.1330603105
217,5,3,1,2,1,1,1,3758921.665125542
101,3,4,1,1,2,2,2,7505555.494327723
184,2,3,1,2,1,0,1,2012035.6802186412
255,1,3,1,2,2,1,1,5972780.497266111
42,1,3,1,1,0,1,3,1701524.2731395848
199,6,4,1,2,1,0,1,2138169.2612590166
266,5,4,1,2,0,0,1,2390381.9090268537
159,3,3,1,2,0,1,1,2340174.6541102906
128,6,4,1,1,0,0,1,1239991.7198671876
107,4,3,1,1,1,0,1,1283927.9430838856
137,6,1,1,1,2,1,1,3269823.350312885
144,4,4,1,1,1,1,1,2475541.4995825877
162,4,2,1,2,2,1,1,3639866.1420686767
68,2,2,1,1,0,2,1,1539393.7240067762
176,2,3,1,2,1,0,1,1983460.1015262497
234,4,1,1,2,1,1,1,3905484.2627106286
265,5,4,1,2,1,0,1,2845409.5070168795
209,2,3,1,2,1,0,1,2284796.5592472292
48,2,1,1,1,0,2,2,2128805.627397968
79,1,1,1,1,0,1,2,2256489.8234771164
64,6,4,1,1,1,1,2,2272330.1823878847
265,1,2,1,2,2,1,1,6202239.196967139
163,5,2,1,2,1,0,1,1837957.4974001728
77,2,1,1,1,1,2,2,4187537.0332505526
290,2,2,1,2,1,2,1,7693550.791012951
215,3,1,1,2,1,0,1,2296372.4898818224
129,5,1,1,1,1,0,1,1452456.1614194687
76,6,1,1,1,1,1,2,2608744.7274767314
215,6,2,2,2,0,2,2,9372175.476425398
120,6,3,1,1,1,0,1,1454354.4998400768
153,5,2,1,2,2,2,1,5487552.1709874
79,3,3,1,1,0,1,1,1189715.2936856875
263,3,2,1,2,0,2,1,5734481.064485389
154,1,4,1,2,0,1,2,4046136.345246049
225,5,4,2,2,0,0,2,4022131.4071866013
95,5,2,1,1,0,2,1,2055135.2770290107
79,3,4,1,1,1,2,1,2158246.899985992
79,4,4,1,1,0,1,2,2217149.919784703
276,4,4,1,2,1,0,1,2906651.5980860284
255,1,4,1,2,1,0,1,2827532.6714796135
186,4,3,1,2,2,1,1,4350690.251992095
207,4,1,1,2,1,1,1,3661923.236245809
131,4,3,1,1,2,1,1,3035770.4903083704
98,2,1,1,1,1,2,1,2653903.086721031
98,1,1,1,1,1,1,1,1719728.6063585954
208,3,2,1,2,2,1,1,4555412.633188673
84,4,2,1,1,1,1,1,1498992.7097053414
220,6,2,1,2,0,2,1,4832042.266280927
209,2,2,2,2,1,0,2,4630076.933210793
230,4,2,2,2,1,1,3,11884790.109085206
194,2,3,1,2,1,2,1,5231767.461675956
227,1,3,1,2,2,0,1,3306137.5447814264
46,6,4,1,1,2,1,2,2217670.099142699
172,6,3,1,2,2,2,1,6396723.347883778
274,6,3,1,2,1,1,1,4735720.078373141
84,4,2,1,1,1,0,2,1781306.231964968
288,2,4,2,2,0,2,2,12268295.40873719
70,6,3,1,1,1,1,1,1218947.6559458575
62,5,3,1,1,1,0,1,750110.4189959601
199,5,4,1,2,1,0,1,2150700.165921428
197,2,1,1,2,1,1,1,3463596.5075990194
78,4,2,1,1,1,2,1,2156687.512101321
121,4,3,1,1,1,0,1,1353137.6432529292
297,1,3,1,2,0,0,1,2553135.392916763
245,1,4,1,2,1,1,1,4003565.8740647975
116,6,3,1,1,2,1,2,5278037.797956325
51,3,2,1,1,1,0,3,1747824.9793837317
263,1,3,1,2,1,1,1,4730116.13766487
52,4,1,1,1,0,0,1,496860.8435384152
85,3,2,1,1,1,1,1,1446295.5791827035
194,1,1,1,2,2,0,1,2783973.25152123
152,2,4,1,2,1,1,3,7340051.796289441
272,5,2,1,2,1,1,1,4480294.240833968
56,1,3,1,1,1,2,1,1707367.4058740493
262,1,2,1,2,1,0,1,2886210.7440381157
227,2,2,2,2,1,2,2,12570974.475721426
202,4,2,1,2,0,2,1,4399401.221188426
113,6,1,1,1,2,0,3,5013542.748935403
272,2,4,1,2,2,0,1,4393130.249215829
263,6,2,2,2,0,1,2,7018704.54352679
99,1,3,1,1,2,1,1,2304916.948617296
261,4,2,1,2,1,0,1,2988724.284372288
76,3,2,1,1,1,0,2,1705716.1654871416
235,1,4,1,2,1,1,1,3889777.8459357666
281,2,3,2,2,1,0,3,8665026.720353605
258,3,3,2,2,0,1,2,6864058.523302245
231,5,1,1,2,0,2,1,4948790.316215675
56,3,3,1,1,1,2,2,3144927.2040656214
51,2,3,1,1,1,2,2,2832291.938119208
232,3,3,1,2,1,0,1,2610823.3273257418
61,2,2,1,1,0,0,2,1125573.6028669598
159,1,1,1,2,0,2,1,3299964.650807489
249,4,3,2,2,2,1,2,11024876.759923806
231,5,3,2,2,0,0,2,4076615.5027559027
214,4,3,1,2,1,1,1,3693523.93085217
243,4,2,1,2,1,0,1,2646607.5478160633
203,4,2,1,2,0,2,1,4585094.607153419
290,2,1,2,2,1,0,2,6267937.722851773
266,2,4,1,2,0,1,1,3917042.0612853398
46,5,1,1,1,2,1,1,1091348.084288133
68,2,2,1,1,0,0,1,640247.2883485162
72,6,3,1,1,2,1,1,1819577.205350486
173,2,3,1,2,1,0,2,3915552.8318043635
118,2,1,1,1,1,1,3,5887196.741085955
97,2,3,1,1,1,0,1,1124587.1639722
65,1,2,1,1,0,2,1,1461478.4332285284
265,5,1,1,2,2,1,1,6208411.794554107
43,6,4,1,1,1,1,2,1502986.3626036553
138,2,2,1,1,0,1,1,1781054.5482256291
78,5,2,1,1,1,1,2,2659184.561787596
196,3,3,1,2,0,1,1,2606589.249281466
114,1,2,1,1,0,0,1,1000319.6481528117
169,2,2,1,2,1,2,1,4395510.978326864
214,6,4,1,2,1,0,1,2398722.2663757056
123,1,3,1,1,1,0,1,1460376.931364125
61,6,2,1,1,1,0,1,763770.1714055234
66,1,3,1,1,1,0,3,2174220.5413111313
234,3,2,1,2,1,1,1,3853785.8848784626
275,5,4,1,2,1,1,1,4710848.673462754
131,1,3,1,1,2,2,1,4875237.214335137
60,4,3,1,1,2,0,1,976795.409910535
123,3,4,1,1,2,1,2,5738455.537753418
186,4,1,2,2,0,0,3,4910248.817809741
296,3,2,2,2,0,1,3,11879196.376514915
97,4,2,1,1,1,1,2,3383219.1014294885
54,4,1,1,1,2,0,1,831511.127064612
201,6,3,1,2,0,2,1,4680749.123385437
202,1,3,1,2,1,2,1,5315570.080008204
51,1,4,1,1,1,0,1,663381.0216373807
247,3,4,1,2,1,1,1,4225924.705723129
66,5,4,1,1,2,1,3,4573267.60905351
111,6,1,1,1,1,1,2,3669598.2127161883
99,1,1,1,1,2,1,1,2298250.53412927
184,1,3,2,2,2,1,2,8113706.123718659
132,6,4,1,1,2,0,1,2056805.740687108
47,2,3,1,1,0,1,2,1344584.9757841176
118,6,1,1,1,2,1,1,2757703.295767177
66,1,2,1,1,1,2,1,1902399.0237565988
213,5,3,2,2,0,1,3,8661204.938223148
89,2,1,1,1,2,2,1,3376190.5895084175
238,4,4,2,2,1,1,2,8045695.742562867
220,6,2,2,2,1,2,2,12016854.796479855
63,4,2,1,1,0,1,2,1676241.1354299125
85,2,2,1,1,2,1,1,2085733.067432517
54,2,4,1,1,0,0,1,541464.935138179
192,2,2,1,2,1,0,1,2132364.7585093486
261,3,1,1,2,2,0,1,3885889.1939122933
245,6,3,2,2,2,2,2,17357853.67286396
275,5,2,1,2,1,1,1,4693474.392464397
267,5,2,2,2,2,2,3,29163329.716900587
48,4,1,1,1,1,0,1,537499.3924098981
205,4,4,2,2,0,0,2,3679121.42661816
253,4,2,1,2,0,1,1,3218174.463770174
156,6,1,1,2,1,0,1,1725649.997721115
111,1,1,1,1,2,1,1,2502312.2675890424
103,4,4,1,1,1,2,1,2702892.757058185
244,2,4,1,2,1,1,1,4104074.2407401293
248,4,3,1,2,1,1,1,3986098.532284267
111,2,2,1,1,1,0,2,2529048.2121068453
134,3,3,1,1,2,0,1,2155634.0373253035
205,1,1,1,2,1,0,1,2264170.375564466
71,1,2,1,1,1,0,2,1608597.7272544517
50,6,1,1,1,2,1,2,2240873.2329365173
256,6,1,1,2,0,2,1,5711683.558085849
141,5,1,1,1,1,0,1,1584570.351852382
253,3,4,1,2,1,1,1,4369262.483914866
218,6,4,1,2,1,1,1,3764649.268242729
127,2,2,1,1,1,1,2,4231394.74312331
80,3,1,1,1,2,0,1,1252256.8828044913
115,1,1,1,1,2,2,2,8422434.405278571
85,2,2,1,1,0,1,1,1209567.9599526608
199,3,3,1,2,1,1,1,3396754.3963398873
119,1,1,1,1,2,1,1,2727854.979788069
125,6,4,1,1,2,0,1,2002778.2307832965
131,2,3,1,1,1,1,2,4549881.101569819
187,2,3,1,2,1,2,1,5058872.612834663
200,1,3,1,2,0,1,1,2763882.3764307667
241,2,3,1,2,1,0,1,2860977.618821633
281,6,3,1,2,1,0,1,3026531.387104401
41,6,3,1,1,1,1,2,1466870.4565328197
264,6,2,2,2,1,2,2,13650987.395878594
272,1,2,2,2,1,1,2,8817835.59080809
116,4,3,1,1,1,0,1,1314286.6149205565
155,4,4,1,2,0,1,1,2147675.0435069893
193,2,2,2,2,2,0,2,5892330.994330765
142,6,2,1,1,2,2,2,10571220.149099628
233,2,3,1,2,1,1,1,4085205.0179952513
205,1,4,1,2,0,1,1,2743838.05820628
129,2,3,1,1,0,1,1,1818182.8143042945
213,5,4,1,2,1,1,1,3635353.5096615725
161,4,4,1,2,0,1,2,4502797.462098663
182,2,1,2,2,0,0,2,3104884.0814733827
145,2,2,1,1,1,1,1,2411260.417182732
162,3,3,1,2,0,2,2,6512397.17395758
48,2,2,1,1,2,0,1,793059.1062961675
112,5,2,1,1,0,1,3,4550961.31142979
262,4,4,2,2,0,1,2,7502600.586981283
80,3,2,1,1,0,1,1,1114315.0593847972
243,1,1,1,2,1,1,1,3992226.9235409424
217,1,3,2,2,2,0,3,9693334.819011446
123,4,2,1,1,1,0,1,1404577.8130501732
150,1,3,1,1,0,1,1,2039434.599484284
290,5,2,1,2,1,1,1,4825140.119687325
46,2,3,1,1,1,1,1,864979.4277504736
123,4,3,1,1,1,1,1,2134747.3431882723
247,3,3,1,2,1,0,1,2729298.776836942
61,2,2,1,1,1,2,1,1735182.7969696252
42,1,1,1,1,2,1,1,976753.4996238535
166,1,3,1,2,1,1,1,2804785.671025236
227,3,4,1,2,1,2,1,6417374.820818908
53,5,4,1,1,2,1,1,1402277.560655337
51,3,4,1,1,1,1,1,927146.8065290886
126,4,1,1,1,1,2,1,3286027.3539429917
51,3,3,1,1,2,1,1,1231206.1424162895
64,1,1,1,1,1,1,1,1141971.1156181507
282,5,3,1,2,0,2,1,6008718.231478636
161,5,1,1,2,1,1,1,2840242.481762303
186,6,3,2,2,1,1,2,6379092.500215816
94,3,4,1,1,1,2,1,2611810.2054196764
277,4,3,1,2,1,1,1,4829028.248769823
212,1,1,1,2,1,0,1,2283890.362859158
260,2,3,1,2,2,1,1,6074112.460801237
158,5,2,1,2,2,1,1,3769675.6479801396
222,3,3,1,2,2,2,1,7843280.328672073
121,6,4,1,1,1,1,3,5996311.191812668
250,4,3,2,2,1,1,2,8297938.56732715
189,4,2,1,2,2,2,1,7273006.570495944
76,1,2,1,1,1,2,1,2204640.489157758
98,5,2,1,1,1,1,2,3468974.195100492
170,1,1,1,2,0,1,1,2360553.961421952
241,6,2,1,2,1,1,1,4269449.133381958
282,2,1,2,2,0,1,2,7489949.808867006
74,2,2,1,1,1,0,3,2467061.695071179
132,2,1,1,1,2,1,1,3039955.5679476643
246,4,2,1,2,1,0,1,2680017.5805257284
252,5,2,1,2,0,1,1,3579435.582333294
198,1,3,1,2,2,1,1,4585702.911650428
63,1,2,1,1,0,0,2,1131346.1588460614
43,6,3,1,1,1,1,2,1536019.619404511
259,2,2,2,2,2,2,2,19376522.080101244
59,5,2,1,1,2,1,1,1434164.2506685308
191,5,3,1,2,0,0,1,1822648.5964517987
89,6,3,1,1,0,0,1,871712.2274421898
216,3,1,1,2,1,1,1,3705695.22152476
135,5,4,1,1,1,0,2,3238532.2258828008
144,5,3,1,1,0,0,1,1329611.2809864776
289,1,1,2,2,2,1,2,13609944.54550376
156,6,2,1,2,1,1,2,5591567.417588532
267,5,3,2,2,2,1,3,17884604.97913861
105,5,3,1,1,1,1,2,3607378.6384779527
282,1,2,1,2,1,1,1,4675321.72753299
225,5,2,1,2,2,1,1,5126639.988423478
285,1,2,1,2,2,2,1,10311958.947799573
164,3,2,1,2,1,0,1,1796952.043834059
170,4,4,1,2,0,1,1,2397800.681301324
276,1,3,2,2,1,0,2,6290916.923170284
57,1,2,1,1,2,2,1,2215993.455059571
79,5,2,1,1,0,1,1,1082797.6380923425
60,1,4,1,1,1,1,1,1096366.2959592994
264,6,3,1,2,1,0,1,2957619.852309806
47,2,1,1,1,1,0,2,1064480.6875830297
139,2,3,1,1,1,1,1,2383295.5658873664
279,3,1,1,2,2,0,1,4313530.578557876
126,1,4,1,1,1,0,1,1400911.8683816148
53,6,2,1,1,1,2,2,2843826.590086957
41,5,4,1,1,0,2,1,918412.2153688727
80,5,3,1,1,1,1,1,1420691.265596203
150,4,2,1,1,1,2,2,8414040.04392909
53,3,3,1,1,2,1,2,2403965.66321509
270,6,1,2,2,1,1,2,8708661.834591454
123,6,3,1,1,1,2,2,6242623.398191133
169,5,4,1,2,2,1,1,3697434.1090007196
270,4,4,1,2,1,1,1,4634035.676961871
184,5,4,1,2,0,1,1,2635365.713513135
67,4,2,1,1,1,1,1,1169847.8108561882
105,2,3,1,1,2,0,1,1611777.3563168931
202,6,2,1,2,1,0,1,2240515.085628948
268,2,3,1,2,2,1,1,6127304.449330888
203,5,1,1,2,1,2,1,5425682.351148482
49,3,3,1,1,1,0,1,599138.7676845472
234,1,3,2,2,1,0,2,5294598.587225009
157,3,3,1,2,1,2,1,4429964.973244502
119,3,3,1,1,1,2,1,3340569.697747235
132,1,1,1,1,1,1,1,2320415.084038113
296,6,2,1,2,2,1,1,7017247.029070923
172,2,4,1,2,0,1,3,7003665.3596216
210,2,3,1,2,1,0,1,2386089.6945440895
40,6,4,1,1,1,1,2,1457478.0069468915
103,1,4,1,1,0,0,1,987565.4058488134
160,4,4,1,2,1,0,2,3569302.1268994375
146,3,4,1,1,1,0,1,1697265.4835899484
214,5,3,1,2,1,0,1,2391033.954948566
243,2,4,1,2,1,0,1,2813118.544146721
204,6,3,1,2,1,1,1,3450089.6568924193
159,5,1,1,2,2,1,2,7301400.738851345
83,1,2,1,1,1,1,1,1434606.0995874095
195,5,2,2,2,1,0,3,6343638.179051744
246,5,3,1,2,1,0,1,2815568.266068696
147,3,3,1,1,2,1,1,3543307.4092881223
290,1,2,1,2,1,1,1,4985626.044340367
169,5,4,1,2,1,1,1,2960453.7007207396
59,2,3,1,1,1,2,2,3315898.1252161893
40,1,4,1,1,1,1,2,1425256.5038164665
158,2,3,1,2,1,1,1,2738644.5955188237
74,6,3,1,1,0,1,1,1029122.59293929
237,6,1,2,2,1,0,2,5084827.676571266
284,4,1,1,2,1,1,1,4808519.298353782
98,6,2,1,1,0,1,1,1420964.7058748826
200,5,1,1,2,0,0,1,1734475.7021117315
218,1,1,2,2,2,1,2,10320310.070295094
245,6,2,1,2,1,1,1,4355673.8572796825
51,2,4,1,1,1,0,1,684843.948752199
220,5,1,1,2,1,1,1,3613606.7260537166
281,6,4,1,2,1,1,1,4837633.534624369
255,3,2,2,2,2,1,2,11546738.025555635
290,2,3,1,2,1,1,1,5005760.634455044
165,2,4,1,2,0,0,1,1445172.9014651019
256,4,2,2,2,0,1,3,10562722.3539459
224,3,4,2,2,2,1,2,10730455.2419505
78,4,2,1,1,1,1,3,3896333.056513179
262,6,2,1,2,0,1,1,3323214.7579427487
223,3,3,1,2,1,0,1,2422462.312246487
217,2,4,1,2,0,2,1,4687412.964802797
190,4,3,1,2,2,1,1,4189206.388628072
165,5,3,1,2,2,1,1,3768311.031998505
273,3,4,1,2,1,1,1,4732150.401687864
47,2,4,1,1,2,2,1,1975612.1962856618
168,1,2,1,2,0,0,1,1519684.8247412539
196,3,4,2,2,2,1,2,9221871.599009326
44,3,2,1,1,1,2,2,2419557.029176766
125,6,2,1,1,1,1,1,2123496.2876695185
214,5,2,1,2,1,0,1,2205064.4952984895
232,6,2,1,2,0,1,1,3084724.934614067
158,3,2,1,2,1,0,1,1771856.8552383876
257,3,2,1,2,1,0,1,2881627.007360925
153,5,4,1,2,0,2,1,3221689.2493440975
184,5,4,1,2,0,1,1,2437116.038838884
65,4,1,1,1,1,1,2,2231126.88654797
175,2,4,1,2,2,0,1,2673854.102417351
271,2,3,1,2,1,2,1,7404475.034756693
115,4,1,1,1,1,0,1,1272470.0894153593
40,2,4,1,1,0,1,1,610640.89657725
186,3,3,1,2,2,0,1,2891215.286207916
181,4,4,1,2,1,1,1,3254878.0301595284
92,4,2,1,1,0,1,2,2473697.4692917946
108,2,1,1,1,0,2,1,2426457.0016928357
129,1,2,1,1,2,1,1,2987694.1281497255
259,2,1,1,2,2,1,1,6090895.386314192
231,6,1,1,2,1,0,1,2267767.760690946
102,1,2,1,1,1,0,1,1201183.4559414173
112,4,1,1,1,0,2,2,4792740.3503583195
200,1,1,1,2,1,1,1,3218948.1148537244
208,3,4,1,2,0,0,1,1993025.678542249
128,5,3,1,1,2,1,1,3108303.00504557
215,1,2,2,2,2,2,3,22667246.189089384
112,6,4,1,1,1,1,1,2016310.4799283554
284,5,4,1,2,1,0,1,2955240.9854457583
116,3,2,1,1,1,1,1,2093127.4028813217
198,6,1,1,2,2,1,1,4507322.352022541
137,5,2,1,1,1,1,1,2393063.73313725
141,3,3,1,1,0,1,1,2029027.7383786654
171,5,3,1,2,2,0,2,5211693.662115478
141,5,2,1,1,0,0,1,1229176.9679321537
58,2,4,1,1,1,1,3,3149948.16769635
121,6,2,1,1,2,0,1,1794569.2753233544
168,6,3,1,2,2,1,1,3849514.911310894
128,1,2,1,1,1,0,1,1441907.4956716737
252,6,1,1,2,0,1,1,3517510.95373552
182,6,2,1,2,1,1,1,2928775.247620842
104,5,4,1,1,0,0,1,995096.7210160318
115,4,1,1,1,1,0,1,1246262.5622832805
238,2,3,1,2,1,1,1,3831261.832779319
182,1,2,1,2,1,1,1,3075247.4126768215
132,2,4,1,1,1,1,1,2271627.272577254
263,1,4,2,2,2,1,2,11291998.94241457
141,3,3,1,1,1,0,1,1521989.0998442883
149,5,2,1,1,2,1,1,3354562.304213731
42,6,4,1,1,0,0,1,444823.8972099326
124,6,1,1,1,1,1,1,2197292.4025281817
156,4,2,1,2,1,1,1,2565763.320864695
260,2,3,1,2,1,0,1,2802529.775106868
193,2,1,2,2,0,0,2,3313715.333676335
192,2,2,1,2,1,1,1,3366633.0163832563
51,6,4,1,1,0,1,1,750463.2726556336
172,2,3,1,2,1,1,1,2800525.7788088256
267,5,3,2,2,1,1,2,9093540.049139487
82,1,2,1,1,0,1,1,1161012.383904847
60,6,3,1,1,0,1,1,822072.8962088244
146,5,1,1,1,1,1,1,2501315.485592389
156,3,2,1,2,1,0,2,3558912.487951546
163,5,1,1,2,2,2,2,12018550.993011659
242,5,3,1,2,0,1,1,3121692.839266088
90,3,3,1,1,0,1,1,1239254.7239481907
180,5,3,1,2,1,1,1,3015870.6103509427
91,1,1,1,1,1,2,1,2449366.6912649604
66,6,3,1,1,2,0,1,1031676.4191857926
196,4,2,2,2,1,0,2,4320429.759699041
278,3,4,1,2,0,1,1,3786836.371674984
195,6,2,2,2,1,0,2,4325402.836319559
175,2,4,1,2,0,0,1,1503972.098076325
183,1,3,1,2,0,0,1,1596193.8582580278
145,4,2,1,1,0,1,1,2008883.9669223567
197,1,1,2,2,1,1,2,6511134.403116564
185,1,4,1,2,2,0,1,2850965.349981585
41,2,1,1,1,1,0,2,917910.35282809
116,4,4,1,1,1,0,1,1421708.6928181122
171,1,3,1,2,1,1,2,5907576.026353079
129,2,2,1,1,2,1,1,3080734.2758038538
147,3,4,1,1,2,1,1,3451720.294624101
113,2,2,1,1,1,1,1,1912890.8177003094
78,5,4,1,1,2,2,1,2911806.981325446
198,6,4,2,2,1,1,3,9882121.845744703
110,2,3,1,1,2,0,1,1723036.0769711398
280,2,4,1,2,2,0,1,4143600.9380551856
75,2,1,1,1,1,1,1,1218806.1669755601
123,1,4,1,1,0,0,1,1160499.1004128137
211,4,4,2,2,0,1,2,5802377.290377343
212,2,4,1,2,2,1,1,4916965.991474669
86,2,3,1,1,1,1,2,2938809.9239035
180,5,2,1,2,1,0,2,3845257.6891462924
157,5,2,1,2,1,1,1,2725110.933697091
253,3,3,1,2,2,0,1,3761592.7519709836
259,3,1,1,2,0,1,1,3448316.3504159455
65,5,1,1,1,2,2,1,2504706.902383263
48,4,3,1,1,1,1,2,1756517.0390901326
49,3,2,1,1,2,0,3,2229888.8875621506
160,6,1,1,2,2,1,1,3832793.3758182656
164,6,3,1,2,0,1,2,4188163.938756942
209,4,2,1,2,1,1,1,3647997.5666322187
111,5,1,1,1,2,0,3,4702871.613864068
191,3,1,1,2,1,1,1,3299406.865729437
247,2,3,1,2,2,0,1,3659291.2780656684
88,5,2,1,1,2,1,2,4078688.591519671
193,3,1,2,2,0,1,2,5252374.602166517
107,4,3,1,1,1,1,1,1827726.7773230304
89,6,1,1,1,1,2,1,2425745.5555451973
191,4,2,1,2,0,2,1,4290688.420727828
58,3,4,1,1,1,1,1,1129420.052509362
139,4,1,1,1,1,1,3,7237133.32011875
99,3,2,1,1,2,0,1,1554486.3593281228
206,3,1,1,2,0,1,1,2840447.0855154656
241,4,4,1,2,2,2,1,9059398.787709974
185,1,4,1,2,1,2,1,4977774.497867353
203,2,1,1,2,2,1,1,4820204.908401472
281,5,3,1,2,1,0,1,3292698.516729534
108,6,1,1,1,1,2,2,5668656.328344856
214,2,2,1,2,1,1,1,3539183.1701542377
88,5,3,1,1,0,0,1,859404.6625076153
147,5,2,1,1,1,0,1,1663297.399306804
265,6,2,1,2,2,2,1,9901558.305861676
200,2,3,2,2,0,2,2,8328103.125979231
158,6,4,1,2,1,0,1,1893797.5032701043
188,3,2,1,2,0,1,1,2550330.5196218137
189,6,1,1,2,2,2,1,6857622.503608948
182,4,4,1,2,0,0,1,1704052.7299276749
199,1,4,1,2,2,1,1,4522376.830201298
50,1,3,1,1,2,1,1,1272022.498323284
177,1,1,1,2,0,2,1,3858516.8111303197
117,2,1,1,1,1,1,2,4083328.456901516
116,2,4,1,1,1,1,1,2087889.460228135
293,3,2,1,2,2,1,1,6319909.220707971
297,1,2,1,2,2,0,1,4320210.672900963
124,3,1,1,1,2,1,3,8223808.03512922
185,1,4,2,2,1,1,3,9400971.137959512
81,2,4,1,1,0,2,1,1779216.9581573145
164,4,4,1,2,0,0,2,3054992.02095385
206,4,3,1,2,1,1,1,3528836.3097973014
280,4,1,1,2,2,2,1,10286207.290744308
227,6,1,1,2,1,1,1,3666893.2782629295
58,4,2,1,1,1,1,2,1959781.1768944266
107,5,2,1,1,1,0,2,2413914.3029703177
257,1,1,1,2,1,1,1,4402095.659694305
141,4,1,1,1,2,1,2,6271674.79171121
81,5,2,1,1,0,0,2,1446566.8048439417
206,5,1,1,2,1,2,1,5440172.633661337
148,5,2,1,1,1,2,1,3995462.7800423484
75,3,1,1,1,2,1,1,1732198.397869866
271,3,3,1,2,1,0,1,2961593.627318196
268,5,3,1,2,0,1,1,3707171.286564343
203,6,4,1,2,1,1,1,3367657.6036313092
112,4,1,1,1,0,1,1,1549929.017166157
175,1,2,1,2,1,0,2,3712935.910848567
109,6,1,1,1,1,1,1,1905533.9369692793
235,2,1,1,2,1,2,1,6282953.248386927
88,3,4,1,1,1,1,3,4421270.860849989
169,4,2,1,2,1,0,1,1849058.8075470345
44,4,1,1,1,1,1,1,789791.1382063155
66,2,2,1,1,0,2,1,1451442.3301533982
199,2,1,2,2,0,0,2,3404190.131564695
188,4,4,1,2,0,1,1,2563495.9010354853
269,2,2,2,2,0,2,2,11129157.256198555
239,4,1,2,2,2,1,2,10851387.890023539
89,6,3,1,1,2,1,1,2136268.2833132246
106,2,2,1,1,1,1,2,3603426.899158527
97,6,4,1,1,0,0,1,922027.4829865531
298,6,3,1,2,1,0,1,3231779.7473995034
169,2,2,1,2,1,1,2,5928854.565945519
254,4,2,2,2,1,1,2,8509489.246299127
211,5,2,1,2,0,1,1,2894166.7884400887
297,4,2,1,2,1,0,1,3246306.603490094
141,1,1,1,1,0,1,1,1925395.0166660286
248,2,1,1,2,2,1,1,5684569.664950403
155,3,2,1,2,1,2,2,8837266.370290425
189,2,4,1,2,0,2,1,4143259.9489833955
75,1,1,1,1,1,0,1,879337.5972754273
247,6,2,1,2,1,1,1,4213907.996296934
145,3,2,1,1,0,1,1,1967587.003106163
197,3,4,1,2,1,1,1,3565728.4312583627
160,4,4,1,2,1,1,1,2844904.2981739473
94,5,4,1,1,2,2,1,3691516.962478226
51,4,3,1,1,2,0,1,868999.2809659666
184,3,2,1,2,1,2,1,5221411.03872985
175,3,4,1,2,1,1,1,3226715.0297902217
42,5,2,1,1,2,0,1,691830.0963007425
183,2,1,1,2,2,0,1,2820303.295476058
69,5,2,1,1,1,0,1,781998.7280016345
276,6,2,2,2,1,1,2,8698003.103760298
154,4,3,1,2,1,0,1,1690286.378677144
143,2,1,1,1,2,1,1,3296185.7492795
157,4,1,1,2,1,2,1,4328602.435142301
44,5,3,1,1,1,0,1,574273.9328587824
287,2,4,1,2,1,0,1,3190068.717999277
160,5,4,1,2,1,1,2,5152334.501708967
188,6,2,1,2,0,2,1,4188463.6104480573
123,1,3,1,1,2,1,2,5460445.598968849
270,3,4,1,2,2,2,1,9716617.00334382
200,2,1,1,2,0,1,1,2587701.0440797596
77,3,3,1,1,1,0,1,875179.3797452637
265,1,4,1,2,1,1,1,4457030.593118425
181,2,1,1,2,1,1,1,2995263.917733212
190,3,3,1,2,1,0,1,2167758.7987245675
153,3,2,1,2,0,1,1,2091882.0529616748
276,2,2,1,2,1,0,1,3076147.7570993737
105,3,1,1,1,1,2,1,2882236.085498471
297,3,4,1,2,1,1,1,5114821.962343827
288,2,4,2,2,0,1,2,7996635.242812242
219,3,3,1,2,0,1,1,2989108.795392534
229,3,1,2,2,1,0,2,4833065.947970977
193,4,4,2,2,1,0,2,4203411.63499646
235,6,2,1,2,1,2,1,6244964.113961292
182,4,1,2,2,2,2,2,13424617.31269895
140,1,2,1,1,0,0,1,1309374.7421912295
283,4,1,1,2,2,1,1,6334229.722235515
51,4,3,1,1,0,1,2,1474594.5793259705
278,1,4,2,2,1,1,2,9366554.956071896
88,3,4,1,1,1,1,1,1561917.1911357057
81,3,4,1,1,2,1,2,3725323.180067184
205,4,2,2,2,0,1,2,5788965.138636872
121,1,4,1,1,0,1,2,3284840.233215618
197,3,1,1,2,0,1,1,2526024.3949865378
255,5,2,1,2,2,1,1,5632778.991311638
197,2,3,1,2,1,1,1,3285390.177502612
173,2,2,1,2,1,1,1,3006920.982345893
106,6,3,1,1,2,1,1,2362654.2504798938
46,2,2,1,1,1,1,1,822475.9218796986
53,4,4,1,1,0,2,2,2264433.5569932587
112,2,3,1,1,1,2,2,6233916.088054494
202,2,4,1,2,1,2,1,5704156.439863634
105,5,2,1,1,1,1,1,1823452.1315762266
169,3,3,1,2,1,1,2,5897903.343767772
245,5,1,1,2,1,1,1,3933011.771339199
295,4,1,1,2,2,1,1,6948601.317742149
64,2,2,1,1,1,1,2,2109631.6438591382
292,3,3,1,2,2,0,1,4271374.259246557
203,6,1,1,2,2,0,1,2976889.535013654
134,6,4,1,1,1,0,1,1551372.0175336474
149,2,4,1,1,0,0,1,1412207.2880779041
277,2,2,1,2,0,0,1,2464295.707823004
64,6,4,1,1,1,0,2,1554742.2998134526
180,6,4,1,2,1,1,2,5971728.824848
156,4,4,1,2,1,1,1,2841612.4390076115
64,2,1,1,1,0,1,2,1681144.05578116
118,6,3,1,1,1,1,3,5872875.217548784
107,1,2,1,1,2,0,2,3097990.820121742
212,6,3,1,2,1,2,1,5830063.076423731
51,3,3,1,1,1,1,1,896816.9985514805
167,3,3,1,2,1,1,1,2980907.459002303
135,1,1,1,1,2,1,1,3058346.086699895
131,4,4,1,1,2,1,1,3107716.0802979525
180,2,2,1,2,2,0,2,5444988.409583073
70,2,3,1,1,2,2,1,2573097.460228409
59,6,4,1,1,0,2,1,1327438.5909854132
185,3,1,1,2,0,1,1,2604874.918507289
199,4,3,1,2,2,0,1,3057418.9300125474
82,4,4,1,1,0,1,1,1167574.8154067672
293,4,1,2,2,0,1,3,11564771.628468705
169,6,4,1,2,1,1,2,5743845.476332417
99,2,2,1,1,1,0,1,1136331.3731266866
190,4,4,1,2,1,2,1,5149887.529200852
44,6,4,1,1,0,0,2,861270.1153029116
169,6,2,1,2,1,0,2,3716877.6101600532
217,1,2,1,2,2,0,1,3230826.348219471
292,5,4,1,2,1,0,1,3025495.126633676
95,4,2,1,1,1,0,3,3293151.7818662776
122,5,4,1,1,1,1,1,2181373.7978491136
138,2,3,1,1,2,2,2,9899854.981578082
188,6,4,1,2,1,1,1,3292021.0659085116
195,4,1,1,2,1,0,1,2093697.4480453727
229,3,2,1,2,1,0,1,2451946.9523869264
119,2,3,1,1,1,1,2,4267187.466751971
291,1,2,2,2,1,0,2,6276482.261667734
136,1,2,1,1,0,1,1,1914209.759263248
299,5,2,1,2,2,0,1,4284997.0152055165
299,6,1,1,2,1,1,1,5092819.071374891
142,5,1,1,1,1,0,1,1569165.3873631742
79,3,4,1,1,0,1,2,2209522.880058661
140,3,1,1,1,1,1,1,2468649.2047167066
260,1,2,2,2,2,0,2,7654696.423608578
163,4,3,1,2,1,0,1,1859423.2316696336
270,1,3,1,2,1,1,1,4357005.282781086
217,1,3,1,2,1,0,1,2342372.4808775764
102,3,2,1,1,2,0,1,1611894.5377669807
155,5,1,1,2,1,1,2,5041507.8860426275
230,3,3,1,2,1,0,1,2578184.967398586
101,6,2,1,1,1,1,2,3435305.559197677
295,3,2,1,2,2,0,1,4362773.985022638
46,3,3,1,1,1,0,1,590946.3383594634
194,1,3,1,2,2,2,1,7261006.279957913
131,4,4,1,1,1,2,1,3711299.5977817196
53,1,4,1,1,2,1,1,1354569.7453215015
268,2,2,2,2,1,1,2,9663947.321858738
125,3,4,1,1,1,1,1,2217432.7975734053
172,3,4,1,2,1,1,1,2939218.9736446836
222,2,3,1,2,1,2,1,6041886.980748885
101,3,4,1,1,1,1,1,1776272.7526594636
258,3,2,1,2,0,1,1,3422908.037107816
285,6,3,1,2,2,1,1,6463521.150803891
269,3,4,1,2,1,2,1,7404756.871308363
118,2,4,1,1,0,1,1,1607775.2280566322
188,1,4,1,2,1,1,1,3150429.3640054017
177,3,1,1,2,2,0,2,5292297.51256212
104,4,4,1,1,2,1,1,2555852.2874342524
52,2,4,1,1,1,1,1,983137.6567429653
252,5,2,1,2,1,2,1,6974293.685434316
281,6,4,2,2,2,2,3,32235739.34350606
252,2,1,1,2,2,0,1,3843251.9431879716
220,1,3,1,2,1,1,1,3720060.4311675825
212,2,4,1,2,2,1,1,5009219.439040155
199,5,4,1,2,1,1,1,3365758.6333248373
203,6,2,2,2,1,1,2,6772687.614310077
227,4,4,2,2,0,0,2,4041173.5755914142
230,5,4,2,2,0,2,2,9983879.458456919
295,2,4,1,2,0,2,1,6322826.489215683
222,5,4,1,2,2,0,1,3233515.5360825355
156,2,3,1,2,1,0,1,1745433.318154286
235,4,2,2,2,2,1,2,10554265.213204492
73,4,3,1,1,1,0,1,926459.1345130584
91,1,1,1,1,1,0,1,1031172.5616455086
151,4,4,1,2,2,2,2,11192745.350042177
291,3,1,1,2,1,0,1,3304534.2769931764
121,5,3,1,1,1,1,1,2097944.9138877103
271,5,1,1,2,2,0,1,4001012.9584464477
266,2,4,1,2,1,1,1,4422435.64097251
272,4,1,1,2,1,2,1,7532885.267054866
260,1,3,2,2,2,1,3,17727114.64034377
81,1,4,1,1,2,1,1,1952085.035902173
60,1,2,1,1,1,1,1,1058770.696835154
81,6,3,1,1,1,1,1,1519663.2004645215
152,3,4,1,2,1,1,1,2492957.5572553566
144,4,2,1,1,1,2,2,8377509.909467912
231,1,1,1,2,1,1,1,3981414.449144264
56,3,1,1,1,2,0,2,1712251.0962940417
159,5,1,1,2,2,1,1,3652255.42814646
168,2,4,1,2,1,0,1,1957187.911241532
169,4,1,1,2,2,0,1,2541653.1841648724
99,4,1,1,1,1,0,1,1103553.9585636666
87,6,2,1,1,1,1,1,1539784.452994703
68,5,2,1,1,2,1,1,1648883.977358592
136,4,2,1,1,0,2,1,2984143.941753044
49,6,4,1,1,1,1,1,905802.4917993215
281,6,3,1,2,1,1,1,4674421.111809275
271,6,1,1,2,0,0,1,2425601.2162115495
242,4,1,1,2,1,0,1,2700075.918346149
286,4,4,2,2,1,1,3,14712897.689751161
253,4,1,1,2,1,1,1,4251854.836060063
239,3,4,1,2,1,0,1,2696277.143235033
118,6,4,1,1,0,1,2,3314683.86996287
212,3,4,2,2,1,1,2,7334072.301079337
108,2,3,1,1,0,0,2,1956041.371360108
126,4,4,1,1,1,1,1,2308892.6898189955
140,5,3,1,1,0,1,1,2000331.7049599467
47,1,3,1,1,1,1,1,845927.2714499227
239,2,1,2,2,1,1,2,7915690.88433057
126,1,2,1,1,1,1,2,4194510.106304811
82,1,3,1,1,1,1,1,1490407.3947174018
148,4,3,1,1,0,2,1,3183571.2746884506
191,5,2,2,2,2,1,2,8847650.288015002
56,1,3,1,1,0,1,1,870155.2785779361
172,6,2,1,2,1,2,1,4808988.6374174245
187,1,1,1,2,1,1,1,3196120.1000722735
271,2,4,1,2,1,1,1,4489944.760232912
267,5,2,1,2,0,1,1,3648111.2527399794
178,5,4,1,2,1,1,1,3033992.555808603
250,1,2,1,2,0,2,1,5327202.788891517
67,5,4,1,1,1,0,1,836144.0396195243
90,2,1,1,1,1,0,1,1008915.695989567
47,2,3,1,1,2,1,1,1150923.7117181886
177,2,1,1,2,2,0,1,2666403.0131908385
77,6,3,1,1,1,2,1,2163156.29792522
150,4,4,1,1,1,1,1,2688275.757641362
259,1,4,1,2,1,1,1,4572877.844304777
262,5,3,1,2,1,1,1,4295902.356663297
175,2,2,1,2,0,0,1,1498495.8860030933
295,1,1,2,2,1,1,2,10242104.085992115
88,1,2,1,1,1,2,2,4727087.189508485
117,4,4,1,1,0,0,2,2134192.5919326497
144,6,1,1,1,1,0,1,1630709.7390722872
208,5,1,2,2,1,1,2,6941211.7817184795
256,6,2,1,2,1,1,1,4224707.098345283
158,5,3,1,2,0,0,1,1445834.2763303884
229,2,3,1,2,1,1,1,3872638.231705318
294,2,1,1,2,1,1,1,4979060.311079834
188,1,3,2,2,1,2,2,10806737.565344643
203,5,4,1,2,0,1,1,2887581.7791814534
179,5,2,1,2,1,1,3,9578536.031011743
297,6,2,1,2,1,1,1,5359234.57463111
220,2,2,1,2,0,2,1,4738749.830006154
199,3,1,1,2,1,1,1,3267724.6399713894
265,1,1,1,2,0,1,1,3564824.847839035
50,5,3,1,1,1,1,2,1673189.9506668057
49,4,2,1,1,1,1,1,944208.6563513791
222,4,4,1,2,1,1,1,3885960.4347229414
192,3,4,1,2,1,0,1,2058256.400207498
163,2,2,1,2,1,1,1,2718449.1543607563
153,2,1,1,2,0,1,1,2110317.661940697
252,2,1,2,2,1,0,2,5537861.345000315
211,6,1,1,2,1,0,1,2230642.1077876356
213,4,4,1,2,1,1,1,3714653.4751836075
152,2,2,1,2,1,0,2,3438507.9473765707
161,4,4,1,2,1,2,1,4411149.351426172
71,3,2,1,1,0,1,1,1048967.4583625945
261,1,4,1,2,0,0,1,2315628.905790901
158,6,4,1,2,1,1,1,2835563.67550231
78,5,3,1,1,0,1,2,2128088.924316996
272,3,4,1,2,1,2,1,7465252.382564869
57,4,2,1,1,0,2,1,1262616.9090097807
188,3,4,2,2,0,0,2,3229973.896716806
188,5,3,1,2,1,1,1,3238205.2232921845
165,6,3,1,2,2,1,1,3875555.8363505485
277,1,2,1,2,1,0,1,3177222.962580462
174,5,3,1,2,1,1,1,2887117.393947629
190,6,3,2,2,1,0,2,4175289.65220585
275,4,1,2,2,1,0,2,6010442.075611876
263,5,2,2,2,2,0,2,7886594.119258986
242,3,3,1,2,1,1,1,4188876.963072312
295,2,3,1,2,1,2,1,8246775.451171232
125,3,3,1,1,1,1,1,2229401.976013127
189,4,2,1,2,0,0,1,1667227.731956645
274,1,1,1,2,0,1,1,3604230.9470814285
61,5,4,1,1,1,1,1,1142948.2638392567
297,1,1,1,2,2,1,1,6886353.589918056
68,4,2,1,1,0,0,2,1166618.75680049
252,5,2,2,2,1,0,2,5691228.142403299
89,6,2,1,1,0,1,1,1307046.191659686
134,6,4,1,1,1,1,1,2458135.2485439484
127,3,2,1,1,0,1,1,1878189.3449337434
83,3,1,1,1,1,1,1,1493785.2337386603
210,4,3,1,2,1,1,1,3661344.587823297
228,6,3,1,2,1,1,1,3804586.452519012
223,5,2,2,2,1,1,2,7449381.953831164
42,6,2,1,1,2,1,1,1036331.1363415127
230,3,4,2,2,0,2,2,10069207.977629201
157,4,3,1,2,1,0,2,3471992.8165588086
58,6,4,1,1,2,0,1,954239.5831313571
62,4,4,1,1,0,1,1,923200.9326215332
69,6,4,1,1,1,2,2,3907015.8825862054
147,1,4,1,1,2,1,1,3537974.7978463448
167,6,1,1,2,0,0,2,3047831.058826486
268,3,2,1,2,1,2,1,7209234.089605056
150,5,2,1,1,1,1,1,2592790.498234725
175,3,4,1,2,0,1,1,2362509.976275936
225,3,4,1,2,0,1,1,2961163.6327007264
183,3,1,1,2,2,1,1,4127434.588054004
111,4,4,1,1,1,0,1,1326431.3877706486
168,2,1,1,2,0,0,1,1486151.917878497
42,2,1,1,1,2,1,2,1963659.6242121023
143,1,4,1,1,2,2,1,5417711.447542087
263,3,2,1,2,2,1,1,5963027.782407541
49,2,1,1,1,0,1,3,1979433.8994062082
270,1,2,1,2,1,2,1,7383458.851304207
258,4,2,2,2,2,0,3,12092236.05332807
105,3,1,1,1,1,1,1,1757085.3378537295
151,5,3,1,2,0,0,1,1329382.9519550535
52,4,1,1,1,1,0,1,594556.5485513057
125,1,3,1,1,1,1,1,2138254.718454355
273,4,1,2,2,1,1,3,14415166.6788352
129,5,1,1,1,1,1,2,4511066.299558831
93,4,2,1,1,2,1,2,4264839.279851293
51,1,2,1,1,0,2,1,1136420.845811702
248,5,4,2,2,0,1,3,10435801.457891252
53,5,2,1,1,1,0,3,1738437.3169266027
160,4,2,1,2,0,2,2,7128164.325648303
59,5,2,1,1,1,2,1,1654031.3464237405
114,4,2,1,1,1,1,1,1951592.0506663402
282,3,4,1,2,1,1,1,4945989.248276566
262,5,2,1,2,1,0,1,2778569.9223232325
109,4,3,1,1,1,1,1,2026004.3658905758
250,3,3,1,2,2,1,1,5412954.833427738
140,5,4,1,1,2,1,1,3295076.9470276
225,3,2,2,2,0,1,2,6167718.773529591
171,6,3,1,2,2,0,1,2594226.505343952
150,5,1,1,1,2,2,2,11174389.2823161
171,6,3,1,2,0,1,2,4599698.252875654
59,1,2,1,1,1,2,2,3362286.1693287776
63,1,3,1,1,0,1,1,933186.4010913181
266,4,1,2,2,2,2,2,19634813.478370868
193,2,3,1,2,1,0,1,2084478.5456310918
269,6,2,1,2,1,0,1,2961842.773471205
241,6,1,1,2,1,0,1,2554863.4217169047
77,1,4,1,1,0,1,1,1157336.624996922
299,6,1,1,2,2,0,1,4485142.529476298
227,2,3,2,2,2,0,3,9841066.251035197
96,3,4,1,1,0,1,1,1370570.274053422
59,3,1,1,1,1,1,2,2032996.5619249928
158,2,1,1,2,0,2,2,6872933.235703867
110,6,1,1,1,0,1,1,1446200.4071028286
43,6,2,1,1,1,1,1,776717.3593305373
260,6,4,1,2,0,1,1,3553409.756880284
53,4,4,1,1,1,2,1,1589805.4226315443
42,5,1,1,1,2,0,1,613938.2490886671
255,2,4,1,2,1,1,1,4350137.975901887
268,2,3,1,2,0,1,1,3649973.945937097
225,2,3,1,2,2,0,1,3223812.0475028064
94,2,1,1,1,2,1,1,2217302.5239050193
293,2,3,1,2,0,0,1,2511127.141398266
63,6,1,1,1,1,0,1,727376.7585339152
201,4,3,2,2,1,2,2,11005171.509176064
197,1,1,2,2,1,1,3,9949550.224633306
121,6,1,1,1,2,1,1,2795886.7895607725
198,6,4,1,2,2,2,1,7254707.997255268
227,5,4,2,2,2,1,2,9837028.06736805
99,1,1,1,1,1,1,1,1746359.7705089997
250,2,4,2,2,2,1,2,11318301.171472559
191,1,4,1,2,0,1,1,2673800.476013223
148,4,2,1,1,1,0,1,1653069.021385424
115,3,3,1,1,0,1,1,1594059.0761226907
69,6,4,1,1,0,0,1,658407.3525398017
156,1,1,1,2,2,1,1,3523223.3887719647
231,5,2,1,2,1,1,1,3898980.4014333775
58,4,2,1,1,1,0,1,714335.5246846363
212,3,4,1,2,1,1,1,3652862.437908925
267,4,1,2,2,1,0,3,8634915.369154429
222,2,1,1,2,1,0,1,2439632.7645042157
152,3,1,1,2,0,0,1,1261689.4038408261
222,5,1,1,2,0,0,1,1851879.1619284952
185,3,1,1,2,1,0,1,2064530.8244231695
155,5,3,1,2,0,2,2,6687024.856927058
152,2,1,1,2,0,0,1,1359712.2738281242
290,5,1,1,2,1,1,1,4727382.289367856
290,4,3,1,2,2,1,1,6609082.919750616
157,1,4,1,2,0,1,1,2230130.5358177177
200,4,2,1,2,0,0,1,1795957.4013033293
237,6,3,2,2,1,0,2,5258036.5746916225
299,4,2,1,2,1,0,1,3182242.940430136
187,3,2,2,2,1,0,3,6227267.893141514
279,2,3,2,2,0,0,2,4867342.698101082
86,6,1,1,1,1,0,2,1878235.3765841094
237,6,2,1,2,2,1,1,5568332.64317257
86,6,1,1,1,1,0,2,1914085.0122715863
117,1,4,1,1,1,1,1,2029639.248499512
163,5,3,1,2,2,1,2,7444903.136268742
114,3,2,1,1,0,0,1,1044191.374734758
176,2,1,1,2,1,0,2,3915612.9290185487
129,1,2,1,1,1,1,1,2294589.7952806605
100,4,4,1,1,1,0,1,1206851.3080861273
177,2,4,1,2,2,1,1,4016370.151711206
89,6,2,1,1,0,2,1,1987743.6285275654
298,2,3,1,2,0,0,1,2576833.922798783
146,2,4,1,1,2,1,1,3573058.5619820682
152,4,1,1,2,0,0,1,1400749.1946463
293,5,4,1,2,1,0,1,3117446.520825285
157,3,1,1,2,2,1,1,3522565.5030800267
237,6,2,2,2,1,0,2,5266871.433720822
90,5,1,1,1,0,1,1,1185556.5571904243
284,1,2,1,2,0,0,1,2384085.0232584584
74,6,4,1,1,0,1,1,1098042.8543423417
108,3,3,1,1,1,1,1,1950077.015815
88,1,4,1,1,1,0,1,1017259.6665603431
113,4,4,1,1,2,0,1,1892042.5358238565
231,5,4,1,2,0,1,1,3277401.58986758
109,6,4,1,1,1,1,2,3752860.2193979044
129,2,3,1,1,1,1,1,2244878.09945376
299,3,4,2,2,0,1,2,8449582.775284987
165,6,1,1,2,0,1,1,2217086.4461101172
270,2,3,1,2,1,0,1,3040363.1100691156
168,6,3,1,2,2,1,1,3789677.5660424605
139,1,1,1,1,1,1,2,4693740.612824541
221,2,2,2,2,1,1,2,7182720.096016343
213,2,4,1,2,1,1,1,3530219.7437680485
227,6,3,1,2,1,1,1,3735229.1635440025
96,4,4,1,1,2,1,1,2403490.5521887667
70,4,4,1,1,0,1,2,2065078.8769708294
123,5,1,1,1,1,1,1,2233254.4271024405
191,1,1,1,2,2,1,1,4037642.66004599
75,4,1,1,1,2,1,2,3633702.890051775
252,6,4,2,2,1,0,2,5426306.938982032
145,4,3,1,1,1,0,1,1669207.1344541651
259,5,3,1,2,1,1,1,4759721.670042464
202,3,2,2,2,1,1,2,6926818.35527597
259,5,4,1,2,1,1,1,4514372.118103605
159,2,2,1,2,1,2,1,4376378.487294997
221,2,2,1,2,1,1,1,3689878.895726487
145,4,2,1,1,0,2,1,3209088.2157084947
256,4,2,1,2,0,2,1,5636084.277626983
244,5,2,1,2,1,1,1,4260801.161332638
109,5,4,1,1,1,0,2,2470794.5126338247
83,6,1,1,1,2,1,2,3828193.578195556
267,1,2,1,2,1,2,1,7270806.450227199
223,6,3,1,2,1,0,1,2487964.0277072503
146,2,4,1,1,1,0,1,1689040.773414884
123,6,2,1,1,0,2,1,2789493.007846407
289,5,3,1,2,1,0,1,3118536.237532757
60,6,2,1,1,1,0,2,1376650.2811003379
235,3,1,1,2,0,0,1,2031260.7912603938
217,1,4,1,2,2,1,1,5101195.460816381
46,5,1,1,1,1,0,1,568863.8793754618
109,4,3,1,1,2,2,1,4146327.7047492093
166,6,2,1,2,2,0,2,4778129.577084602
199,5,1,1,2,0,1,1,2818121.8576620966
287,4,1,1,2,0,1,1,3893302.896814652
242,4,2,2,2,0,0,2,4022406.2962922757
187,2,4,1,2,1,1,1,3182084.4566582753
182,2,3,2,2,0,1,2,4926716.608653262
238,5,4,2,2,0,2,2,9856219.807972318
193,5,3,2,2,2,0,2,5428121.376295154
181,3,3,1,2,1,2,1,5189028.703626174
204,1,1,2,2,1,1,3,10098349.223857777
60,1,2,1,1,1,1,2,2064120.0567332527
121,5,4,1,1,1,1,1,2170412.2550532115
108,2,1,1,1,1,0,3,3590742.789714775
170,6,1,1,2,1,1,1,2826116.389904019
126,3,1,1,1,0,0,2,2281035.38837267
257,1,4,1,2,1,0,1,2841874.5764857978
200,5,1,1,2,1,0,1,2107882.948543203
217,2,2,1,2,1,0,1,2357430.780407165
156,2,1,1,2,1,1,1,2557957.639498918
235,2,1,1,2,2,1,1,5103496.345515974
125,6,3,1,1,1,0,1,1459038.722332578
120,4,1,1,1,0,1,1,1641592.6439539082
191,6,4,1,2,1,1,1,3190715.05943213
100,2,4,1,1,1,1,1,1754545.545623107
100,5,2,1,1,0,1,1,1411171.3791475256
67,3,4,1,1,2,0,1,1131385.87663251
82,6,4,1,1,1,1,2,2975545.306251997
208,5,1,1,2,2,1,1,4671215.443975106
125,2,2,1,1,0,1,2,3251311.946914797
216,3,4,1,2,1,1,1,3817432.6575568686
56,1,2,1,1,2,1,1,1311348.4092709285
137,1,2,1,1,2,1,1,3179562.0079360935
237,5,3,2,2,2,0,2,7614311.480654241
137,3,3,1,1,0,1,1,1881295.920101061
104,5,1,1,1,1,0,3,3373895.239055067
44,3,4,1,1,1,1,1,862014.1011990049
41,3,1,1,1,2,1,1,980703.7958827005
61,5,1,1,1,2,0,1,968748.5074066364
151,3,2,1,2,1,2,1,4039946.276051323
96,6,2,1,1,1,1,1,1568511.5186101766
105,2,2,1,1,2,1,2,4783911.441721218
137,3,1,1,1,0,0,1,1198324.5157506613
183,6,4,2,2,1,2,2,10001030.97508274
164,3,1,1,2,2,2,1,6025269.463810947
206,6,1,1,2,2,1,1,4571560.835782092
125,5,1,1,1,1,1,2,4277004.682702888
115,1,3,1,1,1,2,1,3259473.8020273577
98,4,3,1,1,0,1,1,1412119.4094057942
177,3,4,1,2,1,0,1,1947460.9206282939
138,4,3,1,1,1,1,1,2482232.771680453
231,3,1,1,2,0,0,1,1993982.2074500646
282,5,3,1,2,0,1,1,3727898.362730705
88,5,3,1,1,1,1,1,1579355.3925335945
71,6,1,1,1,2,0,1,1108776.2169071608
59,3,4,1,1,0,1,1,906665.8581501923
193,5,3,2,2,1,1,2,6608021.821717816
107,5,1,1,1,1,1,1,1806309.1041823842
253,3,1,1,2,1,1,1,4312976.973548225
182,6,1,1,2,2,1,1,4156661.094275086
271,6,2,1,2,1,1,1,4670145.310431135
252,6,1,1,2,0,1,1,3300679.562805402
118,6,3,1,1,2,1,1,2688974.014814216
253,1,3,2,2,1,1,2,8482380.490064865
155,3,1,1,2,2,1,1,3526288.440278527
131,1,2,1,1,2,0,1,2041023.6303806943
207,5,2,1,2,1,0,1,2351003.451720438
97,1,2,1,1,1,1,1,1734242.6571803438
65,6,3,1,1,1,1,2,2290378.7430165666
105,5,2,1,1,1,2,2,5617219.075028893
287,1,4,1,2,1,1,1,4910745.806157699
293,1,4,1,2,2,0,1,4373924.645160553
83,3,2,1,1,1,2,1,2268761.1033657775
136,1,4,1,1,2,1,2,6477326.427615814
81,5,1,1,1,2,0,1,1186877.8620270046
266,6,2,2,2,1,1,2,8776323.940910932
206,3,2,2,2,2,2,3,23583631.231918097
128,1,2,1,1,2,2,1,4841059.20047055
217,3,1,1,2,2,0,1,3176493.0542266327
236,4,1,2,2,1,1,2,7822183.678756188
113,3,2,1,1,1,1,2,3762446.094455521
47,6,3,1,1,0,1,1,716252.9615643135
203,4,3,1,2,1,0,1,2212046.163539095
124,4,4,1,1,0,0,1,1158139.7991402482
111,3,1,1,1,0,0,2,1994345.4272883984
94,5,4,1,1,1,0,1,1097992.249568807
86,6,4,1,1,1,2,1,2479053.693954617
277,5,2,1,2,1,1,1,4530502.136217401
143,6,3,1,1,2,2,1,5236811.265129956
249,6,4,1,2,2,1,1,5578589.234011857
81,5,2,1,1,1,1,1,1487988.2749093974
298,2,1,2,2,1,1,2,9954750.254557664
153,4,4,1,2,1,0,1,1733319.1307740945
79,3,3,1,1,2,2,2,6178166.977439642
259,5,1,1,2,0,0,1,2294517.7460314524
168,5,2,1,2,1,1,1,2873785.403885186
47,3,1,1,1,0,1,1,672239.4805040566
140,4,4,1,1,1,2,1,3889527.9374336386
215,3,1,1,2,1,1,1,3635075.768996
146,6,1,1,1,1,2,2,7705794.070250138
140,2,1,1,1,0,1,2,3979967.9137562937
299,6,3,1,2,0,0,1,2598794.76453081
285,2,4,2,2,2,2,2,19959938.624239415
71,3,2,1,1,1,0,1,858027.5390942625
176,6,3,1,2,0,0,2,2890880.8632346103
51,4,4,1,1,0,1,1,717928.1052177001
55,6,2,1,1,1,1,1,961846.2619090296
168,5,2,1,2,0,1,1,2313960.309545679
102,2,2,1,1,1,0,1,1192725.9647966172
148,2,4,1,1,2,2,2,10837445.469410723
60,4,2,1,1,2,1,2,2793214.1269080625
197,2,2,1,2,1,0,1,2224923.014706585
201,2,3,1,2,1,1,1,3523388.1882774015
299,4,2,2,2,0,1,2,8496728.889639659
141,6,1,1,1,2,1,1,3286286.0781053402
262,3,3,1,2,1,0,1,3036121.5419805273
98,6,3,1,1,1,1,1,1690970.7127963125
286,5,4,1,2,1,1,1,5006420.94795476
167,5,2,1,2,1,0,2,3657249.822707643
64,2,1,1,1,1,1,1,1159567.8399795992
170,5,1,1,2,1,1,1,2973080.106952396
235,3,2,1,2,0,0,1,2101832.024287477
193,2,2,2,2,1,0,2,4400665.704114956
172,5,4,1,2,2,2,2,12817627.021425938
266,1,1,2,2,2,0,2,7625435.784788715
228,1,3,1,2,2,0,1,3400222.505158084
173,1,4,1,2,1,0,1,2094566.7976303692
250,1,4,1,2,2,1,1,5726287.320881136
99,6,3,1,1,0,0,1,905504.0601318236
252,1,4,1,2,1,1,1,4336772.585793613
255,2,2,1,2,1,1,1,4095798.960711782
265,4,3,1,2,2,1,1,5994172.379541279
170,6,3,1,2,2,1,1,3923834.9584871014
115,4,1,1,1,1,2,1,3310977.181530811
195,2,3,1,2,1,1,1,3355151.107218611
287,2,4,1,2,1,1,1,4824913.850472821
257,3,1,1,2,2,2,1,9367614.095877117
229,6,4,1,2,2,0,1,3522160.3135376344
202,4,2,1,2,1,2,1,5681660.102740237
219,1,2,2,2,1,0,2,4928988.026611621
73,2,1,1,1,1,2,1,2013977.5596743238
80,1,1,1,1,2,1,2,3556077.2636301043
114,4,4,1,1,1,0,1,1329321.68339539
215,6,2,1,2,0,2,1,4715714.55395529
189,5,1,1,2,1,1,1,3288537.785757009
147,5,2,1,1,1,0,1,1687453.4345037867
178,2,2,1,2,1,2,1,4989361.984347274
251,3,2,2,2,0,1,2,7022015.564192354
105,1,4,1,1,1,2,1,2963045.667406816
287,2,4,1,2,2,0,1,4362080.284765271
195,3,2,1,2,0,2,1,4284262.315493065
86,1,2,1,1,1,0,1,996186.1219308615
240,4,2,2,2,1,1,3,12363513.430904662
187,5,3,1,2,1,0,1,2067519.1024464702
163,3,3,1,2,0,1,1,2218671.7973882863
40,1,4,1,1,1,1,1,793802.823295256
286,2,2,1,2,2,1,1,6590739.044216729
167,1,3,1,2,2,0,2,5068187.858969145
230,2,1,1,2,1,2,1,6168385.085429404
106,5,1,1,1,1,2,1,2902488.466941762
43,5,2,1,1,1,1,1,764703.5257880134
182,1,3,1,2,0,1,1,2550493.5398308667
230,1,1,2,2,2,0,3,10189813.67393753
60,2,4,1,1,1,0,1,708514.8720993666
266,2,1,2,2,2,1,2,11754810.914950578
156,3,4,1,2,1,2,1,4516277.035848989
181,3,1,2,2,1,0,3,6274705.795036123
78,3,1,1,1,1,2,2,4210249.956959282
291,1,3,2,2,1,1,2,10045664.391597895
246,6,1,1,2,2,1,1,5519629.210271558
249,6,1,1,2,1,1,1,4076876.248599056
154,6,4,1,2,2,1,1,3612810.19814284
264,6,4,1,2,0,1,1,3558247.053489662
173,3,1,1,2,1,1,1,2915896.667058861
290,1,2,1,2,2,1,1,6448496.056560063
258,6,1,1,2,2,1,1,5700158.590864068
130,5,1,1,1,1,1,1,2317930.7050371687
85,4,3,1,1,1,1,2,2958813.3308409513
77,5,1,1,1,0,1,2,2030752.006579384
181,1,1,2,2,1,0,2,3746883.334753494
139,1,4,1,1,1,0,2,2934192.647333363
229,4,4,2,2,1,0,2,4894003.2905119285
74,2,4,1,1,1,0,2,1734256.9685627
186,2,4,1,2,1,2,1,5247549.766087108
69,2,1,1,1,0,0,2,1236866.6672965288
123,3,2,1,1,1,0,1,1471544.257331055
193,2,3,1,2,1,1,1,3234961.9422345352
141,3,3,1,1,2,1,1,3275743.612333834
254,3,2,1,2,2,0,1,3684401.641493115
189,2,2,1,2,1,1,1,3071875.6979367197
122,2,3,1,1,1,2,2,6622801.504529423
149,4,1,1,1,2,0,1,2174066.509278736
240,6,3,2,2,2,1,2,11203227.917622996
212,4,2,2,2,0,0,2,3555347.2383699305
245,3,1,1,2,0,1,1,3345134.386344465
102,4,3,1,1,0,1,1,1461957.1785909992
112,3,1,1,1,1,1,2,3903872.939062663
290,1,1,1,2,2,0,1,4350830.758404456
163,3,2,1,2,2,0,1,2534087.5502892467
160,3,4,1,2,1,2,1,4416669.566692835
159,4,3,1,2,1,2,1,3981596.1749378024
203,6,2,2,2,1,1,2,6926284.969315335
200,1,3,1,2,0,1,1,2673114.8968777205
128,5,4,1,1,1,0,2,2856690.6346002966
181,5,4,1,2,2,1,1,4208916.435856021
242,6,4,1,2,1,2,1,6655349.432682177
266,5,4,1,2,2,2,1,10277130.042445552
261,1,3,1,2,1,0,1,2962094.52073748
80,2,1,1,1,2,1,2,3588551.427134527
235,1,1,1,2,1,1,1,4202130.819593086
107,4,4,1,1,1,1,1,1847376.9549920242
41,3,4,1,1,2,1,1,1083445.2485716906
164,3,1,1,2,0,1,2,4332282.448824863
149,4,2,1,1,1,1,1,2507192.4097418636
125,4,4,1,1,2,0,1,1868874.8997833931
159,3,1,1,2,1,1,1,2708501.7829079977
166,6,2,1,2,1,2,1,4398366.769039796
294,2,1,1,2,0,1,1,3890058.7904971377
222,2,2,1,2,2,1,1,5156246.422914049
55,2,3,1,1,1,1,1,1017054.2230925073
101,4,2,1,1,1,1,1,1708181.9970516576
197,3,4,1,2,1,2,1,5521523.278297997
74,6,2,1,1,0,1,2,2018871.061759685
103,3,2,1,1,2,0,2,3171724.5866431408
89,3,4,1,1,0,1,1,1273018.003232055
294,6,3,2,2,1,1,3,15213100.336098231
188,1,2,1,2,2,1,1,4268277.400025613
211,6,3,1,2,1,1,1,3660308.8611287447
240,1,1,2,2,2,1,2,10821995.51058733
74,5,1,1,1,2,0,1,1153449.2924458703
255,1,4,1,2,1,1,1,4239040.045551873
104,2,3,1,1,1,0,2,2305205.9787268913
47,2,4,1,1,2,1,1,1174792.9218003957
115,6,4,1,1,1,0,1,1370459.387370421
213,2,2,1,2,2,1,1,5076453.338292138
86,2,1,1,1,1,2,1,2349150.4348788895
54,5,4,1,1,2,2,1,2118288.112990166
186,2,2,1,2,1,1,1,3165877.906939697
65,4,2,1,1,0,1,2,1800217.6414427226
132,4,3,1,1,1,1,1,2213544.217667884
271,4,1,2,2,1,2,3,22028467.90604563
60,1,3,1,1,2,2,1,2390049.4490242545
77,6,3,1,1,0,0,1,726569.5643953979
196,6,4,1,2,1,1,1,3462377.1513050115
218,3,3,2,2,1,1,2,7429970.417261829
171,5,4,1,2,2,1,1,4111291.7108914335
67,4,3,1,1,2,1,1,1623033.3283246392
299,4,2,1,2,0,0,1,2600893.5229750825
115,2,1,1,1,0,0,1,1039727.1912515316
106,4,1,1,1,1,1,2,3610676.1913054474
233,2,1,1,2,2,0,1,3516486.7936962154
201,2,2,1,2,1,1,1,3445858.7067053686
296,3,2,1,2,1,0,1,3400815.2789587183
111,1,3,1,1,1,2,2,5975277.085667091
126,2,3,1,1,1,1,1,2212298.553014335
253,2,3,2,2,2,1,2,11237754.029110743
192,6,3,1,2,1,1,1,3260271.923655617
249,3,1,1,2,1,0,1,2695428.0413193717
100,2,3,1,1,1,1,2,3425084.1726979027
257,5,2,1,2,1,1,1,4341667.396318206
175,1,2,1,2,1,1,1,2860606.2649787385
132,5,2,1,1,0,1,2,3627209.8021851564
148,4,4,1,1,0,2,2,6183853.195359367
280,1,4,1,2,2,1,1,6392124.228661645
181,4,4,2,2,1,1,3,9422661.79115941
276,6,3,1,2,1,2,1,7687722.824418938
216,2,1,1,2,0,0,1,1868452.4197247806
180,3,1,1,2,2,0,1,2621578.0027722633
228,5,3,1,2,2,2,1,8455351.859251836
88,4,3,1,1,1,0,1,971193.2451277355
229,2,4,1,2,0,2,1,4979924.9483448565
175,5,2,1,2,1,2,2,9036712.447799591
82,5,2,1,1,1,1,1,1347679.6142005285
129,6,4,1,1,0,1,2,3653998.1289534927
284,6,4,1,2,2,1,1,6640623.937612681
231,4,1,1,2,1,0,1,2455073.842491938
145,2,4,1,1,1,2,1,3921250.9934363775
272,3,2,1,2,2,1,1,6198793.636532219
76,4,2,1,1,0,2,1,1721077.5010170445
80,5,3,1,1,2,1,1,1980974.8158521382
56,5,1,1,1,2,1,2,2516895.6522203893
98,1,3,1,1,2,1,1,2241996.678780574
222,2,1,1,2,2,1,1,4999602.506713222
80,1,3,1,1,1,0,1,965026.7545011801
78,6,1,1,1,1,1,1,1351445.597768374
231,3,4,2,2,1,1,2,7817429.588267638
186,4,2,1,2,0,1,1,2782148.2552188756
166,5,4,1,2,2,0,3,7414030.782231688
85,2,1,1,1,1,1,1,1424918.8779583846
84,5,1,1,1,0,1,2,2299403.315280646
40,6,3,1,1,1,1,1,748079.2906183858
207,1,1,1,2,2,1,1,4817042.600978123
147,1,4,1,1,1,1,1,2671295.1598915677
58,4,1,1,1,1,1,1,980913.1156812578
111,2,1,1,1,0,0,1,930629.1377288552
148,6,3,1,1,1,0,2,3304927.301486096
279,2,1,1,2,2,0,1,4131590.0901796
129,4,3,1,1,2,1,1,3019094.580063037
142,6,2,1,1,1,1,2,5173833.230888839
289,6,3,2,2,0,0,2,5022812.324942448
47,1,1,1,1,1,1,1,808931.3633989269
192,1,2,1,2,1,1,1,3269474.783655606
213,1,1,2,2,2,1,2,9545117.972871868
197,5,3,2,2,2,1,2,8920906.103746396
254,3,4,1,2,2,2,1,9473672.679997006
216,1,2,2,2,1,1,2,7257926.297051158
214,3,4,2,2,1,2,2,11362575.422001986
185,3,4,2,2,1,0,2,4241165.804832866
200,2,2,1,2,0,0,1,1804793.3770313682
166,4,4,1,2,0,0,1,1558032.2886808494
121,5,4,1,1,1,1,1,2053657.7613061918
186,3,4,1,2,0,0,1,1614870.1901830295
278,5,4,2,2,1,0,2,6154021.404161367
123,2,2,1,1,1,1,1,1998307.0841200016
152,1,1,1,2,2,0,1,2295402.11353024
264,6,4,1,2,2,0,1,3866256.955721387
282,3,2,1,2,0,0,1,2557420.315421794
182,4,2,1,2,0,1,1,2498244.0883465363
80,6,2,1,1,1,1,1,1393965.540137275
297,2,2,2,2,0,2,2,12509655.451257885
144,5,3,1,1,2,0,2,4637150.186445357
241,1,1,1,2,1,1,1,4088312.8939335104
249,5,1,2,2,1,0,2,5379378.6035523955
90,4,4,1,1,1,2,2,5086866.139569867
157,3,2,1,2,1,1,1,2659632.472011533
240,4,3,1,2,2,1,1,5489048.403479182
78,5,2,1,1,0,1,1,1111632.0396239262
67,5,4,1,1,1,2,2,3676066.711034098
298,6,1,1,2,1,2,1,8371573.497900499
123,4,4,1,1,1,0,1,1453467.3892027345
194,4,4,2,2,1,0,2,4151399.1073414893
156,4,4,1,2,1,1,2,5491233.980273368
41,1,4,1,1,0,2,1,958693.3884999703
132,5,4,1,1,1,0,1,1399820.584270927
205,2,4,1,2,1,2,1,5660716.886857699
297,1,4,1,2,1,1,1,5279595.111805502
120,1,1,1,1,1,0,1,1315629.9093477093
274,1,1,2,2,0,1,2,7354072.908722004
252,6,2,1,2,2,0,1,3819564.494613712
101,2,2,1,1,0,2,2,4379828.988396488
88,4,3,1,1,0,2,1,1907256.6777030872
166,6,3,1,2,1,0,2,3715109.8806698592
262,5,1,1,2,1,1,1,4498349.755494583
146,3,1,1,1,0,1,1,2069762.4655498762
185,6,3,1,2,1,1,1,3186107.8095933227
138,3,1,1,1,1,1,1,2403685.4601186765
112,5,3,1,1,1,1,1,1913512.479432683
161,2,2,1,2,1,0,3,4933468.425022037
69,3,1,1,1,2,1,1,1676689.307800727
227,1,1,1,2,0,1,1,3074328.8514396464
234,6,3,1,2,1,1,1,4075510.733890351
195,3,4,2,2,1,1,2,6606703.934324794
211,5,4,2,2,1,1,2,7057947.1168822665
80,1,2,1,1,2,1,1,1966657.3049764535
102,3,1,1,1,2,2,1,3804466.595933922
62,5,1,1,1,1,1,1,1076386.1792952847
114,2,3,1,1,1,0,2,2557781.969467755
87,5,4,1,1,1,0,1,1038037.202886904
199,2,4,2,2,2,0,2,5910189.606448523
157,1,2,1,2,1,1,1,2719363.5637479736
139,5,4,1,1,2,2,1,5041167.091568174
206,4,4,1,2,0,2,1,4299459.600507533
195,6,4,2,2,1,2,2,10367313.839542791
46,4,3,1,1,2,1,1,1201944.3914637452
235,4,4,2,2,0,0,2,3847694.1187225636
95,4,2,1,1,1,2,1,2641421.4648151994
232,6,4,1,2,1,1,1,3956807.0235256646
86,4,2,1,1,0,1,1,1207547.5974288895
187,2,3,1,2,0,0,1,1649865.7663107815
196,5,3,1,2,1,1,1,3296479.439733107
241,1,2,1,2,2,2,1,9275584.44462757
165,4,3,1,2,0,0,1,1487935.1208965755
103,4,1,1,1,2,1,1,2348541.0278763804
215,1,1,1,2,2,1,1,5049789.655199332
155,1,1,1,2,1,1,1,2505850.6210587607
243,4,1,1,2,1,0,1,2617601.2232961743
70,2,1,1,1,2,2,2,5173163.348769112
152,1,3,1,2,1,1,1,2486027.501106049
106,5,2,1,1,2,1,1,2451864.264693801
114,5,3,1,1,0,1,1,1610701.949787265
84,2,4,1,1,2,0,2,2587715.3678956204
299,6,1,2,2,2,1,3,19985800.690715924
193,3,1,1,2,1,0,1,2182193.761724715
194,2,3,1,2,1,1,1,3163610.9965707953
273,4,4,1,2,1,1,1,4735050.1154130455
90,3,3,1,1,1,0,2,2057329.0222701088
164,4,2,1,2,2,1,1,3716871.878830952
284,5,1,1,2,2,1,1,6564786.515688512
69,1,3,1,1,0,1,1,997214.5382394798
161,4,2,1,2,1,0,1,1835069.886402348
164,5,1,1,2,2,2,2,11773104.641006544
76,2,1,1,1,0,0,3,2063656.4737808981
209,4,1,2,2,0,0,2,3690909.467889878
163,5,4,1,2,2,0,1,2564193.402765537
74,1,3,1,1,1,0,2,1743621.096288882
126,4,1,1,1,0,0,2,2180454.3802773464
173,6,1,1,2,0,1,1,2407901.4234423307
235,5,2,1,2,0,0,1,2143093.143926405
240,4,3,1,2,2,2,1,9026970.999953734
116,1,2,1,1,1,1,1,2031376.461082548
98,4,3,1,1,2,0,1,1486821.7289890058
165,4,1,1,2,0,0,1,1498388.5514590994
148,6,4,1,1,1,1,2,4905788.803114158
263,5,2,1,2,1,0,1,2907993.7259075795
107,3,4,1,1,1,2,2,5881589.7172225835
108,4,4,1,1,1,1,1,1980988.0463866314
204,3,4,2,2,1,1,2,6884355.155741054
201,2,3,1,2,2,0,1,2848280.7194704534
81,4,3,1,1,1,1,1,1462659.895279503
148,3,4,1,1,1,1,1,2641467.221793074
90,2,1,1,1,1,0,1,1016766.6733883464
289,6,1,2,2,0,2,2,12083425.976179946
60,5,4,1,1,2,2,1,2305227.122940181
178,4,2,1,2,1,2,1,4881904.441094594
131,5,2,1,1,1,1,2,4501824.4944268465
164,2,3,1,2,0,1,1,2342572.3308957824
150,5,2,1,1,0,1,1,1938452.8233541609
178,5,1,1,2,2,1,2,7932055.417485044
138,1,4,1,1,1,1,1,2451435.995585377
291,2,2,1,2,1,1,1,4847982.342997294
143,5,4,1,1,0,1,1,1980375.8124692105
253,3,2,1,2,1,0,1,2882955.849243262
288,2,3,1,2,0,1,1,3924818.767211392
191,1,1,1,2,1,1,1,2961383.638069909
289,4,3,2,2,1,1,2,9286055.228987943
204,6,4,1,2,1,2,1,5831565.345433361
47,5,1,1,1,1,0,1,571390.7328084033
44,3,1,1,1,1,1,1,740002.9808417758
184,1,3,1,2,1,0,1,2134098.1890844316
140,2,2,1,1,0,0,3,3645810.8309829067
203,6,3,1,2,2,1,1,4623203.914098361
186,6,4,1,2,1,1,1,3124865.04419342
103,5,2,1,1,1,1,1,1745174.744559903
130,1,3,1,1,0,0,1,1172158.1421074138
156,1,3,1,2,2,1,1,3701507.7460074443
212,3,2,1,2,2,1,1,4809712.784288465
86,4,2,1,1,1,1,2,3015210.153657819
179,4,2,1,2,1,1,2,5971862.185415154
285,4,3,1,2,2,1,1,6404803.64028955
188,6,2,1,2,1,2,1,5155332.765125673
285,6,2,1,2,2,0,1,4156619.68199593
44,2,2,1,1,1,1,1,762050.0285427762
223,6,1,2,2,0,1,3,8894600.276207972
59,6,4,1,1,1,2,1,1673129.8745885077
85,1,2,1,1,1,0,3,2924877.5459637498
51,2,4,1,1,1,2,3,4293497.689134153
109,1,2,1,1,1,0,1,1193135.5485753557
56,3,2,1,1,2,1,1,1387008.342882477
186,3,1,2,2,0,0,2,3258174.4462632597
193,2,1,1,2,0,0,1,1685179.1376630503
147,2,2,1,1,0,2,2,6342413.705919311
275,6,2,2,2,2,1,2,12283815.122290464
109,3,2,1,1,2,0,2,3188375.923898177
222,5,4,1,2,1,0,1,2480362.897228584
289,4,2,2,2,1,1,2,9540513.42972012
267,6,4,1,2,1,2,1,7189273.528786456
141,4,1,1,1,1,1,1,2580861.7576185935
114,3,4,1,1,0,1,1,1624817.9375397516
255,4,2,1,2,2,2,1,8798691.866735172
242,5,1,1,2,1,1,1,4085131.402577555
231,5,3,1,2,1,1,1,3977041.059858008
288,1,1,1,2,1,1,1,4901062.478213687
281,2,3,1,2,2,0,1,4172676.4523790525
218,4,4,2,2,0,0,2,3882029.77325248
258,5,1,1,2,1,1,1,4474928.931800836
121,2,1,1,1,1,1,1,2139303.334383647
131,2,1,1,1,0,1,2,3495254.1875500586
214,1,4,1,2,1,2,1,5903110.933681021
278,2,2,1,2,0,1,1,3759108.3653932107
299,2,4,2,2,0,0,2,5140012.944592461
202,6,1,1,2,2,1,1,4534810.891794724
87,3,2,1,1,0,1,2,2350410.1947559323
155,1,1,1,2,1,1,2,5356303.982014073
264,1,1,1,2,1,2,1,7095786.18739543
186,4,3,2,2,1,1,2,6396870.127291029
102,2,1,1,1,2,0,1,1509163.7630459107
52,4,4,1,1,0,1,1,794784.6439933485
228,6,4,2,2,1,1,3,11098591.56162961
247,5,4,1,2,1,1,1,4336003.964218138
153,2,2,1,2,0,1,1,2166509.1728018094
61,5,3,1,1,1,0,1,728762.0136774824
253,3,3,1,2,1,1,1,4297578.651019976
210,6,1,1,2,2,1,1,4785336.579432768
93,2,1,1,1,1,0,3,3065376.4418506394
165,4,3,1,2,2,1,1,3881105.243406404
243,4,2,2,2,1,1,2,8082197.94243372
233,2,4,1,2,0,0,1,2209632.1073465627
208,4,1,1,2,0,2,1,4602663.962629663
191,2,3,2,2,1,2,2,10150655.178882122
74,1,2,1,1,0,1,2,2044533.680489916
223,4,4,1,2,2,1,1,5028363.990521726
96,2,1,1,1,1,1,1,1626734.2534162092
261,2,4,1,2,0,0,1,2479777.4640717
202,4,4,2,2,1,1,3,10405583.690066822
58,1,3,1,1,2,2,1,2200672.905217413
152,4,3,1,2,1,1,2,5403161.130801197
69,2,4,1,1,1,0,1,799630.1912965396
174,1,4,1,2,2,1,1,4017415.911831224
106,5,1,1,1,0,1,1,1383818.2212652054
104,3,2,1,1,1,1,2,3333804.0089925043
64,4,2,1,1,1,1,2,2201200.8946410506
76,6,4,1,1,1,2,1,2167133.680751087
40,2,3,1,1,1,1,2,1399476.4647327133
76,1,2,1,1,1,1,2,2631203.460007274
180,1,4,1,2,0,0,1,1603757.6783683414
271,5,3,1,2,2,1,1,6276809.848989661
175,4,1,1,2,2,1,1,3960954.839203739
227,6,2,2,2,2,1,2,10151163.055584792
167,1,1,1,2,2,0,2,5010928.10029125
240,5,3,2,2,1,1,2,7767505.178628206
166,2,4,1,2,1,0,2,3726725.045459519
296,5,1,1,2,0,1,1,4157538.353439865
203,4,4,2,2,0,1,2,5615508.346760935
74,5,2,1,1,2,0,1,1170492.283908924
233,1,1,1,2,2,1,1,5246325.819630389
230,1,2,2,2,0,1,2,6211752.294760082
143,3,2,1,1,1,1,1,2363632.7755935634
62,5,2,1,1,1,1,2,2152737.7005181652
299,2,2,1,2,2,0,1,4408773.086168546
114,6,2,1,1,2,1,2,4998576.365339291
111,6,3,1,1,1,0,1,1232308.7766020147
298,4,1,1,2,1,0,1,3203036.1644229437
227,3,4,2,2,0,0,2,4012935.259979099
212,5,4,2,2,1,1,3,10330423.186319502
84,2,3,1,1,1,1,3,4629794.339468431
100,3,4,1,1,0,0,2,1803589.7957381897
122,1,4,1,1,1,1,1,2010882.6208820762
162,4,4,1,2,0,2,1,3695314.7052553534
55,5,1,1,1,2,0,2,1724458.4052457984
105,6,4,1,1,2,2,1,4059549.0740946936
184,2,1,2,2,1,1,2,6210172.867730749
201,1,4,1,2,1,1,1,3576563.797766717
273,3,4,1,2,0,1,1,3667759.30510291
183,4,1,1,2,1,1,1,3009654.8567288527
227,3,3,1,2,1,1,1,3807626.8753778925
52,6,4,1,1,1,1,3,2724113.1416636417
223,3,2,1,2,2,2,1,7876012.273658656
150,2,2,1,1,1,1,1,2536421.183782247
254,1,3,1,2,0,1,1,3441155.678054197
159,5,2,1,2,1,0,1,1773365.5421739432
94,2,1,1,1,1,1,3,4800810.291231459
66,6,4,1,1,2,1,1,1726590.4922034286
157,4,4,1,2,2,2,1,6005560.956409166
260,6,4,2,2,2,1,2,11740795.563813822
270,6,4,1,2,0,1,1,3817026.9727407317
92,3,2,1,1,0,0,1,891626.7539882163
272,4,2,1,2,1,0,1,2886460.22000662
197,2,2,1,2,1,0,1,2232150.8151573655
60,6,1,1,1,0,0,1,551500.7795618854
92,2,2,1,1,1,0,1,1088904.1977094063
253,5,2,2,2,2,1,2,11751826.497485988
70,3,4,1,1,2,1,1,1712442.2241339257
222,2,2,2,2,1,1,2,7852191.394411123
62,4,3,1,1,1,2,1,1780557.347429814
71,6,3,1,1,1,1,1,1277511.2920633235
113,5,4,1,1,2,1,2,5261330.344090182
49,4,2,1,1,1,0,1,590538.2411040869
93,3,3,1,1,0,1,1,1332116.8247677307
91,5,3,1,1,0,1,3,3859671.7447446203
187,5,1,2,2,2,1,2,8254283.384707821
199,5,4,1,2,1,1,1,3524220.819803829
53,6,3,1,1,2,0,1,888817.5048800363
217,1,3,1,2,1,1,1,3743497.406874509
92,5,4,1,1,2,1,1,2198043.7842720747
61,4,2,1,1,0,2,1,1447936.302446355
69,4,4,1,1,0,0,2,1285815.6781793756
230,3,1,1,2,1,2,1,6338469.280066236
299,2,1,1,2,1,1,1,4871895.190971608
244,2,1,1,2,2,2,1,9261134.017318897
98,1,3,1,1,1,0,1,1099545.2144927555
51,6,2,1,1,1,0,2,1122850.9805651507
158,6,1,1,2,0,1,1,2230332.620274697
287,5,4,2,2,1,0,2,6397366.281921852
166,1,1,1,2,2,1,1,3786343.245272855
114,3,3,1,1,0,1,1,1598190.0710921644
243,3,1,1,2,1,2,1,6514937.093994285
88,2,2,1,1,1,1,1,1578424.7346548347
118,3,1,1,1,0,1,1,1552950.5726092653
280,5,2,1,2,2,1,1,6473384.809716306
193,4,2,1,2,1,0,1,2118086.3809590098
135,3,4,1,1,2,1,2,6213840.916886996
253,1,2,2,2,1,0,2,5453091.544451586
248,5,3,1,2,2,1,1,5855499.8615269335
127,3,3,1,1,2,1,1,3036023.4431737023
196,6,2,1,2,2,2,1,7128955.5247559175
195,3,2,1,2,2,1,1,4453017.08991593
178,6,1,1,2,2,2,1,6620615.4344043145
160,5,1,1,2,0,2,1,3543928.0229161982
104,3,4,1,1,2,1,2,5044023.967656973
146,6,1,1,1,2,1,1,3291937.420953274
186,4,3,1,2,0,1,1,2520169.621822215
176,2,1,1,2,1,1,1,3007692.7456402252
201,5,4,1,2,2,0,1,2994559.5604820764
139,6,4,1,1,0,0,2,2668336.698310156
180,1,2,1,2,2,0,1,2806274.6748549477
122,3,4,1,1,2,1,1,2959244.8260189593
216,6,2,1,2,1,1,1,3738909.9270280628
237,6,3,1,2,1,1,1,4138574.6961507425
151,6,3,1,2,1,1,1,2656207.3150380584
95,2,1,1,1,2,1,2,4322241.607908928
218,1,4,1,2,0,0,1,2004262.1116608568
225,1,3,1,2,1,1,1,4007654.066996405
257,4,2,1,2,0,1,1,3666694.229181152
256,2,4,2,2,1,0,2,5577994.134470117
159,6,4,1,2,2,1,1,3656035.932231278
214,5,2,1,2,1,1,1,3759239.602066848
62,2,4,1,1,2,1,2,3015047.782333337
252,2,4,2,2,1,0,3,8135028.128055608
274,1,3,2,2,2,2,2,20064563.312831372
52,4,2,1,1,1,0,3,1748010.3796085275
140,4,3,1,1,2,0,1,2179236.542486379
63,2,2,1,1,1,2,1,1760170.3419614164
50,2,1,1,1,0,1,1,725980.68665621
133,3,4,1,1,1,0,1,1417012.191300528
240,6,4,2,2,2,1,2,10678313.605240747
60,1,3,1,1,2,0,1,1016606.3695458131
250,6,4,1,2,0,1,1,3398809.4315685886
179,5,4,1,2,2,2,1,6689424.807445327
140,5,3,1,1,0,2,2,5898346.873462498
67,4,3,1,1,1,1,1,1203270.5377687407
80,1,2,1,1,0,1,2,2103694.315511185
185,6,1,2,2,0,1,2,4946966.602869485
295,4,3,2,2,1,1,2,9839028.320634326
266,5,2,1,2,1,2,1,7097795.511556256
275,2,3,1,2,1,1,1,4642003.063041217
52,1,2,1,1,1,1,2,1812680.5505595189
249,1,1,1,2,1,1,1,4252539.685768216
268,6,2,2,2,1,1,2,9119051.826019192
139,3,2,1,1,1,2,1,3844382.8657579385
70,6,4,1,1,1,0,1,868064.8770740837
55,2,3,1,1,1,2,1,1576920.2423957898
176,2,2,1,2,0,0,1,1543349.7176315994
205,4,3,1,2,1,1,1,3470844.718901668
139,1,2,1,1,1,2,2,7519098.402827072
148,4,4,1,1,2,0,1,2268739.20106338
212,2,4,1,2,1,1,1,3733565.285206266
276,3,1,1,2,2,0,1,3915227.0825738558
201,1,2,2,2,0,1,2,5668780.270102196
255,2,4,1,2,0,0,1,2206749.672633804
42,3,3,1,1,0,0,1,439260.2295248286
67,6,2,1,1,2,1,1,1653043.4296578127
188,5,2,2,2,1,0,2,3999381.9535831707
67,2,1,1,1,0,1,2,1828910.590196531
104,5,3,1,1,1,0,2,2379873.764624413
60,4,1,1,1,2,2,1,2138002.5969621125
291,5,2,2,2,1,1,2,9833341.53464205
274,2,1,2,2,2,0,2,8596849.416478334
266,5,2,2,2,1,2,2,14185707.446152737
52,1,2,1,1,2,0,1,810662.6717108575
88,2,1,1,1,1,0,3,3063675.939865871
157,3,1,1,2,1,1,1,2816039.8161543254
93,5,2,1,1,0,2,1,1960515.1433764668
177,1,1,1,2,1,1,1,3117229.8080383562
92,4,1,1,1,1,0,1,1036824.6198738108
83,4,2,1,1,0,2,1,1803575.4019954335
92,5,3,1,1,2,1,1,2168555.727226678
113,4,1,1,1,2,1,1,2583228.097434883
85,3,1,1,1,1,1,1,1468375.4090751326
52,2,4,1,1,1,1,1,881794.119493286
204,1,3,1,2,1,2,1,5528936.099307001
141,6,1,1,1,1,0,2,3146901.6499808184
297,5,2,1,2,1,1,1,5178433.000031454
177,4,4,1,2,1,1,1,3159021.515589613
202,2,4,1,2,0,1,1,2728012.489504333
150,6,4,1,1,1,2,3,12219265.145332944
141,3,1,1,1,1,0,1,1532271.7661354789
56,4,2,1,1,1,1,1,1017562.0605502413
221,4,4,2,2,1,1,2,7485573.289338947
63,1,3,1,1,1,1,3,3281148.0712052863
68,3,4,1,1,1,1,1,1295892.797746664
210,3,4,1,2,1,1,1,3635146.8357751323
267,5,3,1,2,1,0,1,3045243.133027085
227,6,4,2,2,0,1,2,6280494.441501069
269,1,4,1,2,1,2,1,7240402.381367565
158,5,3,1,2,0,0,2,2714437.20457297
195,1,1,1,2,2,1,1,4521468.76602613
214,3,3,1,2,1,1,1,3573832.598462893
143,1,1,1,1,0,1,1,1987859.452059044
131,1,1,1,1,1,1,2,4591541.702872375
225,1,1,1,2,0,1,1,3022514.215715911
220,2,3,1,2,2,2,1,7682368.494355053
209,2,3,2,2,2,2,2,14314367.084226977
226,6,1,2,2,1,0,2,4957261.400677468
214,6,3,2,2,2,2,2,15647975.654935487
261,3,1,2,2,0,2,3,17725218.4686424
272,1,3,1,2,0,1,1,3475541.0340039595
201,3,2,1,2,0,1,1,2650460.687979949
173,2,3,1,2,1,1,3,8503225.283384567
263,1,3,2,2,1,1,2,8969009.524477623
192,5,3,1,2,0,1,1,2775693.2868935354
72,2,1,1,1,1,1,1,1263659.3194862937
94,2,1,1,1,0,0,1,780798.3555145054
46,2,2,1,1,1,1,1,826790.7564210803
283,1,2,2,2,1,1,2,9221936.285719045
165,6,4,1,2,2,0,2,5199379.089116079
51,4,2,1,1,1,1,2,1854558.1145638837
55,5,1,1,1,1,1,1,982453.3333631794
247,5,2,1,2,1,1,1,4397188.597018838
82,3,2,1,1,2,1,1,1905956.1720348794
174,1,3,1,2,1,0,2,3921515.732202175
267,6,2,1,2,1,2,1,7238633.344917183
150,2,4,1,1,2,1,2,6919643.011149267
199,4,3,2,2,1,0,2,4563732.727449357
264,1,1,2,2,0,1,2,6879680.46146215
256,1,4,1,2,2,0,1,3949320.4730543983
84,6,1,1,1,1,0,1,979366.9487723272
253,4,4,1,2,0,0,1,2265809.279295082
98,2,3,1,1,2,1,2,4592105.349658741
171,1,4,1,2,2,0,1,2641604.010273603
143,5,4,1,1,1,0,2,3234262.851372011
234,5,2,1,2,0,1,1,3099222.6783534787
196,4,1,1,2,1,1,1,3324671.099690583
137,2,3,1,1,0,1,2,3950657.4458472277
265,4,4,1,2,1,1,1,4563939.878232429
244,1,1,1,2,1,1,1,4203948.731836184
118,5,1,1,1,0,2,1,2596009.842259906
163,3,2,1,2,1,1,1,2788854.2197412527
257,4,1,1,2,1,1,1,4379665.99095741
43,3,3,1,1,2,1,2,2044829.0220006292
129,3,2,1,1,1,1,2,4249872.299431973
143,6,4,1,1,1,0,1,1576828.384001743
158,5,3,1,2,0,0,1,1391112.7881637577
172,4,3,1,2,1,1,1,2955186.8020434473
135,3,3,1,1,1,1,2,4720761.506015477
182,1,2,1,2,1,1,1,3000443.543126086
67,6,1,1,1,1,1,1,1168474.021417445
272,2,3,2,2,1,1,2,9040657.333625644
56,6,1,1,1,2,2,2,3954229.1976134004
98,2,1,1,1,0,2,1,2231978.0721110264
129,5,3,1,1,1,0,1,1543083.4277134603
238,4,1,1,2,1,2,1,6413095.4704511985
65,4,2,1,1,0,0,2,1165550.0167543655
64,2,2,1,1,0,2,2,2978872.6736520594
220,1,4,1,2,0,1,1,3195731.1634142594
107,2,1,1,1,2,0,1,1713836.5750069753
88,2,1,1,1,0,1,1,1219605.1815812055
214,4,4,1,2,2,2,1,7685157.803921501
91,3,2,1,1,0,0,1,798247.6056970101
141,1,4,1,1,1,2,2,7742341.351499498
255,4,4,1,2,2,2,1,9188317.371878497
227,6,4,2,2,1,1,2,7744865.481548176
96,2,1,1,1,1,0,1,1009037.5674013137
86,3,1,1,1,2,1,1,1990610.6728876722
198,1,1,2,2,1,1,2,6726448.920122036
213,5,1,1,2,1,1,1,3425642.719011868
281,1,3,2,2,1,1,2,9273000.958902577
280,1,4,1,2,1,1,1,4943215.9579151105
44,2,4,1,1,0,1,2,1257168.833661115
123,2,1,1,1,0,0,1,1074206.9715160334
287,5,2,1,2,0,0,1,2563235.4833255727
93,5,3,1,1,1,0,2,2158719.68005012
200,5,3,1,2,1,1,1,3452423.0571447467
265,4,2,2,2,0,0,2,4533753.945935752
54,4,1,1,1,0,1,1,729664.6822999222
263,2,3,2,2,0,0,3,7087871.167534678
100,2,3,1,1,2,0,1,1625928.6285108635
161,5,4,1,2,2,0,2,5013725.943883829
85,4,4,1,1,0,1,1,1223145.6293282679
101,3,1,1,1,1,1,1,1754033.600773995
125,4,1,1,1,1,1,1,2137287.7041712324
249,2,4,1,2,1,1,1,4368683.485957544
117,4,4,1,1,1,1,2,3660965.284284993
241,2,4,2,2,2,0,2,7581406.251383238
262,5,2,1,2,2,1,1,6157613.484941833
261,5,3,1,2,1,0,1,2927271.896282169
42,5,1,1,1,2,0,1,671803.7929743922
45,3,1,1,1,1,2,1,1265402.7264892694
132,3,2,1,1,1,0,2,2840699.276469124
47,2,4,1,1,1,1,2,1763126.6429471893
274,1,3,1,2,2,0,1,3921399.1571771344
147,6,4,1,1,1,1,1,2595782.6643583784
200,3,1,2,2,2,2,2,15435374.009671321
248,2,2,2,2,2,1,2,11768937.542487962
279,4,3,2,2,0,1,2,7406269.20830275
89,5,3,1,1,0,0,1,820023.5113557245
50,5,3,1,1,1,1,1,969976.8963469262
195,5,3,2,2,1,0,2,4480318.971878909
109,2,2,1,1,1,1,1,1827297.735532343
208,5,1,2,2,1,1,3,10371628.739476385
107,3,3,1,1,1,1,1,1904956.316963343
291,4,3,1,2,2,1,1,7012328.636918022
87,5,1,1,1,0,1,1,1179494.5517075888
223,2,4,1,2,1,1,1,3756234.816212768
226,4,3,1,2,1,2,1,6131303.949477767
129,5,3,1,1,2,2,1,4771708.735155103
178,1,4,1,2,1,0,1,2076976.4379258715
128,5,1,1,1,0,1,2,3423882.255755499
58,6,1,1,1,0,2,1,1246230.5317586337
193,3,3,1,2,1,1,1,3224924.9250803865
299,4,1,1,2,2,2,1,11326728.045322701
147,3,4,1,1,1,1,1,2576839.2227332755
98,1,2,1,1,0,2,1,2069227.831790058
164,1,4,1,2,2,1,1,3926423.4699031953
146,6,4,1,1,1,2,2,7844577.566614616
284,3,2,2,2,1,0,2,6372941.674623033
286,4,4,2,2,0,0,2,5185245.232061437
47,1,3,1,1,1,0,1,589114.5968541263
180,1,3,1,2,0,2,1,4068836.174726157
47,5,1,1,1,2,1,1,1128620.108919994
133,6,1,1,1,1,1,3,6809693.136672313
78,2,4,1,1,1,2,1,2295066.7808857276
120,1,3,1,1,1,2,1,3259705.8950434295
226,4,3,1,2,1,1,1,3708154.6573615316
123,4,2,1,1,2,1,1,2876896.1035173708
127,5,1,1,1,1,1,1,2209775.5642388184
281,4,3,2,2,0,1,3,11409253.033151673
132,5,4,1,1,1,1,1,2213256.6295503993
125,1,3,1,1,2,1,2,5991458.1670323685
83,1,1,1,1,0,1,1,1169656.672511828
176,1,4,1,2,1,1,2,6137976.553655611
113,1,1,1,1,2,1,2,5253928.495672713
75,2,3,1,1,0,1,1,1057749.8544476493
140,6,3,1,1,1,1,1,2383913.63646481
195,6,3,1,2,1,1,1,3381447.132109873
294,2,1,1,2,1,0,1,3223616.8365037423
210,1,4,1,2,1,0,1,2434117.3238534434
255,4,3,1,2,2,2,1,9488919.352790244
209,5,3,1,2,1,1,1,3548823.410670736
291,6,3,1,2,2,0,1,4338659.297705414
94,3,2,1,1,1,0,2,2089387.970949256
130,5,2,1,1,1,0,1,1461960.0714133775
140,3,4,1,1,0,0,1,1286415.4852167354
194,3,1,1,2,0,2,1,3975317.0916672107
180,1,3,1,2,1,1,2,5856096.403400454
212,3,3,1,2,0,0,1,1931713.7894046435
49,1,1,1,1,1,1,1,855018.357518671
267,2,1,2,2,0,0,2,4634930.605411998
287,4,4,2,2,1,1,2,9274480.322236978
286,3,1,1,2,0,1,1,3758815.8334043296
194,4,3,1,2,1,1,1,3416499.1774832704
73,1,4,1,1,2,0,1,1308337.599640092
168,3,2,1,2,2,0,1,2668880.5912928805
199,5,4,1,2,0,1,1,3021140.214529887
128,2,4,1,1,1,1,1,2265531.2636906756
132,6,4,1,1,1,0,2,2888828.204895404
280,2,1,2,2,2,1,2,12442825.08803779
156,3,3,1,2,2,1,3,10582320.600406736
133,2,1,1,1,1,1,1,2247978.259688224
202,6,3,1,2,0,0,1,1808899.3103307006
138,5,1,1,1,1,1,2,4623181.361630515
152,4,4,1,2,2,1,1,3420169.5998360743
130,5,3,1,1,0,2,2,5442423.119316885
245,2,1,1,2,0,1,1,3426951.59327107
56,6,4,1,1,0,1,1,827335.1893094175
212,4,2,2,2,1,1,2,7215966.593775983
155,6,1,1,2,0,1,1,2066420.73735176
220,5,1,2,2,0,1,2,5801464.821010113
130,1,2,1,1,1,0,1,1430506.808367247
121,1,1,1,1,0,2,2,5124687.241365962
153,4,2,1,2,1,1,2,4861582.305342045
296,4,3,1,2,2,0,1,4717237.607347797
97,4,2,1,1,0,1,1,1403316.653101026
193,1,4,1,2,2,0,1,3070696.360589722
155,5,2,1,2,1,2,1,4251049.476489963
242,4,3,1,2,1,2,1,6662257.453247083
80,1,2,1,1,1,1,1,1401303.8654125868
144,4,2,1,1,1,1,1,2501383.038510952
232,4,3,1,2,1,0,1,2719477.5699327476
276,6,1,1,2,0,1,1,3673752.6822101236
260,4,1,2,2,1,0,2,5746041.264821055
107,1,4,1,1,2,1,1,2600382.764292619
236,5,4,1,2,0,0,1,2052481.1179923087
295,1,2,1,2,2,1,1,6750679.814619327
178,1,1,1,2,2,0,1,2722485.2882316797
188,4,1,1,2,1,1,1,3225961.721952672
138,6,2,1,1,1,0,2,3204580.4069724362
115,3,3,1,1,2,0,1,1736830.2432180133
148,3,1,1,1,2,2,1,5371375.344442824
227,3,4,2,2,0,0,2,4105750.4394786386
238,1,2,1,2,1,1,1,3877745.2864366635
193,4,3,1,2,1,0,1,2186969.0530736134
79,3,4,1,1,1,0,1,1007711.4556144065
172,2,1,1,2,0,1,2,4797682.478245475
171,2,3,1,2,2,0,1,2564365.5562082455
123,2,4,1,1,0,1,1,1720478.1647950674
281,5,2,2,2,0,0,2,5038168.952777244
155,4,3,1,2,1,1,2,5297653.494581982
148,1,3,1,1,2,2,2,10746167.168478433
260,1,2,1,2,0,2,1,5784092.47906287
80,4,1,1,1,1,1,1,1463078.4214558082
186,6,1,1,2,1,1,1,3126208.4946479686
151,6,3,1,2,0,0,1,1310590.1264200073
142,5,3,1,1,0,2,1,3165353.697787748
85,4,3,1,1,1,1,2,3030214.3072714848
234,6,4,1,2,1,1,1,3935061.278814122
79,5,3,1,1,0,0,1,723551.2564723672
228,3,1,1,2,2,1,1,5007538.021703763
203,3,2,1,2,2,0,1,3205765.5431292667
63,5,2,1,1,0,1,1,885370.6372445141
63,4,2,1,1,0,0,2,1208099.8817471853
43,3,3,1,1,1,0,1,535239.8263151606
220,4,3,1,2,1,0,1,2471289.9262545183
287,6,2,1,2,1,2,1,7677496.318609331
155,3,4,1,2,0,0,2,2649367.821431512
108,6,4,1,1,2,1,2,4951328.395680494
293,4,4,1,2,0,2,1,6389482.803632936
220,4,4,1,2,1,2,1,6073320.859430468
208,2,1,1,2,0,2,1,4343055.968604807
288,5,2,2,2,1,0,2,6259071.728591496
227,1,1,1,2,2,1,1,5302522.910437467
93,5,3,1,1,1,2,1,2579672.9184545777
177,4,4,1,2,0,1,1,2426532.145496486
207,4,4,1,2,1,0,1,2351340.134870517
142,5,2,1,1,1,1,2,4550463.041246565
124,4,4,1,1,1,0,1,1365627.4403330388
251,6,2,2,2,1,2,2,13523472.038801674
42,3,3,1,1,2,0,1,743428.5414901713
218,4,4,2,2,1,1,3,11036913.162201606
77,5,4,1,1,1,1,2,2747339.3228111756
278,5,1,1,2,1,1,1,4506360.5803565625
208,5,2,2,2,0,1,2,5344689.219358669
69,2,2,1,1,1,1,2,2379397.9709237856
229,6,4,1,2,1,1,1,3976741.273031034
64,6,1,1,1,1,1,1,1134700.0847805263
151,2,4,1,2,0,1,1,2218913.387982949
245,6,2,1,2,2,0,1,3544947.077479292
224,2,2,1,2,1,1,1,3843242.906336646
86,6,4,1,1,2,2,1,3236387.5221162583
267,2,3,1,2,1,1,1,4601764.153216351
78,2,4,1,1,0,2,1,1737483.4041875724
55,6,1,1,1,1,2,1,1515830.6569399368
61,2,2,1,1,2,2,2,4582732.645996076
252,6,2,2,2,1,0,2,5314171.692114179
188,2,4,2,2,1,0,3,6349244.814021946
280,5,3,1,2,2,1,1,6417512.55225165
98,1,2,1,1,1,0,2,2305307.825019949
241,6,4,2,2,0,1,3,9422653.80275841
71,2,3,1,1,0,1,1,1053215.8973385422
201,5,4,2,2,1,2,2,10849717.46247706
294,1,4,1,2,1,1,1,5007275.231185235
293,2,4,1,2,0,2,1,6595275.175610388
48,1,2,1,1,2,1,1,1179331.9405518116
178,6,3,1,2,1,2,1,4831419.471277628
49,1,1,1,1,1,0,1,587313.3178480879
253,3,1,1,2,2,0,1,3773036.6336257453
87,4,2,1,1,2,1,2,4115444.1784150195
150,3,2,1,1,1,0,1,1697665.4412926733
192,6,4,2,2,1,1,2,6833532.509222654
162,6,4,1,2,0,1,1,2257484.0770976325
141,1,3,1,1,1,1,2,4852507.006485425
280,5,4,1,2,1,1,1,4602441.68619978
230,2,3,1,2,1,1,1,3818163.159980196
256,4,4,1,2,0,2,1,5538190.924554829
90,2,4,1,1,2,0,1,1470080.863199393
120,5,1,1,1,0,1,2,3178482.7976132184
127,6,2,1,1,0,1,2,3387773.4409350962
233,4,3,2,2,2,2,2,16507698.363725515
143,3,1,1,1,2,1,1,3362422.560719328
135,6,4,1,1,0,0,1,1235948.2297042757
237,6,1,1,2,2,1,1,5070197.463206662
40,1,3,1,1,0,1,1,635217.0924868644
206,5,2,2,2,2,1,2,9247687.320027132
165,1,1,1,2,0,0,1,1435022.9369113734
120,1,3,1,1,1,0,3,4032891.1540696463
290,2,4,1,2,2,2,1,10646292.085908873
208,6,1,2,2,0,1,2,5405491.578403999
112,5,2,1,1,0,1,1,1565316.5613701183
180,1,3,1,2,1,1,1,2945068.0611949028
109,3,2,1,1,1,0,1,1204278.5719468486
284,4,4,1,2,1,1,1,4878097.490707296
42,5,2,1,1,2,0,2,1302905.9301543795
102,2,4,1,1,0,2,1,2216744.2694537267
88,5,4,1,1,1,1,1,1608611.6525283593
115,6,1,1,1,2,1,1,2617993.621216844
214,2,4,1,2,2,1,1,4952666.198113167
148,4,2,1,1,1,1,1,2486000.807719211
222,3,1,1,2,1,0,1,2414561.8947591474
231,1,4,1,2,2,1,1,5399798.447596046
104,5,3,1,1,0,1,1,1470014.8731276123
139,2,3,1,1,0,1,1,1947722.1431820851
71,4,4,1,1,1,2,1,2001287.4760723698
167,1,1,1,2,2,1,1,3694812.757400647
82,4,1,1,1,2,2,1,2948700.0642734566
117,3,1,1,1,2,0,1,1754167.698297143
201,1,2,2,2,2,1,2,9614290.464848084
228,1,3,2,2,1,1,2,7549775.141216057
286,1,4,1,2,2,1,1,6485910.302383996
255,2,4,1,2,1,0,1,2730278.1373799816
207,1,3,2,2,2,1,2,9345685.377529036
232,4,2,1,2,1,1,1,3911929.53263154
52,2,1,1,1,0,1,1,732055.6355429866
279,1,3,2,2,1,1,2,9615808.228390317
186,4,4,1,2,1,1,1,3235346.0109725795
243,4,2,1,2,2,0,1,3697474.446355921
119,5,4,1,1,1,2,1,3252453.1511657615
82,4,1,1,1,0,1,1,1232035.6507185404
128,6,3,1,1,0,0,1,1144989.1908960687
187,3,1,1,2,1,1,1,3048343.7194651146
134,1,2,1,1,2,1,1,3043936.629262481
190,1,3,1,2,1,2,1,5483565.111272811
41,1,1,1,1,0,2,2,1756210.7016986972
61,4,1,1,1,1,0,2,1351102.8022204451
46,4,1,1,1,1,0,2,1019910.969376682
245,1,2,2,2,1,0,3,7990151.5534242885
153,6,1,1,2,1,0,1,1636832.5144601127
122,2,4,1,1,1,1,3,6202276.3243395705
218,2,3,2,2,0,1,2,5730280.200937383
249,3,3,1,2,0,1,1,3521849.479573518
163,5,1,1,2,0,1,1,2260160.720282094
152,3,2,1,2,1,1,2,5101928.670170999
51,1,4,1,1,1,1,2,1812309.6406327463
165,1,4,1,2,2,1,1,3858213.7019123454
92,1,3,1,1,2,1,1,2142645.3137533045
179,5,3,1,2,1,0,2,3696869.519153324
136,4,4,1,1,1,1,1,2301581.3723482657
44,5,3,1,1,1,1,1,842807.2584058925
96,3,1,1,1,0,1,1,1288455.6773237477
108,4,4,1,1,1,2,1,2918477.517419931
157,4,3,1,2,1,1,1,2537528.1358464416
98,3,1,1,1,1,1,1,1693360.8349552616
72,4,1,1,1,1,0,2,1590770.3378763807
89,2,4,1,1,0,1,1,1313505.0387384503
58,3,1,1,1,0,1,2,1610475.2471453617
253,3,4,1,2,1,1,1,4182719.3449325627
236,2,1,1,2,1,1,1,4061323.8479510923
86,5,4,1,1,1,1,1,1498991.9354815425
206,5,4,2,2,1,2,3,16554373.1776552
180,5,4,1,2,0,1,2,5077825.227426127
123,4,4,1,1,2,1,1,3021660.8238262576
221,2,1,1,2,1,1,1,3692940.770869004
118,3,4,1,1,1,1,1,2115808.054736587
254,3,3,2,2,0,0,3,6664417.47329813
53,3,1,1,1,1,1,1,923507.6173280315
254,4,4,2,2,2,1,2,10875526.761040704
167,4,1,1,2,0,1,1,2151067.0619979934
287,6,1,1,2,1,1,1,4888544.0200952
68,5,1,1,1,0,1,2,1814228.9936510161
241,6,1,2,2,0,1,2,6252418.833393827
96,6,4,1,1,0,0,1,902347.6576239358
257,4,1,2,2,2,1,2,11328705.089834068
101,5,3,1,1,2,1,1,2359359.403174779
196,5,1,1,2,1,0,1,2068697.204419801
241,3,1,1,2,1,0,1,2691776.6673592064
56,4,3,1,1,1,0,2,1306154.4105198032
45,5,4,1,1,1,1,1,860307.0764795898
97,6,3,1,1,0,0,2,1704867.234497478
208,2,2,1,2,0,1,1,2805003.5123751108
121,2,3,1,1,2,1,3,8448511.007209482
258,4,4,1,2,1,1,1,4374406.028974542
216,3,3,2,2,0,1,2,6102101.76488945
243,3,1,1,2,1,0,1,2557730.241660785
110,5,4,1,1,1,0,1,1285872.2663236267
137,4,2,1,1,1,1,1,2311255.5664106137
247,2,4,2,2,1,2,3,20421217.01576786
41,6,1,1,1,0,1,2,1134632.7784327476
163,5,2,1,2,2,1,1,3514321.9737741235
113,6,4,1,1,1,1,1,2007015.2905047073
205,5,4,2,2,1,2,3,17314327.51263123
61,1,1,1,1,2,1,1,1391410.8252136332
193,6,3,1,2,1,1,1,3205622.281814261
258,4,3,1,2,0,0,1,2347717.9755034186
196,6,2,1,2,0,1,1,2591696.9128267313
269,6,1,2,2,0,0,2,4873786.089977224
59,5,1,1,1,2,1,1,1412817.7113710113
80,2,3,1,1,0,0,1,746841.7084298052
187,1,3,2,2,1,0,2,4301807.323948684
147,6,2,1,1,1,1,1,2556696.3274130793
123,2,3,1,1,0,1,1,1718651.5222700643
173,3,2,1,2,2,1,2,7687897.357643256
246,1,4,2,2,1,0,3,8470651.593053605
112,1,2,1,1,2,2,1,4231290.21859363
87,5,2,1,1,1,1,1,1467889.355214074
272,6,2,2,2,2,1,2,12558687.616833186
139,3,4,1,1,0,1,1,2052927.3354794716
98,5,3,1,1,1,1,1,1682540.2799740531
297,4,2,1,2,2,2,1,10661265.376451991
104,2,3,1,1,1,1,2,3588265.962406888
122,2,2,1,1,1,0,1,1372976.7568302918
193,5,3,1,2,1,1,1,3196713.3400579668
118,2,2,1,1,1,1,1,2128460.9143258394
189,6,3,1,2,0,1,1,2416656.1014813394
87,2,1,1,1,2,2,1,3370988.2939984794
287,6,4,1,2,2,0,1,4385244.423169506
137,4,2,1,1,1,1,1,2279940.933114418
64,3,4,1,1,1,0,2,1517286.9071982403
107,1,2,1,1,1,0,2,2254145.9955256307
46,5,1,1,1,1,1,1,799915.5041106537
176,5,1,1,2,0,1,1,2449052.160886996
203,6,4,1,2,0,2,1,4433307.153575557
122,4,2,1,1,2,1,1,2838720.4678644375
177,4,3,1,2,1,1,1,2895893.936062527
112,1,2,1,1,1,0,1,1298498.9368338431
276,3,3,1,2,1,0,1,3055765.238588605
85,5,4,1,1,1,1,1,1579577.538170076
145,6,4,1,1,1,1,1,2524257.6375371153
215,4,1,1,2,1,0,1,2275109.416337965
205,5,3,2,2,1,1,2,7070953.321536512
184,6,2,1,2,1,2,1,4961015.847357495
93,2,1,1,1,2,1,1,2202807.1325466107
217,5,4,1,2,1,1,1,3800087.775873528
283,3,1,1,2,1,0,1,3067475.2294505583
166,6,2,1,2,0,0,3,4355998.256731721
171,3,2,1,2,2,1,1,4009364.483606714
132,5,4,1,1,1,0,1,1644056.9092975722
112,2,1,1,1,0,2,2,5047678.659016078
287,3,3,1,2,0,2,1,5945326.255737099
82,4,3,1,1,1,2,1,2319144.614126344
80,6,3,1,1,1,1,1,1383593.2476137432
209,5,2,2,2,2,1,2,9119223.753588809
251,2,1,1,2,0,0,1,2124669.303421086
207,4,3,1,2,2,1,1,4655271.125845686
78,5,1,1,1,0,2,2,3204800.9491402227
284,2,4,1,2,1,0,1,3065515.375897157
190,4,3,1,2,1,0,1,2071811.987037711
150,3,1,1,1,1,0,1,1718078.2069991792
86,5,2,1,1,2,1,1,1956524.109708253
102,5,4,1,1,0,1,1,1449223.5706741977
264,3,4,2,2,0,1,3,10473190.478809802
108,1,4,1,1,1,0,2,2378187.370030495
242,4,4,2,2,1,0,3,8022968.220548706
100,3,2,1,1,1,0,1,1128001.145237679
200,5,2,2,2,1,1,3,9981547.268405551
55,4,3,1,1,2,0,1,893224.364209056
133,4,2,1,1,0,0,1,1177923.9398744542
177,1,2,1,2,1,2,1,4766411.510900706
77,5,4,1,1,0,0,1,748619.454423118
166,2,2,1,2,0,1,2,4621581.624538584
203,1,4,1,2,0,0,1,1836841.935815037
116,1,1,1,1,0,0,1,1087164.3754328247
213,2,1,1,2,0,2,1,4582436.04864648
130,2,1,1,1,1,1,1,2288352.897602489
277,1,1,2,2,2,0,3,12191702.17378609
218,4,1,1,2,2,2,1,8025970.0535030365
248,3,1,1,2,1,1,1,4070683.449503339
112,3,1,1,1,0,0,2,2103431.7442672923
146,1,4,1,1,1,0,1,1720568.1892476382
221,4,4,1,2,1,0,1,2651369.6950441063
76,2,4,1,1,1,1,1,1403209.9821724633
176,6,4,1,2,1,1,1,3129272.2307993653
95,1,2,1,1,0,1,1,1297461.9285920674
226,5,2,1,2,1,1,1,3862619.8983040205
297,4,3,1,2,1,1,1,5110805.323350575
97,5,2,1,1,1,0,1,1110400.5235303368
162,5,4,1,2,1,1,2,5696110.448537309
227,1,4,2,2,2,1,2,10367501.86779837
269,4,1,1,2,0,1,1,3655170.8707983363
207,5,1,1,2,1,1,1,3465300.738443313
153,4,3,1,2,1,0,2,3422402.4764268775
291,3,2,1,2,1,1,1,5000007.634461862
146,6,4,1,1,0,0,1,1310911.0935099283
76,5,2,1,1,2,2,1,2752740.642126319
131,5,3,1,1,1,1,2,4470239.758052619
57,4,1,1,1,1,0,1,656058.732861529
102,6,4,1,1,1,0,2,2421866.9374935543
189,3,1,1,2,1,1,1,3196771.8479749532
178,5,4,1,2,0,1,1,2598343.7618587883
225,1,1,1,2,1,1,1,3625561.1265907777
224,4,1,1,2,1,1,1,3984396.262757453
244,4,3,1,2,0,1,1,3163280.424533589
299,5,2,1,2,1,1,1,5153861.54782824
253,3,1,2,2,1,1,2,8265698.978580321
295,5,4,1,2,2,0,1,4513815.302695143
174,2,2,1,2,1,1,1,2974394.310745015
100,5,2,1,1,0,1,1,1353767.5090010848
127,6,1,1,1,1,0,1,1412580.8364349024
246,6,1,2,2,1,0,3,7962734.933609117
168,2,1,1,2,1,1,2,5553383.566584633
42,6,2,1,1,0,1,2,1226387.3850194847
281,6,3,1,2,1,1,1,4817418.38878034
160,1,1,1,2,1,2,2,8492834.319489883
141,4,2,1,1,0,0,1,1270914.824870845
77,6,2,1,1,0,2,1,1753911.2395130943
172,4,4,1,2,1,1,1,3027308.373996397
241,3,1,1,2,2,1,1,5415261.904617216
60,5,3,1,1,2,1,1,1528202.120560466
281,1,4,2,2,2,2,2,20351122.31453485
148,2,1,1,1,1,1,2,5076859.191171351
123,3,4,1,1,1,1,1,2234371.5920263054
122,1,1,1,1,1,1,3,6108769.058900781
108,1,4,1,1,1,0,1,1306116.97799515
168,2,3,1,2,2,0,2,5191202.733675666
235,2,4,1,2,2,0,1,3540468.2197311977
179,4,4,1,2,0,0,1,1785017.3713905425
273,5,4,1,2,2,1,1,6253684.599452422
62,3,1,1,1,0,2,2,2786934.826020425
192,5,1,2,2,0,0,3,5174351.355047704
100,3,3,1,1,1,0,2,2251901.8234738056
91,1,4,1,1,2,0,1,1475228.4226652149
192,6,2,2,2,1,1,2,6579174.085702614
276,6,4,1,2,0,1,1,3728075.5728236707
71,2,2,1,1,1,0,3,2329752.7906637234
94,2,2,1,1,1,0,1,1085249.3750487021
75,1,4,1,1,0,1,1,1093934.3325393798
149,1,2,1,1,0,0,1,1316614.3499746346
216,3,2,1,2,1,0,1,2384965.829642413
136,1,4,1,1,2,1,1,3165136.7185203205
252,3,1,1,2,0,2,1,5466352.808441967
176,5,4,1,2,2,1,1,4135112.169659891
45,2,3,1,1,1,1,1,836812.8021427048
148,2,2,1,1,0,1,1,2007324.839320652
74,6,3,1,1,1,0,1,872664.1578521198
78,6,2,1,1,0,1,1,1130976.3197778843
189,2,1,1,2,1,2,1,4878712.153134595
157,5,2,1,2,0,1,1,2223341.8721705624
126,5,4,1,1,1,0,1,1486025.389380328
115,4,2,1,1,1,1,1,2076421.0569896074
253,3,3,2,2,1,1,3,12652777.661586426
278,6,4,1,2,1,0,1,3124383.3382430514
204,3,3,2,2,1,0,2,4451186.504830655
126,6,1,1,1,1,0,1,1404061.679344262
180,4,3,1,2,1,0,1,2055634.8680036932
199,2,3,1,2,1,1,1,3488346.677610556
85,3,3,1,1,2,0,1,1267023.8182970306
151,6,4,1,2,0,1,1,2107506.315609719
84,3,1,1,1,1,1,2,2834226.032515351
286,2,1,2,2,1,0,2,6552466.746133368
143,1,1,1,1,1,2,1,3908209.434225142
124,6,3,1,1,1,1,2,4289628.294872912
173,1,4,1,2,2,1,2,7905683.786277602
147,4,4,1,1,1,1,1,2551640.534439999
57,5,4,1,1,2,0,1,941127.7619941909
133,3,3,1,1,1,0,3,4383515.983244029
189,6,1,2,2,2,1,2,8415497.84096612
285,3,3,1,2,2,1,1,6621206.731987727
248,4,4,1,2,0,1,1,3356768.543505127
165,4,3,1,2,1,0,1,1876424.009064795
274,3,2,2,2,1,1,2,9013570.507912874
161,6,1,1,2,1,1,2,5324241.603856193
177,2,1,1,2,1,2,3,14783451.673281718
154,2,4,1,2,1,1,1,2632148.310791308
201,5,3,1,2,1,0,1,2222547.736522974
240,3,4,1,2,1,0,1,2765913.7854857505
273,3,3,1,2,1,0,1,2974235.614697778
67,6,2,1,1,1,1,1,1115278.921167387
50,3,1,1,1,1,1,1,879267.6760028072
245,6,1,1,2,1,0,1,2575463.3785076393
206,3,3,1,2,0,0,1,1945358.0645851265
286,4,1,1,2,0,0,1,2639343.335379043
86,1,3,1,1,1,1,1,1495650.328624819
285,3,4,1,2,2,1,1,6361861.35456005
166,1,2,1,2,2,0,1,2462294.737110309
186,2,3,1,2,2,1,1,4359723.378700733
157,5,2,1,2,2,1,1,3668576.564172758
191,2,4,2,2,0,0,2,3375328.601243652
111,3,4,1,1,1,0,1,1289439.8430868217
176,6,4,1,2,0,1,1,2391067.6302952752
214,2,3,1,2,2,1,1,4750464.09785714
58,4,2,1,1,0,1,1,819347.0770984857
234,1,2,1,2,1,0,1,2578443.1242046156
214,6,1,2,2,2,1,2,9420147.625299633
180,6,3,1,2,0,1,1,2623313.4972600145
285,3,1,2,2,2,2,2,20619460.23786497
132,4,1,1,1,0,1,1,1798053.838543308
278,1,3,2,2,1,2,2,14302470.726330377
244,4,1,2,2,0,2,2,10439047.981734145
87,2,1,1,1,1,1,1,1489584.171507787
284,3,1,1,2,1,0,1,3175728.4206572426
167,6,4,1,2,2,0,1,2485483.099648862
56,6,3,1,1,1,0,1,651207.111949545
110,2,4,1,1,1,1,2,3826426.2292187125
46,6,1,1,1,1,0,1,551495.225391468
142,5,1,1,1,2,1,2,6595332.132422475
232,3,4,2,2,0,1,2,5820891.562248708
280,2,1,1,2,2,0,1,4122229.0703058126
101,3,3,1,1,2,0,1,1567646.7570416988
56,1,2,1,1,1,1,1,956021.1426642698
210,3,4,1,2,0,2,1,4712082.6726795165
64,3,2,1,1,1,1,2,2256780.097710222
290,1,2,1,2,1,2,1,7561063.705267676
292,2,2,1,2,0,1,1,4063773.4528247803
246,3,4,1,2,2,1,1,5680383.566861058
68,4,1,1,1,1,2,2,3640229.0531290993
156,3,3,1,2,0,1,2,4221457.622481753
183,2,1,1,2,1,0,1,2015373.6891336169
64,6,3,1,1,0,1,1,937644.4129065902
195,1,1,1,2,0,1,1,2545065.5771563114
112,6,2,1,1,2,1,2,5384803.458150911
159,2,2,1,2,0,2,3,9997669.764585305
132,5,3,1,1,0,1,2,3576332.1963482136
125,6,4,1,1,2,1,3,9121363.15967241
157,3,1,1,2,0,1,1,2089443.4037159747
272,3,2,1,2,2,1,1,6239319.35927482
238,1,3,1,2,1,0,1,2658732.251755465
245,3,1,2,2,1,0,2,5363058.0211644
186,4,3,1,2,0,1,1,2451315.969406203
178,4,4,1,2,2,1,3,12431919.515510125
220,6,4,1,2,1,1,1,3680587.813851793
69,2,1,1,1,0,1,2,1823517.2422395863
96,1,4,1,1,1,1,1,1712497.111208227
271,5,1,1,2,1,0,1,2946010.0882349894
185,6,1,1,2,1,1,1,3111853.826604904
87,2,4,1,1,0,1,2,2320958.1972294995
233,1,3,1,2,1,0,1,2617430.6205876637
263,1,3,1,2,2,1,1,6196782.274741611
175,6,1,1,2,1,0,1,1845174.351158578
61,2,2,1,1,1,2,1,1687162.7407683693
45,2,1,1,1,2,1,3,3166706.0027122144
243,3,3,1,2,1,2,1,6631422.141171916
278,5,1,2,2,0,1,2,7408366.422697114
224,4,3,1,2,1,1,1,3788716.248068064
259,3,4,1,2,0,2,1,5703224.80519954
155,1,1,1,2,0,1,1,1967918.215876269
88,5,1,1,1,1,1,1,1607881.4358662926
212,5,4,1,2,1,0,1,2442617.920313613
121,2,4,1,1,2,1,1,2776696.2683474873
84,5,2,1,1,1,1,1,1524424.779464825
59,6,4,1,1,2,1,1,1461714.9056623073
260,5,2,2,2,1,1,2,8585800.446110124
162,1,4,1,2,0,1,1,2235098.964095984
273,6,3,2,2,0,1,2,7674678.277693695
260,6,1,1,2,0,1,1,3540996.2232811255
42,3,4,1,1,1,1,1,783470.0920123064
221,5,3,1,2,1,1,1,3791512.446600407
245,2,4,1,2,1,1,1,4260564.126566895
79,3,1,1,1,2,0,1,1167063.7491751416
98,2,4,1,1,1,1,1,1767693.045690943
101,5,4,1,1,0,2,2,4573835.626368311
171,3,1,1,2,1,2,1,4669479.407152131
99,5,4,1,1,1,0,2,2141138.7377897734
161,1,1,1,2,1,2,3,13863562.996756133
146,3,2,1,1,1,1,1,2461981.80131894
135,2,4,1,1,1,0,1,1608545.8444137385
274,1,3,2,2,0,0,2,4704202.592608222
101,4,4,1,1,1,1,1,1780560.4362218373
295,2,1,1,2,1,2,1,7709122.962798005
88,5,1,1,1,0,2,1,1877081.1259964437
198,2,3,2,2,1,0,3,6409867.920974236
163,4,3,1,2,0,1,1,2224856.675569689
246,2,1,2,2,1,1,2,8631212.61222003
87,1,2,1,1,1,1,1,1523939.7599151644
175,6,2,1,2,2,1,1,4134112.6669468246
240,2,1,1,2,2,0,1,3498389.2301233667
289,3,2,1,2,1,1,1,4931649.976653052
248,4,3,1,2,1,1,1,4034417.1631444357
250,2,2,1,2,2,1,1,5546531.544169761
231,4,3,1,2,1,0,1,2561707.769575838
83,6,4,1,1,2,1,2,3926948.9512864174
68,1,3,1,1,1,2,2,3721301.031583135
98,3,4,1,1,1,2,1,2723569.2404211517
110,5,3,1,1,1,1,2,3622679.85962756
131,2,3,1,1,1,0,1,1579389.7939784746
259,1,2,1,2,1,2,1,7395282.773126781
254,4,3,1,2,2,1,1,5699703.452607845
103,6,1,1,1,1,0,1,1149760.377211625
284,4,4,1,2,1,1,1,4899892.669076789
101,6,4,1,1,1,1,1,1815634.5829041712
209,6,3,1,2,0,0,1,1805457.287334013
93,1,1,1,1,0,0,1,827457.1954266437
55,2,3,1,1,1,1,1,1001179.6682426599
47,5,3,1,1,2,2,1,1830560.0301546329
143,2,2,1,1,0,1,1,1964040.3453536194
98,3,3,1,1,0,2,1,2129119.746582562
79,2,3,1,1,2,0,1,1290468.5966891695
276,6,2,1,2,1,0,1,2925542.4711589315
133,6,2,1,1,0,0,1,1178910.356815004
261,3,1,1,2,2,0,1,3853619.892887221
243,4,2,1,2,1,1,1,4078868.16054981
177,6,4,1,2,2,0,1,2747433.5578461485
246,3,4,1,2,2,0,1,3676711.1151846163
120,6,1,1,1,1,2,1,3222259.212670439
257,5,3,2,2,1,1,2,8410011.545913132
41,6,1,1,1,1,1,1,725510.2380516346
217,1,2,2,2,2,0,2,6290799.112350364
185,3,3,1,2,0,1,1,2432913.4658302506
263,2,1,1,2,1,2,1,6831191.6377678495
101,3,1,1,1,1,0,2,2291717.983854723
278,4,4,2,2,2,0,2,8200285.550382707
234,6,1,1,2,1,1,1,3953188.7789988704
205,3,3,2,2,1,2,2,11053158.984278014
261,5,1,1,2,1,0,1,2952248.6239685384
100,3,1,1,1,2,1,1,2175554.628279779
168,5,2,1,2,1,0,2,3648997.852035974
212,6,1,1,2,1,2,1,5700106.346445605
195,2,3,2,2,0,1,2,5184841.9942259835
149,6,4,1,1,0,1,1,2184496.412471071
113,4,4,1,1,1,0,1,1341278.2232463264
246,1,4,2,2,1,1,2,8705491.676861944
243,2,4,2,2,1,1,2,8228984.222051033
200,2,2,1,2,0,1,1,2709957.1692468803
67,1,3,1,1,1,1,2,2314237.625007141
296,3,2,1,2,0,0,1,2565116.61742955
204,6,4,2,2,1,1,2,7000548.27260251
102,3,2,1,1,0,1,1,1446891.0744917158
61,3,1,1,1,0,0,1,581233.505054319
109,6,3,1,1,2,1,1,2574391.6500455537
135,4,1,1,1,1,1,1,2280463.9665571954
202,2,2,1,2,0,1,1,2887698.6281889332
118,5,1,1,1,1,1,1,2034142.1666840378
44,1,2,1,1,0,1,1,632836.0365669044
159,2,2,1,2,1,0,2,3340247.741241927
217,3,3,2,2,1,1,2,7401025.1791690225
215,1,3,2,2,1,0,2,4741236.165906301
256,5,3,1,2,2,2,1,8883659.63305251
95,2,4,1,1,1,1,1,1752617.867316685
226,2,3,2,2,2,1,2,10021034.557108065
271,4,1,1,2,1,1,1,4508282.471820321
294,2,3,1,2,2,2,1,11063576.778396972
143,2,3,1,1,0,1,1,1949719.8128883587
116,5,3,1,1,0,1,1,1594492.5684470653
269,5,2,2,2,1,1,2,9116808.45411843
297,1,2,2,2,1,1,3,15291903.942450227
221,3,3,1,2,1,1,1,3566483.1158467997
295,5,2,2,2,0,1,2,7678084.765734575
77,1,2,1,1,1,2,2,4181175.0824753297
215,2,4,1,2,1,0,1,2338520.503599778
66,1,1,1,1,1,0,1,772956.0897122533
179,1,2,1,2,1,1,1,3116649.4955781414
130,1,1,1,1,1,1,1,2341079.9222349096
100,6,2,1,1,1,0,1,1138762.0241067626
202,1,3,2,2,0,0,3,5343879.50852481
182,5,2,2,2,2,1,2,8437485.006846657
292,6,2,1,2,0,1,1,4055636.36422547
226,3,1,1,2,1,0,1,2535984.2859186265
125,1,3,1,1,1,1,1,2097034.674716569
205,4,4,1,2,0,2,1,4897732.429675103
153,2,1,1,2,2,1,2,6424592.331052494
222,2,3,1,2,2,1,1,5346440.688794791
246,6,3,1,2,1,1,1,4073086.282925618
295,2,1,1,2,0,2,1,6386917.278324948
274,2,2,2,2,1,0,2,5992527.330390694
42,6,3,1,1,0,0,1,432238.0159613727
247,2,4,1,2,2,1,1,5434425.718979086
236,1,2,2,2,1,0,2,4921148.681665316
164,3,1,1,2,0,1,1,2376842.25626478
177,6,1,1,2,0,0,2,2991541.019454863
64,4,1,1,1,0,2,1,1468038.3963571074
107,6,1,1,1,1,2,1,2998538.2735719914
100,5,4,1,1,1,1,1,1765117.1252013904
68,4,4,1,1,2,1,1,1669367.3779622854
58,5,3,1,1,1,0,1,706380.0381559518
210,6,4,1,2,0,1,1,2994852.7675084183
113,5,1,1,1,0,0,2,1992965.5349919102
100,4,4,1,1,1,2,2,5293862.233420112
192,1,2,2,2,1,1,2,6476617.274156453
87,6,2,1,1,2,0,1,1345473.0974055848
250,6,3,2,2,0,1,2,6597746.639149165
178,2,1,1,2,1,1,1,3063295.1949487436
149,6,4,1,1,1,0,2,3313788.8969792514
222,6,3,1,2,1,2,1,6048006.599623976
67,1,3,1,1,1,1,2,2313963.889943301
236,2,4,1,2,0,2,1,4908411.195202748
230,3,3,1,2,0,1,1,3039363.341414591
90,5,1,1,1,1,0,2,2016523.0924243743
188,4,4,1,2,0,1,1,2568614.6546469294
89,3,2,1,1,1,1,2,3063056.185809245
285,2,2,1,2,1,1,1,4741335.072704656
152,1,4,1,2,1,0,1,1748800.9060413532
209,4,3,1,2,1,1,1,3519840.7142928652
205,5,3,1,2,0,1,1,2817408.805545802
53,6,2,1,1,1,2,1,1594517.1385529933
242,6,2,1,2,1,0,1,2861889.171769527
228,3,1,2,2,2,1,2,10598075.200784704
194,5,3,1,2,0,0,1,1780974.9727186656
94,2,1,1,1,2,2,2,6840036.788524536
221,5,2,2,2,0,1,2,5863837.272777229
249,1,2,1,2,2,1,1,5731314.833660991
114,3,2,1,1,1,0,1,1276105.6514936348
172,3,2,1,2,1,1,1,3147659.685078852
98,1,1,1,1,1,1,1,1699577.6551748395
221,5,2,2,2,1,1,2,7857726.764848505
103,1,4,1,1,1,2,1,2801075.5006550173
299,4,3,2,2,1,2,2,15772672.729039613
232,1,2,1,2,1,1,1,4138890.884740975
182,5,3,1,2,0,1,1,2514974.478157498
143,1,2,1,1,2,1,2,6705263.779319312
253,2,1,1,2,1,1,1,4142955.81188921
281,6,3,2,2,1,0,3,9327208.218305632
248,1,1,1,2,1,1,1,4202391.638039161
132,6,2,1,1,2,2,1,4524328.2757439315
181,1,4,1,2,2,0,1,2842895.1755380835
151,5,4,1,2,1,1,2,5201538.15525189
98,4,4,1,1,2,1,1,2276811.038527338
82,4,4,1,1,1,1,1,1490958.4041379148
246,6,4,1,2,2,0,1,3807772.730706588
157,5,1,1,2,0,1,1,2221046.6518822783
59,5,4,1,1,2,1,1,1442183.5032971918
261,5,2,2,2,0,1,3,10314552.207997935
205,2,1,2,2,0,0,2,3550911.8683048016
170,3,1,1,2,0,1,1,2298199.5320745874
195,1,4,2,2,1,1,2,6661768.889040254
223,5,3,2,2,2,1,2,9774405.402759366
129,5,2,1,1,2,0,1,1896950.1732299286
133,5,1,1,1,1,1,1,2300314.85575121
52,4,2,1,1,1,0,1,655784.7002737706
269,5,3,1,2,1,1,1,4835889.294553834
65,1,1,1,1,0,0,3,1784228.5716284118
114,5,2,1,1,0,0,2,2103345.2789146756
189,1,4,1,2,0,1,1,2587893.440895814
187,2,1,1,2,2,1,1,4139328.034861219
47,3,1,1,1,1,2,2,2512679.6974882977
68,4,1,1,1,0,1,1,969103.6078347778
248,1,1,1,2,1,1,1,4092656.4663243913
167,6,4,1,2,0,1,2,4662714.605884113
155,2,3,1,2,1,1,3,7716010.290054727
183,3,3,1,2,0,1,1,2500658.0661950945
274,3,2,2,2,1,1,2,9065141.318003668
46,3,4,1,1,1,1,1,874517.3104613194
84,1,4,1,1,2,1,2,3839954.915827647
278,2,2,2,2,1,0,2,6005120.47607174
194,5,4,1,2,2,1,1,4432020.0777191995
220,6,4,2,2,0,0,2,3956830.7903729384
254,2,1,2,2,1,1,2,8851279.194422232
127,2,1,1,1,0,1,1,1715244.0362966445
295,2,1,2,2,1,1,2,9541300.355878502
112,1,4,1,1,2,1,2,5216265.035513042
218,6,4,1,2,2,1,1,5118087.136891579
251,1,3,1,2,1,1,1,4244588.580059878
273,6,1,1,2,1,1,1,4535749.137253225
278,6,2,1,2,1,1,1,4587440.508035492
262,1,4,2,2,1,1,2,9220592.71813794
158,6,1,1,2,2,2,1,6156118.052226867
246,2,3,2,2,0,0,2,4262296.6007361
134,1,1,1,1,1,1,2,4628500.26023164
261,6,3,1,2,1,1,1,4544641.15811204
270,3,3,2,2,2,2,3,29203676.14453448
158,1,4,1,2,1,1,1,2674002.1632430023
103,4,3,1,1,2,0,2,2995028.800055345
50,1,3,1,1,1,0,1,627535.3477853102
137,1,2,1,1,0,1,2,3599806.5730635044
110,1,3,1,1,2,1,2,5129825.208677397
97,6,2,1,1,2,1,1,2189855.546216968
290,1,2,2,2,0,1,2,8144746.766607543
89,4,1,1,1,2,1,1,2022079.0843370433
255,5,1,2,2,0,0,2,4506623.002674747
91,1,4,1,1,2,1,2,4155168.5624544625
123,3,4,1,1,2,0,1,1936975.3641154561
165,4,4,1,2,1,1,1,2823082.750928022
111,5,3,1,1,1,2,3,9399619.006286839
275,6,1,2,2,1,1,2,9564662.061173273
95,1,3,1,1,1,1,1,1717143.1389896201
149,5,1,1,1,2,1,1,3396672.2056511035
231,3,3,2,2,0,1,3,9478627.927431863
132,4,4,1,1,1,0,1,1529422.6411913831
95,4,1,1,1,2,2,2,7005023.757767957
99,6,1,1,1,2,2,1,3776819.0644463846
177,6,2,1,2,1,1,1,2982277.719505867
78,6,1,1,1,1,2,2,4037156.274608451
67,5,1,1,1,1,1,1,1142263.8036112709
88,1,3,1,1,2,1,1,2115024.7972532
164,2,4,1,2,1,2,1,4358694.931338215
52,4,2,1,1,1,1,1,910040.7314478885
75,2,3,1,1,0,0,2,1390287.5428281575
140,4,1,1,1,0,0,3,3710681.351423657
125,6,3,1,1,0,1,1,1799099.1310344262
43,1,4,1,1,2,0,1,749351.3744852311
262,1,2,2,2,0,1,2,6536474.812438557
205,4,3,1,2,1,0,1,2347950.2323356965
169,5,1,1,2,1,1,1,2807829.617190871
70,6,3,1,1,0,1,1,1012185.0234508942
50,1,1,1,1,2,1,1,1237737.9764636045
135,1,2,1,1,2,0,1,2001490.7184770368
229,3,2,1,2,0,0,1,2037432.4190301518
231,1,3,1,2,1,0,1,2504749.8928449745
167,3,2,1,2,2,1,2,7206867.381650402
277,1,4,1,2,1,1,1,4821486.884636453
151,1,3,1,2,1,2,1,4067532.6753869215
184,5,1,1,2,1,0,1,2068285.1869592764
104,5,3,1,1,1,1,1,1851859.4737530863
286,6,1,1,2,1,0,1,3181728.337414774
262,1,2,2,2,2,0,3,11703936.74334662
145,6,1,1,1,1,2,1,3881371.349627731
220,6,1,1,2,1,1,1,3643665.0504588657
223,6,1,1,2,1,1,1,3810529.9547358444
265,6,1,1,2,0,0,1,2300923.4354923232
128,4,4,1,1,1,1,1,2236294.8882889785
215,4,1,1,2,1,1,1,3508144.2050537304
57,1,3,1,1,1,0,1,690934.4950918141
145,4,4,1,1,2,1,1,3371297.008266162
206,1,1,1,2,0,0,1,1827025.4329912595
52,5,1,1,1,2,1,1,1195828.4699219747
71,2,1,1,1,0,1,3,2975557.3294743407
79,3,4,1,1,1,0,1,903303.7189087061
187,4,1,1,2,1,2,1,4783917.5759313945
257,4,1,1,2,2,1,1,5644082.98837003
258,5,1,1,2,2,1,1,5935486.222771625
121,4,2,1,1,1,1,2,4211211.697694753
247,1,3,1,2,0,1,1,3514828.257343035
240,1,1,2,2,1,1,3,12165643.039908117
77,2,3,1,1,2,1,2,3606278.1805591285
250,2,2,1,2,2,0,1,3647099.34521921
288,2,2,1,2,1,2,1,7353613.747101031
266,1,1,1,2,1,1,1,4353514.27552471
87,6,3,1,1,1,2,1,2478954.834618017
57,6,4,1,1,1,0,2,1426443.5733104937
235,2,1,1,2,0,1,1,3306962.2104167407
226,2,4,1,2,1,0,1,2571227.940845285
263,1,2,1,2,0,1,1,3748500.270731001
268,5,2,1,2,1,1,1,4565132.829803642
116,4,3,1,1,2,0,1,1767864.649838168
227,3,4,1,2,1,1,1,4003091.3388937153
134,6,4,1,1,1,0,1,1523494.3028759495
171,6,1,1,2,2,2,2,12896778.446840592
78,1,3,1,1,2,1,1,1866469.7862650196
111,1,3,1,1,0,1,1,1469845.650315505
199,3,4,1,2,1,1,1,3266817.241455245
226,3,2,2,2,1,0,2,4650106.5773629965
230,2,3,1,2,0,2,1,5039901.481932931
159,3,2,1,2,1,1,2,5363948.170562592
259,4,1,1,2,0,1,1,3445698.2170929345
92,4,3,1,1,1,0,1,1082086.7366309569
261,6,3,2,2,0,1,3,10233959.804057945
170,4,1,1,2,1,1,1,2819423.770717428
276,4,3,1,2,2,1,1,6412369.663597091
285,4,4,1,2,0,2,1,6340735.639777421
265,2,4,2,2,1,1,2,9170708.149364753
247,6,1,1,2,0,1,1,3192737.1886941595
135,1,2,1,1,1,1,1,2435728.908806936
239,6,2,2,2,2,1,2,11553621.11899113
286,6,3,2,2,1,1,2,9602607.832566561
111,6,2,1,1,1,1,2,3948184.4118859447
224,3,2,2,2,1,1,2,7834461.056782656
45,1,1,1,1,1,1,1,787893.3733961793
245,3,2,2,2,1,1,3,12146147.891509684
71,2,2,1,1,2,0,1,1105253.6534282179
138,2,2,1,1,1,1,1,2301597.876332933
295,5,4,1,2,1,1,1,4979280.241117078
226,5,4,2,2,1,0,2,4890116.883975775
115,2,1,1,1,1,2,2,6009280.918217019
216,2,3,2,2,1,1,2,7436336.225181148
294,3,1,1,2,1,0,1,3262515.0204241294
229,2,3,2,2,2,0,2,6800627.923335406
166,1,3,1,2,1,1,1,2926685.981306565
293,3,2,1,2,0,2,1,6270987.854490423
252,2,2,1,2,0,0,1,2242726.8313620244
289,3,1,2,2,2,1,2,13445004.042515557
123,3,1,1,1,1,1,2,4158648.6330367792
52,4,1,1,1,1,1,2,1872956.9682902407
84,5,4,1,1,1,1,2,2930327.7709950767
166,3,4,1,2,1,1,2,5912962.629179382
153,6,4,1,2,2,0,1,2500908.6059993706
244,3,4,1,2,1,2,1,6674441.788816302
97,6,4,1,1,1,1,2,3244746.7779724956
258,4,2,1,2,2,1,1,5671615.456537724
148,2,3,1,1,0,0,2,2678125.2189427195
213,3,4,1,2,0,1,1,2945174.484008223
150,4,1,1,1,2,2,3,16817127.50618351
226,1,3,1,2,1,0,1,2570655.0964517505
268,4,4,2,2,0,0,2,4568942.007762761
195,5,4,1,2,2,0,1,3090828.218811545
228,5,2,1,2,1,0,1,2445324.468917246
41,2,2,1,1,1,1,2,1343135.6870769996
285,6,2,2,2,0,1,2,7587482.834165253
249,2,4,1,2,2,1,1,5987237.74267917
52,6,2,1,1,2,1,1,1309832.9170620213
135,6,4,1,1,0,1,1,1889181.9254079838
260,6,3,1,2,1,1,1,4354348.548560449
277,6,3,1,2,2,2,1,9983328.362361701
133,5,4,1,1,1,1,1,2335015.646831427
210,5,1,1,2,2,1,1,4660105.354555969
133,3,4,1,1,1,0,1,1482367.1848506145
188,5,3,1,2,0,1,1,2681846.6327455
151,2,3,1,2,0,2,1,3365840.601053532
94,5,4,1,1,2,1,1,2149586.3732438935
155,2,4,1,2,2,1,2,7318546.742107604
182,1,4,2,2,0,2,3,12096992.704279229
240,5,3,2,2,1,2,3,18898829.3604122
219,2,1,1,2,2,2,1,8294225.406321271
241,6,4,1,2,0,1,1,3434262.83203658
92,4,3,1,1,2,1,1,2247670.9676611675
219,6,4,1,2,0,1,1,2937157.155727134
176,3,3,1,2,1,1,1,3069463.1350388154
221,2,4,1,2,2,0,1,3413797.6356680617
40,6,3,1,1,1,0,2,963259.7636799831
83,5,4,1,1,2,1,1,2030557.7144904234
266,5,2,2,2,1,1,2,8963239.945164781
137,1,4,1,1,0,0,1,1278796.8558733359
247,4,3,2,2,0,1,2,6765192.70220042
179,2,4,1,2,2,2,1,6658969.3677968355
276,6,1,1,2,2,0,1,3946783.0076562455
111,4,4,1,1,2,2,1,4091727.191921178
194,1,4,1,2,1,1,1,3408333.3830970014
229,3,4,1,2,1,1,1,3976733.171185169
146,4,1,1,1,1,1,1,2712699.842671063
271,1,1,2,2,2,1,2,12398047.101967202
81,2,1,1,1,1,2,1,2146005.371436705
229,3,2,1,2,2,1,1,5360955.978699691
178,5,1,1,2,1,1,1,2946979.5468708915
142,1,2,1,1,2,1,2,6300200.826058644
210,5,4,1,2,2,0,1,3315083.1644919016
260,3,2,1,2,1,0,1,2917387.69018981
252,1,4,1,2,0,0,1,2157849.731719935
95,1,2,1,1,1,0,1,1160927.0462581585
141,3,1,1,1,1,0,2,2932122.307127859
231,2,1,2,2,0,1,2,6295309.90841259
239,1,2,1,2,1,2,1,6516973.94478486
272,3,2,2,2,0,2,2,12019665.385784777
266,4,1,2,2,1,2,2,13963726.98332053
178,5,4,1,2,0,1,1,2399241.663413426
188,1,4,2,2,1,2,2,10292975.880113823
154,4,4,1,2,0,1,1,2279198.397355358
102,1,4,1,1,0,0,2,1818105.9235354834
143,2,3,1,1,1,0,2,3167856.38162818
195,3,4,2,2,1,1,2,6730881.759555703
45,1,3,1,1,2,0,2,1371631.753870135
186,3,3,2,2,1,0,2,4085778.612406652
223,6,1,2,2,2,1,2,10205572.151609305
67,1,1,1,1,1,1,1,1152544.5668125234
77,2,2,1,1,0,1,2,2019885.138153269
158,2,4,1,2,0,0,1,1408483.8440091808
283,4,4,1,2,1,0,1,3144985.5416664495
107,2,1,1,1,1,0,2,2333779.4685594537
253,3,1,1,2,2,1,1,5974726.943824091
257,6,1,1,2,1,0,1,2909585.215724774
216,2,2,1,2,2,2,1,7682647.856922737
203,1,4,1,2,1,1,1,3484107.3446966107
97,2,2,1,1,2,0,1,1467957.363075749
97,6,3,1,1,1,1,2,3201065.4721076605
144,3,3,1,1,1,1,2,4943116.490826972
267,1,4,1,2,1,2,1,7060575.817891534
286,4,1,2,2,1,1,2,9856117.87749758
227,4,1,2,2,0,1,2,6213379.780180621
122,4,2,1,1,1,1,1,2214730.152995623
225,1,3,1,2,1,1,1,3870957.875377428
291,4,3,1,2,1,1,1,5000696.8536113
277,2,4,1,2,0,2,1,6055544.129856015
223,1,3,1,2,1,1,1,3805574.9238592233
249,1,1,1,2,2,1,1,5763666.036450867
136,1,1,1,1,1,0,1,1493221.1410299002
247,5,1,1,2,1,0,1,2610598.6517834803
176,3,4,1,2,0,1,2,4950152.505463191
223,5,2,1,2,1,1,1,3791460.091639523
115,5,3,1,1,1,2,1,3262994.0881600454
181,5,4,1,2,2,1,1,4198063.185226998
276,3,2,1,2,1,2,1,7416447.532075867
64,5,4,1,1,1,1,1,1182908.4355856832
106,4,3,1,1,0,1,1,1529498.9466273065
289,1,1,1,2,0,0,1,2516972.491388596
157,1,2,1,2,0,0,1,1408827.0235366605
112,2,2,1,1,0,1,1,1575464.496225743
49,6,4,1,1,1,1,1,961668.2810242978
250,4,4,1,2,1,1,1,4300285.623080196
191,3,1,1,2,1,0,1,2008590.4586947062
44,6,4,1,1,1,1,1,835630.9414649793
234,1,3,1,2,0,1,1,3228335.749098808
152,5,3,1,2,0,0,1,1323126.030082307
202,2,3,1,2,0,1,1,2687790.446573322
144,2,3,1,1,0,1,1,2054865.8339044023
220,1,1,2,2,0,0,2,3805295.2780032135
83,4,1,1,1,2,2,2,6353788.914531554
214,6,1,1,2,0,0,1,1838343.8377377216
201,2,4,1,2,1,0,1,2465992.720073496
179,1,1,1,2,0,0,2,3251513.906391687
171,4,2,1,2,1,2,1,4526181.212918103
126,1,2,1,1,0,0,1,1134689.8664170518
215,1,2,1,2,0,1,1,2929733.9446299244
222,4,4,1,2,2,0,1,3552574.7735044924
168,4,4,1,2,1,1,1,2847230.727376929
285,4,1,1,2,0,0,1,2476090.6732344534
128,1,3,1,1,1,0,1,1498947.2305781697
105,2,2,1,1,2,0,3,4604833.579087813
197,3,4,1,2,1,1,1,3469778.310433868
188,3,2,2,2,1,2,2,10162404.095916834
155,1,1,1,2,1,1,1,2719330.427495367
253,1,4,2,2,2,1,2,11654479.559277846
292,2,3,1,2,1,1,1,4861522.762752863
182,4,3,2,2,2,1,3,12694999.636732738
289,1,4,1,2,2,0,1,4385532.4969567275
64,5,3,1,1,1,1,1,1189737.0040460143
109,4,1,1,1,1,2,1,3084527.5495565385
152,1,3,1,2,1,2,2,8013832.563892203
151,5,2,1,2,1,2,3,12156766.358223416
130,6,2,1,1,2,1,2,6239615.901523786
57,2,2,1,1,0,0,1,577029.31339196
188,5,4,2,2,1,1,3,9770082.360749902
266,1,4,1,2,1,0,1,2775004.233055455
253,3,4,2,2,1,1,2,9040676.435807588
190,1,4,1,2,0,1,1,2605674.121655984
231,3,4,1,2,0,2,1,4947366.007186925
79,2,1,1,1,1,1,1,1393413.89507631
281,2,4,2,2,1,1,2,9322292.104509193
177,4,3,1,2,2,1,1,4138693.9571865536
219,4,1,1,2,1,2,1,5999861.111540117
239,3,4,1,2,1,2,1,6516412.095457158
242,3,3,1,2,1,2,1,6380006.288678707
100,2,1,1,1,1,0,1,1120878.3676658513
231,5,2,2,2,0,0,2,4198946.0049551185
44,3,1,1,1,1,1,2,1512473.8286850462
276,3,4,2,2,1,1,2,9205789.944960915
220,5,1,1,2,1,1,1,3927237.0155222504
76,4,1,1,1,0,1,1,1028853.4410433583
95,4,2,1,1,0,1,1,1346855.8635458897
276,3,1,2,2,1,1,3,13891832.07656268
236,4,1,1,2,0,1,1,3131782.222003748
112,4,2,1,1,2,0,1,1720361.875765702
98,6,4,1,1,2,0,1,1659638.1329946138
279,4,3,2,2,1,0,2,6005907.805020084
41,2,1,1,1,0,0,1,376332.3830280193
227,1,2,1,2,2,0,1,3267518.9571873588
69,3,1,1,1,1,2,2,3595468.645052225
147,3,4,1,1,1,2,1,4067859.7781334687
129,2,4,1,1,2,1,1,3078351.8833857332
244,1,2,1,2,0,0,1,2266470.973165421
259,1,3,2,2,1,0,2,5449313.005749827
133,2,3,1,1,2,0,1,1950884.9030488352
142,5,1,1,1,1,1,1,2379280.4292756193
262,5,2,1,2,1,0,1,2888526.584885704
225,1,3,1,2,2,1,1,4953391.386797778
223,5,4,1,2,2,0,1,3363735.344633391
201,5,3,2,2,0,0,2,3484473.760078197
286,5,2,1,2,1,1,1,4764649.768795029
70,1,4,1,1,2,2,1,2764180.532642326
91,5,1,1,1,2,2,1,3541210.1235987237
115,3,4,1,1,1,1,2,3955399.723196379
79,6,3,1,1,1,0,1,936323.5339073378
140,1,3,1,1,2,1,1,3282644.2805091674
150,2,3,1,1,0,1,3,6000960.910894848
288,5,1,2,2,1,0,2,6539282.209907875
230,4,3,2,2,1,1,2,7826609.1070445785
221,1,2,1,2,1,0,1,2468314.2676662696
248,2,1,1,2,0,0,1,2255507.892728975
61,6,4,1,1,1,1,1,1146272.096212547
205,3,3,1,2,0,0,1,1849317.3997876276
138,2,2,1,1,1,1,1,2506791.158446812
247,5,2,2,2,2,1,3,16240057.024384204
47,4,1,1,1,0,0,1,414357.3270168014
229,5,2,1,2,1,0,1,2475825.3875785056
214,2,1,2,2,1,1,2,7270485.843376252
56,1,1,1,1,1,1,1,1064531.2338816433
129,4,1,1,1,0,0,1,1153733.5305522888
180,4,4,1,2,1,1,1,2980011.099324362
184,2,4,1,2,0,0,1,1567766.3640031053
205,6,2,2,2,1,2,2,11800364.131647104
117,6,4,1,1,0,1,1,1669711.5500448057
202,5,1,2,2,2,1,3,13753948.60750584
53,2,1,1,1,0,2,1,1169714.1636870806
278,4,4,2,2,0,1,2,7389433.211998739
111,2,2,1,1,1,0,1,1326163.6898234289
182,4,1,1,2,0,0,1,1627718.824387598
280,5,4,2,2,1,1,3,14179581.757524196
284,1,3,2,2,0,0,2,5139360.923994091
202,1,2,2,2,0,0,2,3370592.1847427203
99,2,2,1,1,1,0,1,1161343.7649338045
45,4,2,1,1,1,2,1,1302259.244744847
236,1,3,1,2,1,1,1,3909637.347431973
97,4,1,1,1,1,0,2,2236221.8582213195
256,5,2,2,2,1,1,2,9128055.560582314
65,2,4,1,1,1,0,2,1499347.983297212
44,4,2,1,1,1,0,1,551987.252425744
59,2,4,1,1,0,1,2,1669357.1215576543
237,4,2,1,2,1,1,1,3990611.008513474
98,6,4,1,1,1,1,1,1777901.2422727353
281,6,4,2,2,1,1,2,9927758.378727555
185,4,4,1,2,2,0,1,2724687.498029396
288,5,3,1,2,0,1,1,3737871.0923512443
53,2,3,1,1,1,2,1,1560573.923129646
52,3,3,1,1,0,1,1,759232.5995998911
83,4,1,1,1,0,1,3,3234603.2351996982
58,4,4,1,1,0,0,1,566667.8334842264
102,6,1,1,1,1,2,1,2569493.5063085514
278,1,3,1,2,1,1,1,4635747.524052132
139,6,4,1,1,0,0,1,1218522.4566014006
202,2,1,1,2,1,1,1,3426056.6038403977
161,6,3,1,2,1,1,1,2819010.5085480525
83,3,1,1,1,1,0,1,967661.8093540666
184,5,1,1,2,1,0,1,2023402.1697344997
89,3,3,1,1,1,2,1,2437908.873582246
104,5,4,1,1,0,0,1,1019078.5274448276
203,3,2,2,2,2,1,2,8542141.337929064
180,6,2,1,2,1,2,1,4925124.844851349
167,3,1,1,2,0,1,1,2319639.019322862
278,6,1,1,2,1,0,1,3059719.258787983
226,6,1,1,2,1,1,1,3813537.5105765997
247,2,4,1,2,1,1,1,4027092.8409978575
259,6,1,2,2,2,0,2,8136044.584742008
229,1,1,1,2,0,0,1,1999786.647887764
276,3,1,1,2,1,1,1,4625932.090917023
233,4,3,2,2,1,1,2,7912913.016563952
298,4,2,1,2,1,1,1,5047001.985832901
285,4,2,1,2,1,1,1,4686642.8024665825
175,1,3,1,2,2,2,1,6381772.439452541
210,6,4,1,2,1,1,1,3630188.6435209936
198,3,4,1,2,2,0,1,3036022.9366187765
240,5,4,1,2,1,0,1,2616396.215542987
84,5,3,1,1,1,0,1,999803.7551061095
110,2,2,1,1,2,0,1,1630095.7490472745
142,1,2,1,1,0,1,1,1837440.5431324001
164,3,1,1,2,2,1,1,3613350.138098338
269,6,2,2,2,2,2,3,30135469.38709227
185,4,4,1,2,1,1,1,3129709.6794383754
236,1,4,1,2,1,2,1,6442992.574566121
260,1,1,1,2,2,1,1,5643770.287387104
99,3,1,1,1,1,1,2,3221311.0039203702
137,6,2,1,1,2,1,1,3300841.2974452428
210,2,1,2,2,1,0,3,6398423.85873377
212,6,1,1,2,1,1,1,3591965.844851768
190,2,3,1,2,1,1,1,3236144.644627109
161,2,2,1,2,0,2,1,3531292.356902043
147,4,4,1,1,1,0,1,1704666.8292736483
43,4,3,1,1,2,1,1,1114703.8281982285
132,3,4,1,1,1,0,1,1504658.719004047
45,6,1,1,1,2,1,1,1107408.6207390311
145,2,1,1,1,0,1,2,3934420.976517302
185,3,4,1,2,0,0,1,1663257.388266188
135,2,3,1,1,1,2,2,7294436.60952262
268,1,3,2,2,0,1,2,6977263.236779333
241,5,3,2,2,1,0,2,5448867.160009978
251,5,1,2,2,1,2,2,12901490.520823875
45,2,2,1,1,1,1,2,1589883.9224985007
151,3,1,1,2,2,0,1,2328007.417859936
145,4,4,1,1,2,1,2,6477427.499282709
178,6,3,1,2,0,1,1,2267562.8171510217
135,2,2,1,1,1,1,2,4690995.649060509
253,2,3,2,2,0,1,2,6957420.080644709
61,6,1,1,1,2,0,1,935055.2821384689
232,4,2,1,2,1,1,1,3864651.6923167785
189,2,2,2,2,1,2,2,10793230.876242967
286,1,1,2,2,1,0,3,9106579.576918108
290,4,3,1,2,2,1,1,6547356.452170647
42,1,3,1,1,0,0,1,446080.9623243836
115,5,3,1,1,2,1,1,2775126.7611079323
126,6,1,1,1,0,1,1,1665930.1901506132
264,4,4,1,2,0,1,1,3572590.735008741
57,4,4,1,1,1,1,1,1103632.3411843386
152,3,3,1,2,0,2,1,3187447.928661464
290,3,2,1,2,0,1,1,3999687.403853959
272,6,4,2,2,1,2,2,14246170.961152688
241,4,3,1,2,2,0,1,3649113.9271999397
122,5,4,1,1,2,1,1,2858353.456371149
164,2,3,1,2,1,0,2,3640314.3504453073
214,6,4,1,2,1,1,1,3723125.520586795
108,6,4,1,1,0,2,1,2555609.343870207
86,3,2,1,1,0,1,1,1240430.209945603
295,5,2,1,2,2,1,1,6659150.981798865
254,6,4,1,2,2,1,1,5931324.927329061
69,5,3,1,1,1,1,2,2422825.373742131
276,6,2,1,2,2,1,1,6032018.068510277
287,3,1,1,2,0,2,1,6337370.224569828
64,2,2,1,1,1,1,1,1143043.8691978646
113,3,4,1,1,2,1,1,2643628.8871130208
245,6,4,1,2,0,1,1,3411573.352527944
133,5,1,1,1,1,1,1,2308194.1288888813
166,1,2,1,2,2,1,2,7213475.155228296
64,3,4,1,1,0,2,1,1378563.9664483685
155,5,1,1,2,1,1,1,2570997.315961108
87,3,1,1,1,1,1,1,1463954.3113098745
265,6,3,1,2,1,0,1,2948881.3832929493
138,5,2,1,1,2,1,2,6495066.4978869
50,2,2,1,1,1,1,1,878595.5152858391
124,5,2,1,1,1,0,1,1347511.2390206906
253,4,4,1,2,0,1,1,3380405.5914591136
212,1,1,1,2,1,1,1,3573777.69187325
248,6,3,2,2,1,0,2,5395629.331045372
103,5,2,1,1,1,0,2,2173290.781368928
297,6,3,2,2,1,0,2,6454039.477770838
160,3,3,1,2,1,0,1,1795913.2641888305
93,3,1,1,1,0,1,1,1277039.0890558774
280,5,2,2,2,1,1,3,14136472.333860615
282,4,3,2,2,1,1,2,10006206.465764225
57,5,2,1,1,2,0,1,915240.2982669318
226,2,2,2,2,1,1,2,7685381.220067663
183,4,2,1,2,1,0,1,2070938.9336543097
278,6,3,1,2,1,1,1,4793368.009491546
115,5,1,1,1,0,0,2,2018296.1189598276
227,6,1,1,2,1,1,1,3770453.18990345
285,1,3,2,2,1,1,2,10071236.622972062
169,4,4,1,2,2,0,3,7306065.357527099
118,5,2,1,1,1,1,1,1977429.6915805363
111,1,2,1,1,1,1,3,5737919.375239584
230,5,1,2,2,1,1,2,7643991.091790692
102,2,3,1,1,0,1,1,1427819.1712244928
51,3,3,1,1,0,2,1,1193689.5579278711
180,6,4,1,2,1,0,1,2056140.112329297
293,5,4,1,2,1,2,1,7974276.624185405
82,4,1,1,1,0,1,1,1104435.1548644141
56,5,4,1,1,1,0,1,716838.5262226744
102,5,4,1,1,1,1,1,1810963.5193423887
292,5,3,1,2,0,1,1,4163760.2013725624
47,5,3,1,1,1,1,3,2539432.88771713
129,4,4,1,1,0,0,1,1229919.2958841315
247,4,1,2,2,1,0,2,5427939.880804949
157,5,4,1,2,1,1,2,5415301.299059902
214,3,1,1,2,1,0,1,2276918.906606365
115,5,4,1,1,0,1,1,1641621.0941488282
140,6,3,1,1,1,1,2,4889209.8956220355
190,6,3,1,2,0,0,1,1738291.99763787
110,4,1,1,1,2,1,1,2505578.5895081325
219,6,4,1,2,2,1,1,4821492.630340483
163,6,4,1,2,2,1,1,3914970.6195525317
234,2,1,1,2,0,1,1,3079090.453635248
267,5,4,1,2,1,0,1,2918611.4569280455
145,5,2,1,1,1,1,2,4807621.212452291
60,5,3,1,1,0,1,2,1636369.7389460432
103,5,3,1,1,2,1,1,2388681.8180280784
204,1,1,2,2,1,1,2,7217039.429662894
66,5,4,1,1,0,0,1,613925.8030745626
187,4,1,1,2,1,2,1,5141333.156524834
203,4,2,1,2,2,2,1,7858111.753897253
263,1,4,1,2,1,1,1,4567264.354027147
185,5,2,1,2,2,1,1,4231560.803178479
69,3,1,1,1,2,0,2,2047102.7092166038
84,5,3,1,1,2,1,1,2206504.2181311855
73,4,2,1,1,0,1,1,1043324.1950833088
180,2,4,1,2,1,1,1,2975903.0955567225
260,6,1,1,2,2,0,1,3775999.0194009887
61,2,1,1,1,0,1,2,1601655.2057276673
219,3,1,2,2,1,1,2,7290492.365084848
270,5,3,1,2,1,0,1,2968170.449810347
77,1,1,1,1,1,0,1,874161.8774751254
109,5,1,1,1,1,2,1,2847882.403987797
155,3,3,1,2,1,0,1,1678874.1606997263
278,3,1,1,2,1,2,1,7846038.747020996
187,6,1,1,2,0,1,1,2487665.7173317834
48,3,2,1,1,2,1,1,1135378.7245564207
89,2,1,1,1,1,1,1,1473163.268191299
44,6,3,1,1,1,2,1,1298071.221776114
165,5,2,1,2,2,1,1,3946854.991515959
114,5,1,1,1,0,1,1,1503235.123606345
204,1,3,1,2,0,2,1,4600529.876368854
116,3,4,1,1,1,1,1,2017481.3135455032
176,3,1,1,2,1,1,1,2976751.552064636
145,4,4,1,1,2,1,1,3742792.4621136873
134,6,2,1,1,1,0,1,1516887.8755847025
174,4,3,1,2,2,0,1,2703393.79124645
107,6,2,1,1,1,1,1,1834428.9286336596
186,2,4,1,2,1,1,1,3291061.124624125
198,6,4,1,2,1,1,1,3503339.478156647
202,5,4,1,2,2,0,1,3105752.041750738
228,1,3,1,2,0,2,1,4957991.737755459
134,6,4,1,1,0,0,1,1259034.835348968
220,6,4,1,2,0,0,1,2044602.554100152
226,6,3,1,2,1,1,1,3804704.5265252856
177,1,4,1,2,0,0,2,3041084.0074872244
169,3,1,1,2,1,0,2,3734080.815526523
233,1,4,2,2,1,1,2,8126927.994209198
183,3,3,1,2,1,1,1,3173669.731686249
55,5,4,1,1,1,2,1,1607349.0002329324
284,1,3,1,2,2,0,1,4159699.651505457
146,3,4,1,1,1,1,1,2602927.69917927
127,5,1,1,1,1,0,1,1514936.9677494254
168,5,3,1,2,1,1,1,2887103.0857261536
43,3,3,1,1,1,1,1,812145.8147845997
134,3,3,1,1,1,1,1,2359551.998067109
248,2,3,1,2,0,1,1,3470648.2430740036
264,5,4,1,2,1,1,1,4443960.638423734
86,3,4,1,1,1,2,1,2466444.6529735997
220,5,1,1,2,1,0,1,2426749.6709338687
145,1,1,1,1,1,1,1,2287580.2564231204
238,4,4,2,2,2,1,2,11353306.919276726
145,4,2,1,1,1,1,3,7116068.339715037
299,6,3,2,2,2,1,2,13263976.854191033
147,3,4,1,1,1,2,1,3962767.5769280456
58,3,1,1,1,1,0,1,652689.530463641
210,5,3,1,2,0,1,1,2978710.8696931233
234,6,1,2,2,0,1,2,6502852.692298867
51,3,2,1,1,2,0,2,1645527.7613571405
234,5,3,1,2,1,0,1,2669299.1829643995
221,3,2,1,2,0,1,1,3005023.1647530743
183,5,2,1,2,1,2,1,4837939.008897847
221,3,2,1,2,2,0,1,3123609.9453026312
69,2,4,1,1,1,1,2,2411149.861684154
123,5,1,1,1,0,1,2,3156724.143650071
205,2,3,2,2,0,1,2,5482819.417983212
135,2,4,1,1,2,1,2,6368598.6307544205
264,2,1,2,2,0,1,2,6843596.854981635
81,2,4,1,1,2,1,1,1986641.3655272548
285,1,1,2,2,1,1,2,9504499.27760556
247,6,3,1,2,0,1,1,3455153.9174469397
276,4,3,2,2,0,1,2,7448714.943517455
61,1,3,1,1,1,2,2,3506542.7978420476
224,3,3,1,2,2,2,1,8547853.662963271
281,3,1,1,2,1,0,1,2994610.015701657
80,6,4,1,1,0,0,1,806937.5933390713
201,4,3,2,2,0,1,2,5393090.0848554075
199,4,3,2,2,1,2,2,11315680.00377991
128,4,3,1,1,1,1,2,4330896.498980518
51,2,2,1,1,1,1,1,934137.3488608745
112,1,3,1,1,2,0,1,1754113.6395200181
115,3,3,1,1,1,1,1,1910031.492210021
240,1,1,1,2,1,0,1,2631047.9311354035
49,1,2,1,1,1,1,1,860066.6896134795
265,1,1,1,2,0,0,1,2454332.496298492
215,4,4,1,2,1,1,1,3630015.3024313184
78,6,2,1,1,2,0,1,1222508.1330912148
99,6,1,1,1,0,1,1,1314898.4594646222
105,4,1,1,1,1,0,1,1175022.2401803527
163,3,4,1,2,1,2,2,9172661.240437306
203,3,4,1,2,1,1,1,3394403.3288025805
198,3,3,2,2,1,1,2,6712905.683719399
96,6,3,1,1,2,1,1,2163621.5252289623
117,6,2,1,1,0,2,2,4923119.98547946
233,1,2,1,2,1,1,1,4133691.406988569
54,4,4,1,1,1,0,1,677565.9634525863
51,2,2,1,1,1,1,1,931629.563541995
140,1,3,1,1,0,0,2,2434163.664454039
195,5,4,1,2,1,0,1,2183880.705914457
164,6,1,1,2,0,2,1,3414342.1733272546
149,1,4,1,1,1,1,1,2561838.8307990925
185,4,2,1,2,1,1,1,3144754.242028468
255,5,3,1,2,1,1,1,4452659.965295337
201,1,3,2,2,2,1,2,9628244.09658161
167,4,1,1,2,0,0,1,1536755.1547517253
189,4,1,1,2,2,0,1,2714374.990651739
75,6,4,1,1,1,0,1,887036.8096077828
212,2,3,1,2,0,0,1,1906727.8560192983
61,1,1,1,1,1,1,2,2062195.4201501405
245,4,1,2,2,2,0,2,7089891.707404544
166,3,4,1,2,1,2,1,4465311.859772699
256,4,4,2,2,1,0,2,5566573.556402444
135,2,3,1,1,0,1,2,3787393.987005562
203,4,2,1,2,0,0,1,1845540.133952834
187,6,2,2,2,2,1,2,8444737.935913656
57,1,3,1,1,2,1,1,1334199.6485939182
234,6,2,1,2,1,0,1,2557659.38058473
190,1,3,2,2,1,1,2,6292138.290185813
162,5,3,1,2,2,1,1,3560384.500735231
226,1,1,1,2,0,1,1,2903456.862245671
188,5,2,1,2,0,1,1,2598118.3866333477
143,6,3,1,1,0,1,1,2129656.879146133
282,3,2,1,2,0,1,1,4009820.485083599
270,2,2,1,2,0,2,1,5994262.051578776
245,3,4,1,2,2,2,1,8944536.115412077
237,5,2,1,2,1,1,1,4094592.218743795
126,4,3,1,1,1,1,1,2282587.454310276
181,4,1,2,2,1,2,2,9832622.150654871
238,3,2,2,2,1,2,2,12768667.963697419
85,4,3,1,1,1,0,1,986106.5597085975
54,5,4,1,1,0,2,1,1296325.2859308403
83,6,2,1,1,2,1,2,3865560.6728155194
208,2,1,1,2,2,1,1,4656841.352936016
83,1,2,1,1,0,0,1,776588.0551407279
137,5,3,1,1,1,0,2,3149277.792991283
148,5,2,1,1,1,2,1,4339039.776173878
143,1,2,1,1,1,0,1,1610837.4321149795
295,1,4,1,2,0,1,1,4066115.491804371
245,2,2,1,2,0,1,1,3186643.9050417873
82,2,1,1,1,0,1,1,1176372.278354639
284,2,2,2,2,2,1,2,13546417.001295974
122,4,4,1,1,0,0,1,1108994.292360352
149,5,3,1,1,1,1,2,4935796.346960457
229,6,2,1,2,1,1,1,3800116.7288082084
290,1,2,1,2,2,1,1,6440606.315863371
251,5,4,1,2,1,0,1,2766809.7702433825
172,5,4,1,2,1,1,2,5675034.9754423145
240,2,4,1,2,1,1,1,4177724.6216368857
134,2,2,1,1,1,1,1,2461539.612346505
258,5,1,1,2,0,1,1,3466389.4539812068
128,2,4,1,1,1,1,1,2175656.435948276
111,4,3,1,1,2,0,1,1647724.8827352885
286,1,2,1,2,0,1,1,3838070.8103849273
168,5,3,1,2,2,0,1,2580006.37163523
251,1,3,1,2,1,0,1,2645477.9028031304
135,4,1,1,1,1,1,1,2305345.9369043736
114,2,3,1,1,2,2,1,3939586.6206978452
93,3,4,1,1,1,0,2,2090217.8664313108
93,4,4,1,1,1,1,1,1662223.9246586026
257,3,2,2,2,2,0,2,7557725.897449257
55,1,1,1,1,1,1,1,972415.8935737849
138,5,1,1,1,1,1,2,4595355.373490389
59,2,3,1,1,1,1,1,1085075.1798257127
85,4,1,1,1,0,1,1,1207008.6265899197
232,2,3,2,2,2,1,2,10592108.570899185
97,3,3,1,1,1,0,1,1061506.3775237903
150,3,1,1,1,1,0,1,1645894.5634953445
168,6,2,1,2,1,1,2,5540871.247849108
233,5,3,2,2,0,2,3,14829062.698545618
47,3,4,1,1,1,0,1,616458.1804583234
68,5,4,1,1,1,1,2,2404355.7183081456
151,6,1,1,2,0,1,1,2090679.9049911012
200,4,1,2,2,0,1,2,5238983.395162316
170,6,3,1,2,0,0,2,3150966.7389953877
227,5,3,1,2,1,0,1,2636082.1065731165
202,3,4,2,2,1,2,2,11080639.875948478
236,1,3,1,2,2,2,1,8842867.591266902
243,5,4,2,2,0,0,2,4264211.965723227
251,2,3,1,2,0,0,1,2304841.0390038444
148,1,2,1,1,2,0,3,6111059.692051652
112,5,2,1,1,1,1,1,1984387.1404959667
206,2,4,1,2,1,1,1,3558879.212908757
299,6,2,2,2,0,1,2,8011780.2946683
282,1,2,1,2,2,0,1,4451240.885799263
141,5,1,1,1,1,1,2,4679011.695973432
212,4,3,1,2,2,1,1,5017146.370732987
210,6,1,1,2,0,1,1,2842219.597173771
180,2,4,1,2,0,1,1,2676989.130283222
227,4,1,1,2,1,1,1,3766553.3433756195
125,3,4,1,1,2,0,2,3919614.365566241
91,6,2,1,1,1,1,1,1574998.832744683
150,6,1,1,1,1,1,2,5027598.904924204
82,5,2,1,1,2,1,2,3773081.74051206
250,5,3,1,2,1,1,1,3983163.350455704
239,2,2,2,2,1,0,2,5215948.387258665
279,6,3,1,2,1,1,1,4748147.507237165
154,5,2,1,2,2,0,2,4465162.288976884
65,3,1,1,1,2,2,2,4594674.864210896
116,5,1,1,1,2,1,1,2651335.5465585594
176,6,2,1,2,1,0,1,1960420.4384555265
59,1,4,1,1,2,0,2,2000186.3417193415
250,4,4,1,2,2,1,1,5577670.421475499
279,6,3,1,2,0,1,1,3730399.2959256833
78,3,3,1,1,2,0,1,1219655.8516546905
246,6,2,1,2,0,1,1,3482522.0250587286
193,3,1,1,2,2,0,1,2892795.411685504
81,6,3,1,1,1,1,1,1404677.0868922996
50,4,2,1,1,1,0,1,602189.028159985
137,4,3,1,1,1,0,1,1593885.6511729802
269,3,1,2,2,1,1,2,9044265.066247018
259,6,3,1,2,1,2,1,6778423.2046951
104,4,2,1,1,2,0,1,1563995.4834453117
271,2,3,1,2,2,1,1,6183539.52618831
91,6,4,1,1,0,1,1,1318001.5763916166
193,4,3,2,2,1,1,2,6538614.164163393
179,1,1,1,2,2,1,1,4133256.646916167
90,1,1,1,1,1,0,2,1893713.1927268307
156,2,1,1,2,1,0,1,1774179.5458794162
85,4,1,1,1,1,2,1,2451787.800012546
127,1,2,1,1,0,1,1,1765509.482716849
247,6,3,2,2,1,0,2,5289980.080071395
128,5,3,1,1,2,1,1,2988933.1946306326
157,4,3,1,2,1,1,1,2645491.249626683
93,2,3,1,1,2,2,1,3415412.276127741
155,4,2,1,2,0,1,1,2013425.039599386
157,3,1,1,2,1,1,1,2698189.095371737
299,3,3,1,2,0,1,1,4116478.098017979
114,1,3,1,1,1,2,1,3251546.0763903377
46,3,1,1,1,1,1,2,1651623.32319045
161,2,4,1,2,1,1,1,2841444.535584485
50,1,4,1,1,1,0,1,660883.9915393004
254,2,1,2,2,2,1,2,12190753.758110572
67,6,3,1,1,1,0,2,1500302.0517542248
274,2,1,1,2,1,1,1,4716870.981335216
65,3,3,1,1,1,1,1,1117008.3515885638
93,6,3,1,1,1,1,2,3228153.706283805
68,3,4,1,1,1,1,2,2282078.7914536633
203,2,4,1,2,1,1,1,3568228.261146753
74,3,3,1,1,2,0,1,1179340.2169639035
247,3,3,2,2,2,0,2,7680887.637988811
277,3,3,2,2,0,0,2,4743263.262474666
132,4,4,1,1,1,2,1,3578587.414675505
212,6,3,1,2,1,1,1,3714399.178553207
118,6,1,1,1,1,2,3,9623102.198846838
149,6,2,1,1,2,1,2,7076005.837533154
256,2,2,1,2,2,0,1,3554153.0906797126
145,5,3,1,1,1,0,2,3165902.8387067723
86,2,1,1,1,1,0,1,944760.3058955943
220,6,3,1,2,1,1,1,3717990.3979915343
103,1,1,1,1,1,0,1,1201952.8565080522
285,3,4,2,2,1,1,2,9819621.334667275
283,3,4,1,2,2,1,1,6563595.583979959
126,5,3,1,1,0,1,1,1824580.5748834792
256,1,4,1,2,1,1,1,4286319.527183635
46,4,3,1,1,2,1,2,2206903.6154390364
249,2,2,2,2,1,1,2,8089320.732799729
208,4,1,2,2,0,0,2,3626649.8383743702
177,1,1,1,2,0,1,1,2303444.4295066255
269,5,2,1,2,2,2,1,10034956.91191698
200,1,2,1,2,1,0,1,2192439.992906261
40,5,2,1,1,1,0,2,963195.1280068378
275,4,2,1,2,1,0,1,2988292.563246808
227,4,4,1,2,0,2,1,5011541.644964402
43,1,1,1,1,0,2,1,960249.4857235579
171,1,1,1,2,1,1,2,5618775.694512229
257,3,2,1,2,2,1,1,5880984.7884555515
299,5,3,2,2,2,0,2,9021738.687445592
40,3,3,1,1,1,1,1,757495.814744943
110,2,3,1,1,1,0,3,3584972.03208263
217,2,3,1,2,1,1,1,3788878.332886147
228,1,4,1,2,1,1,1,3972072.641661312
47,4,1,1,1,2,1,3,3045615.652279786
292,2,1,2,2,0,1,2,8171826.373486816
283,2,1,1,2,1,0,1,3042736.6900207126
162,3,3,1,2,1,1,1,2754555.89707187
71,3,2,1,1,2,1,1,1658131.144391932
185,2,3,1,2,0,1,1,2437329.421535616
195,1,1,1,2,1,1,1,3343905.193254282
55,3,3,1,1,0,0,1,577224.1019331893
86,2,2,1,1,2,1,1,2002677.5935169465
290,4,2,1,2,2,1,1,6517192.7113893265
226,3,3,1,2,1,1,1,3856648.079738361
70,2,1,1,1,0,1,1,936288.0185904682
299,5,4,1,2,0,0,1,2642518.9951522723
56,3,1,1,1,1,2,1,1577794.5406646095
78,5,4,1,1,0,2,2,3266437.7360683186
78,3,1,1,1,1,1,2,2611985.2099020244
171,3,3,1,2,0,2,1,4034860.9821818722
69,6,4,1,1,0,1,1,996506.2984133629
197,6,1,1,2,1,1,1,3382274.8063786174
242,5,3,1,2,0,1,1,3209923.2420270294
105,1,1,1,1,0,1,3,4389552.600605931
147,2,2,1,1,1,0,1,1744501.5316820068
261,1,2,1,2,1,2,1,7357614.404349254
57,1,1,1,1,0,1,1,781000.3926654371
129,6,3,1,1,0,2,1,2878783.8839235455
220,2,1,1,2,1,1,1,3893174.3883289313
294,6,3,2,2,2,1,2,13210331.134992523
292,6,4,1,2,0,1,1,4022073.57319802
296,6,2,1,2,1,1,1,4638710.290516771
126,4,4,1,1,0,0,1,1208876.7872823726
129,1,3,1,1,0,2,1,2850325.6633099145
276,1,1,1,2,2,1,1,6492842.383814822
109,1,2,1,1,0,1,1,1547573.7169625412
83,4,3,1,1,2,1,1,1994656.1564674145
239,3,3,1,2,0,2,1,5078172.800404913
191,5,2,1,2,1,2,1,5043955.880268006
125,5,1,1,1,2,1,1,2998154.134184146
58,4,2,1,1,0,1,1,790364.3971235313
140,1,1,1,1,0,1,1,2005939.5618661898
134,5,1,1,1,1,1,1,2239189.581682043
293,4,3,2,2,0,0,2,5203648.456466997
69,6,1,1,1,1,0,1,806501.1296896624
288,2,1,2,2,2,2,2,21679258.011056654
72,5,2,1,1,1,1,1,1231648.734103223
268,2,2,1,2,1,1,1,4473674.042882029
51,1,1,1,1,0,1,2,1328457.307902095
157,5,3,1,2,1,0,2,3224094.222781987
194,4,2,1,2,2,1,1,4179332.7989349794
285,3,4,1,2,1,1,1,4670123.684294768
286,5,3,1,2,1,1,1,4983967.734439751
68,5,2,1,1,1,2,1,1805595.3220591526
200,5,2,1,2,1,0,1,2354700.141231695
274,5,4,1,2,2,1,1,6271644.180320472
229,4,1,2,2,0,0,2,4093675.412922666
156,4,2,1,2,2,0,2,4870582.096556859
297,3,4,1,2,1,1,1,5017045.946444487
219,4,4,2,2,2,1,2,9943663.260626642
211,4,2,2,2,0,1,2,5663594.03294943
298,1,3,1,2,1,1,1,4963373.960283114
174,1,2,1,2,0,1,2,4687784.223987817
210,2,4,1,2,1,1,1,3573366.5508254357
249,3,2,1,2,2,1,1,5747103.8323283335
275,1,3,2,2,1,1,3,14437949.459502527
225,3,1,1,2,2,1,1,4977450.166021679
134,3,1,1,1,1,1,1,2309445.0243083765
50,5,2,1,1,1,1,1,937042.6461066185
107,6,2,1,1,2,2,2,7586194.466965703
249,6,4,2,2,1,1,2,7971138.517523196
235,6,3,1,2,2,2,1,8671823.161173183
137,3,4,1,1,1,1,1,2384603.2343175383
132,5,4,1,1,0,0,1,1269243.5960010232
61,2,1,1,1,0,2,1,1398023.9154154737
211,2,4,1,2,0,1,1,2731710.3668382233
173,6,4,1,2,0,1,1,2487475.9273679247
64,2,1,1,1,2,1,1,1480516.0371901104
224,5,1,2,2,0,1,2,5773589.863866953
124,6,3,1,1,1,2,1,3350099.0718775005
94,5,3,1,1,1,2,1,2608411.01939366
290,2,3,1,2,1,1,1,4863936.652295627
183,6,2,2,2,1,1,2,6483683.178682189
206,5,1,2,2,2,1,2,9441408.49719556
263,4,2,1,2,1,0,1,2834392.908351608
259,4,2,2,2,0,1,2,7292450.362027767
218,5,3,2,2,2,2,2,16417907.364464205
158,5,1,1,2,1,1,1,2734980.422058707
189,1,2,1,2,1,0,1,1991916.8427201018
254,1,4,1,2,2,1,1,5913031.656903815
236,3,4,1,2,1,0,1,2721122.059207595
81,6,1,1,1,0,0,2,1501565.4199616986
92,3,2,1,1,2,1,2,4257252.6901074
290,3,3,1,2,2,0,1,4391424.999669967
162,2,2,1,2,2,2,1,5783030.158803079
68,4,4,1,1,1,1,1,1212716.9708859846
74,2,4,1,1,2,0,2,2263334.162286652
45,6,3,1,1,1,1,1,811094.9306344164
150,5,1,1,1,1,2,1,3989809.1111255223
116,1,2,1,1,2,1,1,2792898.9216229096
186,6,4,1,2,2,0,1,2832838.405914652
106,5,2,1,1,1,2,1,2905116.4929768597
47,6,3,1,1,0,2,2,2054616.9818980629
161,5,3,1,2,2,1,1,3835956.3118324047
214,1,1,2,2,0,1,2,6275983.009070692
218,5,3,2,2,1,0,2,5064376.248177549
124,3,1,1,1,1,1,1,2142895.178919199
84,6,2,1,1,1,0,1,1017146.2904986449
175,1,4,1,2,1,1,2,6052963.050621137
55,5,4,1,1,1,0,1,725948.595162704
234,3,1,1,2,2,1,1,5278614.720719492
48,3,4,1,1,2,1,1,1220801.4596079388
54,4,1,1,1,0,1,1,781528.1973303684
141,3,1,1,1,1,1,2,4732883.486852133
265,2,2,1,2,1,1,1,4575897.4622783335
152,1,2,1,2,1,1,2,5315432.096788986
40,1,3,1,1,1,2,1,1123934.7075700758
247,1,1,1,2,1,1,1,4218885.555068867
149,5,2,1,1,1,1,1,2552214.3190699494
239,6,1,1,2,1,0,1,2624933.313485016
51,5,1,1,1,1,1,1,876341.4610205914
227,2,1,1,2,1,0,1,2490986.589723892
193,6,2,2,2,2,1,3,13501969.731276719
210,3,1,2,2,1,1,2,7031044.446176483
173,5,1,1,2,0,2,2,7461833.783187406
64,6,3,1,1,1,0,1,759211.2285415864
57,3,1,1,1,1,2,1,1590070.7873696655
229,6,3,1,2,1,0,1,2620827.862613601
180,3,1,1,2,2,0,2,5534413.528849475
82,6,3,1,1,0,2,1,1813028.296752525
185,5,2,1,2,1,0,1,2055486.9908457191
131,5,2,1,1,0,2,1,2888936.3041983517
218,2,4,1,2,1,1,1,4042484.7605916825
95,4,1,1,1,0,0,2,1661792.3857830344
194,1,4,2,2,2,0,3,8479636.427228063
199,5,4,2,2,0,0,2,3588839.0783708035
150,5,3,1,1,1,0,1,1772724.2319977921
176,3,2,1,2,1,1,1,2992315.153139062
271,4,1,1,2,2,0,1,4095951.595010487
259,5,1,1,2,1,1,1,4375577.0408560885
107,6,3,1,1,2,0,1,1734681.4403180622
288,4,4,1,2,0,1,1,4051961.4329615408
45,1,3,1,1,2,1,2,2133936.5731221535
133,6,4,1,1,1,0,1,1618208.9903845598
236,3,1,2,2,0,1,3,9174836.904671371
64,2,3,1,1,1,0,1,771073.6314957474
187,6,4,1,2,0,1,1,2589922.2590814056
157,1,3,1,2,1,1,1,2788542.9986112174
105,6,2,1,1,1,0,1,1156139.9323036924
214,4,3,1,2,1,0,1,2385372.6079969513
115,4,1,1,1,1,0,2,2546666.68702874
153,1,3,1,2,0,2,2,6647287.147823464
150,4,1,1,1,1,2,2,8069658.6323727565
288,6,1,1,2,2,1,1,6644566.768682993
242,2,3,1,2,2,1,1,5321916.562227218
186,6,3,2,2,2,1,2,8707338.096576404
74,2,3,1,1,2,2,1,2820931.40236145
65,4,2,1,1,2,1,1,1563325.2057092707
277,6,2,1,2,1,1,1,5069048.813825717
53,4,4,1,1,1,0,1,689163.8008600172
84,2,3,1,1,2,1,1,1942059.071079783
255,4,4,1,2,0,0,1,2292111.744299531
272,5,4,1,2,1,0,1,2997634.68277562
232,3,1,1,2,0,2,1,4907430.651287308
90,6,4,1,1,1,0,1,1084512.9296573554
253,5,3,1,2,1,1,1,4282326.458119778
190,4,2,1,2,0,1,1,2562776.6892003985
115,4,4,1,1,2,1,1,2608606.480902318
259,3,4,1,2,2,2,1,9250679.617063941
226,4,2,1,2,0,2,1,5194278.3392566135
67,3,4,1,1,1,1,1,1179670.2790128775
219,6,3,1,2,2,0,1,3292198.233660369
292,2,4,1,2,1,2,1,7666096.528679605
165,3,1,1,2,2,1,1,3705055.5456575495
216,3,4,1,2,1,2,1,5680322.3997840425
76,5,1,1,1,1,1,1,1298777.8671692896
138,4,2,1,1,2,0,1,2155502.6925100363
137,6,2,1,1,1,2,1,3587279.473204942
166,2,4,1,2,2,0,1,2566249.998769087
207,1,4,1,2,0,1,1,2771546.0090565495
119,3,2,1,1,2,0,1,1940659.869860881
165,1,1,1,2,2,1,1,3810776.459920542
189,4,2,2,2,1,0,2,4386399.767958198
55,3,2,1,1,0,0,1,526365.9579032721
67,1,1,1,1,0,1,2,1845840.3099556055
212,5,2,1,2,0,0,1,1875316.5926910483
85,1,4,1,1,1,0,2,1990571.6539668415
275,5,4,2,2,0,1,2,7210315.313392623
253,2,2,2,2,1,0,2,5859112.628555125
124,4,4,1,1,2,0,1,1929249.010645951
271,6,3,1,2,1,0,1,2831439.460897226
124,1,2,1,1,1,0,1,1353558.6927714362
104,3,3,1,1,0,0,1,993329.5307620002
173,4,2,1,2,0,1,1,2304482.7013769154
190,1,2,1,2,1,1,1,3343764.957080379
154,3,3,1,2,0,2,1,3430596.7274671816
103,3,2,1,1,1,1,1,1834056.0828936393
197,6,4,1,2,1,2,1,5573072.099998346
116,6,3,1,1,2,1,3,8247039.066926853
185,3,2,1,2,0,0,1,1656583.0208624674
264,6,4,1,2,0,0,1,2232932.294532144
142,3,3,1,1,2,0,2,4285505.326044329
127,1,3,1,1,1,1,1,2126954.3105836064
207,2,4,2,2,2,1,2,9455193.542284438
209,6,2,1,2,0,1,1,2795577.471682282
174,5,2,1,2,1,1,1,3023613.002573875
89,5,3,1,1,0,1,1,1194869.87143629
173,5,1,1,2,0,0,1,1636345.1640288818
176,2,2,1,2,0,0,1,1643408.7948268557
284,3,2,2,2,2,1,2,12836001.98027929
148,3,4,1,1,1,1,1,2531541.4975754214
60,4,1,1,1,0,1,1,848024.9705516489
129,5,1,1,1,1,0,1,1464588.8333354634
151,5,3,1,2,1,0,2,3293026.726824568
116,3,4,1,1,2,1,2,5422981.149421828
216,5,4,1,2,0,1,1,3010746.922074986
187,3,2,2,2,0,1,2,5172904.250665659
140,3,3,1,1,0,0,1,1265340.7778480742
285,6,2,1,2,1,0,1,3053632.04363908
156,3,1,1,2,1,1,1,2644865.098164945
131,1,4,1,1,1,0,2,2979325.4715731363
67,1,3,1,1,0,1,1,955689.0719175945
64,1,2,1,1,2,0,1,1036418.7869091735
97,1,2,1,1,1,1,1,1726343.5942502876
173,2,1,1,2,1,1,1,2936318.9311555107
288,4,4,1,2,0,1,1,4050139.007644056
77,4,1,1,1,2,0,1,1189624.6790064569
114,3,2,1,1,2,1,1,2700470.4272448346
181,5,4,2,2,2,1,2,8283338.234085713
207,1,4,2,2,2,2,2,15826234.685030336
298,4,1,1,2,0,1,1,3891152.074154956
264,4,4,1,2,0,0,1,2334338.680950863
191,1,1,1,2,1,1,1,3299537.630597442
58,2,4,1,1,1,1,2,2076230.6573610806
185,2,4,1,2,1,1,1,3184528.8213662105
280,4,3,1,2,1,0,1,3235010.5243021594
276,2,4,2,2,1,0,2,6297078.533446411
74,6,2,1,1,0,0,2,1357076.2329159612
229,1,3,1,2,1,1,1,3872480.226145199
40,4,1,1,1,1,1,1,726507.9928031918
192,1,2,1,2,1,1,1,3495937.8266861965
165,2,1,1,2,1,0,1,1770163.860561359
265,1,1,1,2,1,0,1,2955550.0275780745
260,2,2,2,2,2,1,2,12495573.775540203
250,2,1,1,2,1,0,1,2725393.0464439113
64,1,3,1,1,0,2,1,1492823.9033206766
55,2,2,1,1,1,1,1,955268.3820300282
221,6,1,2,2,0,1,2,5959550.241601126
168,3,1,1,2,1,0,2,3634960.344568234
81,1,4,1,1,0,2,2,3512167.6499471697
275,3,4,1,2,1,1,1,4591591.301202014
73,1,1,1,1,2,0,1,1124243.966762574
84,2,2,1,1,0,1,1,1197726.5925673388
173,2,3,1,2,1,1,1,3038147.0427553235
60,4,1,1,1,2,1,1,1398000.6487954843
161,6,1,1,2,1,2,1,4605941.998867162
109,4,1,1,1,2,0,1,1648326.5995265257
87,3,4,1,1,1,0,1,1058076.5738103096
78,2,2,1,1,0,1,1,1079930.6302397598
49,4,1,1,1,2,2,1,1831198.371644563
69,2,4,1,1,0,2,2,3164073.1120292335
283,1,1,1,2,1,1,1,4690941.812069025
127,4,1,1,1,1,0,1,1453654.4125610269
283,3,2,1,2,2,1,1,6485016.017702383
54,4,4,1,1,0,1,1,820471.1741440071
43,2,3,1,1,1,0,1,546283.732961644
230,5,2,2,2,2,1,2,10585722.647330038
207,5,3,1,2,2,1,1,4578465.694541276
48,6,4,1,1,2,1,2,2190443.169792395
148,2,4,1,1,0,0,1,1399375.3414739491
176,1,3,1,2,1,1,1,3012374.7696419526
193,4,4,2,2,0,1,2,5552130.629257169
248,5,2,1,2,0,1,1,3483771.0623810412
182,1,1,2,2,0,2,2,7995954.471053678
138,2,3,1,1,1,1,1,2375952.141321503
108,1,1,1,1,1,0,2,2395336.574445001
286,2,3,2,2,0,0,2,4810766.956590714
118,6,1,1,1,1,2,2,6226534.384685259
185,4,1,2,2,1,1,2,6631343.811400237
150,1,2,1,1,1,1,2,4934464.01969401
297,4,1,1,2,1,1,1,4875922.736349356
132,1,3,1,1,1,0,1,1527578.591525907
52,2,1,1,1,0,0,2,896077.1119671228
299,2,4,2,2,1,0,2,6798507.123219455
148,1,1,1,1,2,1,1,3253824.2869711956
228,6,1,1,2,0,2,1,5124987.872781123
134,2,4,1,1,2,0,1,2169219.0159120667
144,3,4,1,1,1,0,1,1791733.8497722605
47,3,3,1,1,1,1,1,861263.4125150279
106,4,4,1,1,1,2,2,5794217.401656077
230,3,4,2,2,1,1,2,7810433.409926514
295,3,3,1,2,0,1,1,3824029.3973196857
48,6,3,1,1,1,0,1,610975.8338484057
156,6,1,1,2,1,0,1,1724538.722828555
138,5,2,1,1,0,1,1,1789628.002184573
203,5,3,1,2,1,1,1,3500656.0957685295
180,6,4,1,2,2,1,3,12174878.26893656
76,5,1,1,1,1,2,1,2190819.301593176
113,6,4,1,1,2,0,1,1681699.401357478
112,5,3,1,1,1,1,2,3940548.5514278333
238,2,2,2,2,0,1,2,6377223.590956556
169,6,1,1,2,0,1,1,2387059.2729116813
285,4,3,1,2,0,1,1,4144988.866912339
99,4,3,1,1,0,1,3,4165265.252180761
142,6,4,1,1,2,0,2,4203598.879271821
190,3,2,1,2,1,0,1,2269189.2454414433
196,4,3,1,2,2,2,1,7714396.099862706
245,3,4,1,2,1,2,1,6697939.47398448
218,4,1,1,2,1,2,1,6259396.143125209
236,1,4,2,2,2,0,2,6957214.3770519765
262,1,1,1,2,0,1,1,3570399.941928595
128,6,4,1,1,2,0,1,2032444.4682421342
275,4,2,1,2,1,1,1,4566566.266169615
222,2,4,1,2,1,0,1,2431066.675416282
248,3,2,2,2,1,1,2,8464087.781189883
169,4,2,1,2,1,1,1,2862428.8907306725
192,6,1,1,2,1,0,1,2163008.699939745
52,3,4,1,1,1,0,1,612609.9507505478
161,5,4,1,2,1,0,1,1813499.8646632517
259,6,4,2,2,1,1,2,8774091.593097579
145,4,2,1,1,1,1,1,2497819.97732655
109,2,3,1,1,0,2,1,2379020.3627570965
234,5,4,1,2,1,1,1,4081594.409409245
225,6,4,1,2,2,2,1,8476770.389093302
138,4,3,1,1,1,0,1,1566558.833413583
121,1,1,1,1,1,2,1,3400306.118921092
114,4,4,1,1,0,1,1,1576595.2341683172
231,1,3,1,2,2,1,1,5425191.7848957805
253,1,4,1,2,1,1,1,4292269.610442153
183,6,2,1,2,1,1,1,3182409.3825994814
255,4,3,1,2,1,1,1,4471510.29027834
54,4,2,1,1,0,0,1,525463.8548613947
256,1,3,2,2,0,0,2,4396267.733702307
74,3,1,1,1,0,1,2,1990158.4885184846
222,5,2,1,2,0,1,1,3108806.3309384356
139,2,4,1,1,1,1,2,4877973.9264529925
46,4,3,1,1,1,2,2,2630219.343122401
69,5,4,1,1,1,1,1,1233732.6653642608
183,5,1,1,2,2,1,1,4372380.993381071
150,3,3,1,1,1,1,1,2666300.225879902
271,5,1,1,2,1,0,1,2940565.655513617
218,4,3,1,2,0,2,1,4848596.967386926
111,6,2,1,1,1,0,1,1289594.2735832005
249,6,4,2,2,1,1,3,12252898.266336828
259,5,2,1,2,0,0,1,2239404.0480616465
119,4,2,1,1,0,1,1,1644673.24810347
122,4,2,1,1,1,1,1,2289620.084275938
81,1,2,1,1,2,2,2,6457339.321435126
230,3,3,2,2,1,0,2,5116005.537883904
212,2,4,1,2,0,1,1,2819502.4455574793
46,1,3,1,1,2,1,1,1141173.3343166644
194,2,3,2,2,2,0,2,5565974.221084298
49,4,3,1,1,2,0,1,837661.4184128691
73,6,2,1,1,0,1,1,1024933.9087740553
75,1,1,1,1,1,2,1,2075399.2629586204
45,5,2,1,1,0,2,1,1026207.5752121931
254,5,3,2,2,1,1,2,8490994.108827185
173,2,2,1,2,1,0,1,1991122.6644786282
165,4,4,1,2,2,1,1,4033077.681045833
213,6,4,2,2,2,0,2,6059858.2011486925
191,2,2,1,2,1,0,1,2184314.4566486613
65,6,2,1,1,2,2,1,2449558.167994317
154,3,1,1,2,1,1,1,2586945.9517915864
114,6,2,1,1,1,1,1,1967627.0985647251
205,5,2,2,2,1,1,2,6994438.383284528
228,1,1,1,2,2,1,1,5209251.147746045
117,1,2,1,1,2,1,2,5543852.738526713
129,1,2,1,1,1,1,1,2337964.4936151397
215,6,2,2,2,0,1,2,5872305.317193036
60,5,2,1,1,0,1,1,852126.7599792717
93,6,2,1,1,2,0,1,1434021.2604122483
223,4,3,1,2,0,0,1,2094087.7010783479
261,5,2,1,2,1,1,1,4420181.916293278
218,5,1,1,2,0,0,1,1917596.8648819258
151,6,2,1,2,2,1,2,6906918.803159776
263,6,3,1,2,0,1,1,3388227.3932737187
253,1,1,1,2,0,1,1,3409533.5753317336
98,5,1,1,1,0,1,1,1392180.4046704618
148,1,2,1,1,0,1,2,4001343.8509241026
196,4,4,1,2,1,0,1,2151083.126451999
230,3,3,2,2,0,1,2,6234027.287485015
239,1,4,1,2,2,0,1,3510147.609287688
235,6,2,1,2,0,0,1,2108684.0016111555
74,2,3,1,1,2,0,2,2194299.858650023
285,3,4,2,2,1,2,2,14624003.641523901
276,4,3,1,2,1,1,1,4619628.17152086
143,6,2,1,1,1,1,1,2396060.2561200922
46,3,3,1,1,1,1,2,1601787.153190433
40,6,2,1,1,1,1,1,735441.9036062298
258,1,4,2,2,1,1,2,8915356.781499986
269,6,3,2,2,1,1,2,9522379.730092013
211,4,1,1,2,2,1,1,4904265.074267451
126,2,2,1,1,1,1,1,2089841.8394096883
80,1,3,1,1,1,1,2,2752277.1207314264
162,1,1,1,2,1,2,1,4071023.17846801
217,4,1,1,2,2,0,1,3165533.3584171813
102,4,1,1,1,1,1,1,1756553.97647308
204,3,1,2,2,1,1,2,7369477.184017778
226,2,2,1,2,1,0,1,2566625.434343948
248,6,3,1,2,0,1,1,3376757.100107588
266,3,1,1,2,1,1,1,4461663.840404895
87,6,3,1,1,2,1,1,1984085.7737895807
263,6,3,1,2,1,2,1,7576359.667519666
42,6,4,1,1,1,1,2,1555750.858626468
214,3,3,1,2,1,1,1,3567883.519184787
138,1,2,1,1,2,1,1,3224513.6209266977
155,4,2,1,2,1,1,1,2724911.04081767
292,1,1,1,2,0,1,1,3940443.0696785464
134,2,3,1,1,1,2,1,3758875.65938052
63,3,2,1,1,2,1,2,3010730.1687154467
155,2,2,1,2,0,0,2,2600826.4942359054
190,4,2,1,2,1,1,1,3309122.0679685907
89,4,1,1,1,2,1,1,2180434.9737301427
245,5,2,2,2,1,2,2,13421357.900320867
118,2,3,1,1,1,0,2,2584875.7113699685
109,1,2,1,1,0,1,1,1546651.4036107257
66,2,2,1,1,1,1,1,1146706.0819697236
89,3,1,1,1,0,1,2,2509045.654136811
286,4,3,1,2,1,0,1,3165778.496998789
118,4,2,1,1,1,1,3,6323214.636872266
229,2,3,1,2,2,1,1,5287250.045921433
86,2,3,1,1,2,0,2,2560475.353557485
228,6,2,1,2,2,0,1,3453101.7570248963
295,2,1,1,2,1,1,1,4794364.619944285
261,6,3,1,2,2,1,1,6150567.317728843
280,3,4,1,2,1,1,1,4809587.447833689
40,3,2,1,1,0,0,1,385183.2336446389
73,1,3,1,1,2,1,1,1819821.2024860801
118,2,3,1,1,0,1,1,1735774.937479769
275,1,3,1,2,2,1,1,6584139.607868189
137,5,2,1,1,2,2,1,5220823.730126566
121,3,4,1,1,0,1,1,1689531.6198551354
231,4,3,1,2,1,1,1,3725464.1338048903
292,6,3,2,2,1,2,2,16358531.614660775
77,5,1,1,1,0,1,1,1080594.2599113998
53,4,2,1,1,2,1,2,2472998.1930967458
248,5,2,1,2,0,1,1,3275573.2965157353
128,1,3,1,1,1,0,1,1477236.0482196964
95,1,1,1,1,2,2,1,3537024.2290817276
133,6,3,1,1,1,1,1,2383047.4333794247
132,3,3,1,1,1,1,1,2261024.7243540795
124,6,2,1,1,2,1,2,5534472.979199369
284,4,1,1,2,1,1,1,4897476.324613826
61,5,3,1,1,0,0,1,610753.8020982239
161,6,2,1,2,1,0,1,1829189.7754421048
167,2,3,1,2,2,2,2,12376387.587848675
152,2,3,1,2,1,1,1,2609693.2147837514
169,3,1,1,2,2,2,1,5770004.494265302
171,6,1,1,2,1,1,1,2850982.665220662
124,4,1,1,1,1,0,1,1350199.4561011232
120,2,3,1,1,0,1,2,3349880.551508297
108,3,4,1,1,1,1,2,3641031.1804599836
187,6,1,2,2,1,1,2,6064553.990112014
55,3,4,1,1,1,1,1,1051546.9639724523
144,4,4,1,1,1,2,1,4060717.135200546
204,2,4,1,2,1,1,1,3544300.569257462
240,2,2,1,2,1,1,1,4023400.3016644404
236,2,3,1,2,1,1,1,3694561.2254898124
224,1,1,1,2,1,1,1,3719948.795967629
139,2,3,1,1,1,0,1,1570883.751710789
253,5,3,1,2,2,1,1,5944904.704017855
201,1,2,2,2,0,0,2,3641083.072828831
196,6,2,2,2,1,1,2,7187502.053003349
290,1,2,2,2,1,1,2,9522601.5162973
136,1,3,1,1,1,1,3,7009433.795597046
57,1,4,1,1,1,0,1,707255.1427754005
136,3,3,1,1,1,0,1,1501214.8479490282
40,5,2,1,1,2,0,1,686385.1962528948
255,4,3,1,2,1,2,1,7074370.8348365845
171,2,2,1,2,1,1,2,5855021.439307036
299,1,2,1,2,1,0,1,3210517.918127215
164,4,1,1,2,1,0,2,3576975.086703233
121,3,4,1,1,1,0,1,1405434.541968778
210,4,2,1,2,1,1,1,3638487.4857053254
98,1,1,1,1,2,1,1,2287952.9646710935
71,6,4,1,1,0,2,1,1589801.4206812857
200,5,2,1,2,1,1,1,3400046.087464946
145,4,4,1,1,1,1,1,2467140.735221552
144,1,4,1,1,2,1,1,3442921.870527212
267,1,3,1,2,1,0,1,2849748.8617216847
227,2,1,1,2,0,2,1,5019264.279602177
109,6,4,1,1,1,2,1,3062822.536137089
126,2,3,1,1,0,1,2,3530715.3525256123
95,6,4,1,1,1,1,2,3329545.165718902
152,5,3,1,2,1,2,1,4138115.8172334027
52,2,2,1,1,2,1,2,2445138.040653599
57,5,2,1,1,1,1,2,1978218.4054191723
221,3,3,1,2,1,1,1,3849508.9866274716
152,3,2,1,2,2,0,1,2180279.6661675526
268,6,2,2,2,2,1,3,17793140.303721722
210,6,2,1,2,1,1,1,3552725.715870703
228,2,4,1,2,0,1,1,3237792.667726132
118,3,3,1,1,0,1,1,1631003.0055895885
185,4,1,1,2,0,1,1,2574424.7845559986
221,4,1,1,2,0,0,1,1962803.732990574
289,4,3,2,2,1,1,3,14678438.390961252
235,3,4,2,2,0,1,2,6427673.954359444
110,4,2,1,1,1,0,2,2371250.6862874143
287,5,2,2,2,2,1,3,19144685.673789322
185,1,4,2,2,1,0,2,4075384.4332093475
145,6,1,1,1,0,1,1,1968442.279384827
109,2,3,1,1,0,1,1,1513057.5700155983
232,5,3,1,2,1,0,1,2630387.543880771
107,4,4,1,1,2,1,2,5181152.71691834
91,1,2,1,1,2,0,1,1463955.370061008
48,2,2,1,1,0,1,1,701334.9003234627
290,5,2,2,2,1,0,3,9528234.488826558
223,2,3,2,2,1,1,2,7363713.163677639
218,6,1,1,2,1,1,1,3637910.960625101
237,3,3,1,2,0,1,1,3248110.2796501243
167,4,4,1,2,0,1,1,2266123.4526130273
59,5,3,1,1,1,0,2,1427031.5314602458
104,5,4,1,1,1,1,2,3415667.7899883655
221,1,3,2,2,1,0,2,4860821.581851914
280,1,1,2,2,1,1,2,9656331.028186519
63,1,4,1,1,1,1,1,1175084.705752211
122,2,2,1,1,1,1,1,2116714.906403282
224,4,2,2,2,1,0,2,4550608.120135414
138,2,3,1,1,1,1,2,4435830.682201281
101,4,3,1,1,1,1,2,3494913.4584294064
61,5,1,1,1,1,0,1,736048.0396348865
251,2,1,1,2,1,1,1,4160894.738935067
165,2,2,1,2,2,1,1,3664864.111070631
81,2,3,1,1,1,0,1,986078.2461554735
137,3,4,1,1,1,0,2,3078912.5543727535
70,6,1,1,1,2,2,2,5284886.3165240735
197,4,4,1,2,2,1,1,4659018.165081429
151,4,4,1,2,1,0,2,3413390.889253553
286,2,1,1,2,1,0,1,3153521.073487836
161,3,3,1,2,1,1,3,7569657.876614329
246,2,4,1,2,0,0,1,2155769.7649147864
149,4,3,1,1,1,1,2,4823376.861272035
95,6,4,1,1,2,0,1,1474410.7465806806
96,6,3,1,1,2,0,1,1487506.9590143692
153,5,3,1,2,1,1,1,2503978.129571282
237,3,3,1,2,2,1,1,5488113.791502575
218,6,3,2,2,0,1,2,5960651.130666681
258,3,1,2,2,0,1,2,6872044.576183209
55,2,4,1,1,2,1,1,1384102.8901768173
100,5,3,1,1,2,1,2,4626113.878337641
93,4,2,1,1,1,2,1,2629379.5141633213
207,6,4,2,2,1,1,3,9742837.328611031
65,6,4,1,1,0,1,1,974264.9113478251
104,1,3,1,1,1,1,1,1780957.4457244892
139,4,4,1,1,0,1,1,1956094.5483463062
113,6,2,1,1,0,1,1,1656116.5142315794
231,6,2,1,2,1,0,1,2553472.235634461
210,4,2,1,2,0,2,1,4594257.730034702
226,5,4,1,2,0,0,1,2109497.63493434
62,3,4,1,1,2,0,3,2829209.756120142
220,4,3,1,2,2,2,1,8020531.3340556575
147,3,4,1,1,1,0,1,1722065.0876313758
201,5,4,2,2,0,1,2,5451661.123869459
245,5,3,2,2,1,1,2,8105450.0349567
117,2,2,1,1,1,1,2,3962986.866372573
55,1,3,1,1,1,1,2,1986402.0404655298
135,5,1,1,1,2,1,2,6164723.149145239
186,5,4,1,2,1,2,1,5282581.663561036
41,3,4,1,1,0,2,1,973965.1790005374
49,5,1,1,1,2,1,1,1136636.7558242055
164,4,1,1,2,2,0,3,7359627.802758153
120,2,1,1,1,0,0,1,1071547.1717026746
179,2,3,1,2,2,1,2,8117844.718606517
189,4,2,2,2,0,1,2,5086620.292853175
168,6,3,1,2,1,2,1,4536347.397454772
278,5,1,2,2,0,2,2,12590179.215392245
97,1,3,1,1,2,1,1,2372459.725985505
237,5,4,1,2,0,1,1,3295651.2979070684
250,2,3,2,2,1,0,2,5507994.029639636
84,1,1,1,1,1,0,1,972375.1121141767
136,6,4,1,1,1,0,1,1607752.3168989616
62,3,2,1,1,0,1,1,861300.4589010444
83,3,3,1,1,2,2,1,3200038.1103787166
66,5,3,1,1,2,1,1,1526345.4810048977
136,5,1,1,1,1,1,1,2306524.5633864803
75,1,2,1,1,1,0,1,840742.1855382733
148,1,4,1,1,1,1,1,2546895.8925587563
94,6,1,1,1,2,1,1,2225131.76631771
231,5,1,1,2,2,0,1,3512092.980490561
258,2,3,1,2,0,1,1,3574309.901918893
224,3,2,1,2,1,1,1,3801643.7032016525
108,6,1,1,1,1,1,1,1826335.3972316084
169,1,3,1,2,1,0,1,2002838.6640448745
94,2,4,1,1,0,0,2,1796661.9592024917
136,5,1,1,1,0,1,1,1790944.923464153
126,4,4,1,1,1,0,1,1467482.5489349652
158,1,4,1,2,1,0,1,1795267.2907801112
247,6,3,2,2,2,1,2,11333591.17075414
193,4,2,1,2,0,2,1,4161744.072818578
74,2,4,1,1,1,1,1,1417092.6218044595
118,3,1,1,1,2,0,1,1755146.088934484
106,2,2,1,1,2,1,2,4832210.670722499
73,3,2,1,1,1,2,1,1998882.7051104624
136,2,3,1,1,0,1,2,3659899.9300606116
208,1,1,1,2,1,0,1,2314076.8772940924
208,1,1,2,2,1,0,2,4483717.086410227
190,6,3,1,2,2,0,1,2751061.0097641377
110,4,3,1,1,2,1,1,2592621.2433958836
42,2,2,1,1,0,0,2,816898.127423081
71,2,4,1,1,1,0,2,1596878.2966436876
121,4,4,1,1,2,0,1,1947796.9752058666
82,5,4,1,1,1,2,1,2257760.415208867
144,6,4,1,1,1,0,1,1699210.962723741
40,2,1,1,1,2,1,1,1004625.5332400051
100,6,1,1,1,2,0,2,3001730.374509144
219,2,3,1,2,2,1,1,5188380.925311696
263,2,3,2,2,0,1,2,7657728.518638634
45,5,4,1,1,1,1,1,906856.9457396242
142,1,3,1,1,1,1,1,2502674.537179687
49,6,1,1,1,2,1,2,2301012.464320208
110,4,4,1,1,1,1,2,3724321.939480684
129,6,4,1,1,1,0,2,2766086.253589557
265,5,1,1,2,1,1,1,4461884.352012702
197,3,2,1,2,0,2,1,4327351.358236179
267,3,4,1,2,1,1,1,4333619.911212558
165,5,3,1,2,1,1,2,5473638.041544869
248,5,2,1,2,1,1,1,4081223.762239915
136,1,1,1,1,2,1,2,6270127.374489537
113,6,2,1,1,1,2,1,3143369.914682399
154,6,2,1,2,0,0,2,2553863.8806634103
230,3,4,1,2,2,0,1,3365264.5239050454
209,4,2,2,2,0,2,3,14133015.850746516
243,6,3,1,2,1,1,1,4091539.6789987576
95,2,4,1,1,2,1,1,2360663.6427024365
247,2,1,2,2,1,1,2,8302296.678520681
80,1,3,1,1,2,1,1,1913502.5350272078
71,1,4,1,1,0,0,1,712162.8687045969
54,3,2,1,1,1,1,1,959012.5066612939
101,4,3,1,1,2,1,1,2465823.165599752
194,4,4,2,2,1,1,2,6449803.920895057
248,5,4,2,2,2,0,2,7740298.598794176
226,1,1,1,2,0,1,1,2968563.590903231
169,6,4,1,2,1,2,1,4659656.11366816
166,2,1,1,2,1,1,1,2944133.8452434368
153,6,2,1,2,2,0,2,4541912.042392979
238,2,4,1,2,2,1,1,5923870.909070469
52,3,4,1,1,1,0,1,716297.6809163088
128,2,2,1,1,2,1,3,8987505.030604612
254,6,4,1,2,1,1,1,4247568.387734412
242,6,4,1,2,1,0,1,2655057.465336466
113,4,3,1,1,2,1,1,2517845.6716361796
64,4,1,1,1,1,1,2,2133053.5482840417
140,1,4,1,1,0,0,1,1184594.7417234378
215,6,4,1,2,1,0,1,2386889.681483983
156,3,1,1,2,0,1,1,2225731.733367604
205,2,3,2,2,1,1,2,6816320.586797375
80,1,1,1,1,1,2,1,2271471.001158596
159,5,4,1,2,0,0,1,1420405.555464587
136,5,2,1,1,0,0,1,1201955.728083102
184,2,2,1,2,2,0,1,2750056.5316907596
255,2,3,2,2,1,0,2,5781969.1225141985
268,2,3,1,2,1,1,1,4616669.115171341
169,4,4,1,2,2,1,1,3827431.579149983
176,2,3,1,2,1,0,1,2020195.9661274762
156,5,4,1,2,1,1,1,2627988.3023559162
133,2,2,1,1,1,1,1,2266466.2930964027
207,6,3,1,2,2,2,1,7623817.1525302725
242,3,4,2,2,1,1,2,8414649.180236528
188,5,1,1,2,1,1,1,3134513.4381204234
222,3,3,1,2,1,1,1,3946736.818459027
191,5,4,1,2,1,1,1,3309815.180093825
113,1,4,1,1,2,0,1,1768090.5555344608
81,6,1,1,1,0,1,1,1101402.029566474
251,5,2,1,2,1,1,1,4340940.607009577
140,6,1,1,1,0,0,2,2355783.787064641
84,5,4,1,1,1,0,2,1930833.0744550587
121,3,1,1,1,1,2,1,3343243.6861802586
56,3,1,1,1,1,1,1,1008466.2333561386
112,5,4,1,1,2,1,1,2544227.9499162403
53,5,2,1,1,0,1,2,1420668.233697163
196,4,1,2,2,0,0,2,3315329.3916877587
262,6,1,2,2,1,1,3,13139559.430195557
171,6,3,1,2,1,1,1,3081512.1030488587
86,6,3,1,1,1,1,1,1545874.560920399
146,6,4,1,1,2,1,2,6925342.062921376
147,1,4,1,1,2,0,1,2331656.4795332337
244,1,4,1,2,2,1,1,5486359.005075462
118,2,3,1,1,0,0,1,1125971.9136790577
194,5,4,1,2,2,1,1,4495458.88568231
286,5,1,2,2,1,2,2,15670299.437957408
58,5,1,1,1,0,2,1,1281956.0169377283
65,5,2,1,1,1,1,2,2163177.0359986103
256,6,4,1,2,2,1,1,5629204.819462414
193,6,1,1,2,1,2,1,5361018.4043614045
193,1,1,1,2,1,0,1,2022540.07148583
213,3,2,1,2,0,1,1,3074061.680557058
131,4,1,1,1,0,2,1,2826655.9993138397
220,6,2,1,2,0,1,1,3051779.4614421153
170,6,2,1,2,1,0,1,1882717.1870504247
115,6,3,1,1,2,1,1,2760848.18436604
216,3,1,1,2,0,1,1,3046962.1650636233
223,3,3,1,2,2,1,1,5027980.770119635
170,1,1,1,2,1,0,2,3797201.8479833836
88,6,3,1,1,1,1,1,1507794.5365118573
94,4,2,1,1,1,0,1,1106079.896105068
193,5,2,2,2,2,1,2,9071417.46271744
239,6,2,1,2,1,2,1,6172327.416423954
157,1,2,1,2,0,0,1,1435457.939858375
85,1,1,1,1,2,1,2,3945266.823966178
228,4,4,2,2,1,0,2,5010283.237170061
168,2,1,1,2,1,0,3,5521882.759437653
88,1,3,1,1,2,1,2,4155745.7503418666
64,3,1,1,1,2,1,3,4447615.858009346
157,3,1,1,2,0,1,2,4298708.589489574
183,5,3,1,2,1,0,1,2091688.5269758173
239,1,2,1,2,2,0,1,3509295.808570908
196,5,3,2,2,2,0,3,9132177.70994913
173,1,3,1,2,2,1,1,3970823.825866087
187,4,4,1,2,1,1,1,3140097.1283489377
110,6,4,1,1,1,1,1,1978298.3779119302
272,1,2,1,2,1,0,1,2905377.1291350597
193,2,3,2,2,2,1,3,12735478.913386121
129,3,3,1,1,2,2,1,5004916.721509384
238,4,3,1,2,1,2,1,6308795.074194519
200,6,1,1,2,2,2,1,7296030.104322056
65,6,4,1,1,0,1,1,973514.7478571619
160,3,4,1,2,1,1,1,2843071.2695121965
251,6,2,2,2,1,0,2,5700869.094081952
102,5,4,1,1,1,1,1,1803275.3052295542
107,4,4,1,1,1,1,1,1804812.854247146
292,2,2,2,2,1,1,3,14847250.75043962
41,3,3,1,1,1,0,2,933859.5567112331
147,1,1,1,1,1,1,1,2534848.651378847
88,1,2,1,1,1,1,2,3086674.8555467655
179,1,4,1,2,1,1,1,3112315.476744356
257,4,2,1,2,0,0,1,2273410.769827747
83,2,4,1,1,1,0,2,1971832.588110061
117,6,3,1,1,2,0,2,3538021.1196931633
255,2,3,2,2,1,1,2,8882903.598431969
137,2,3,1,1,2,1,1,3285923.609624177
275,3,4,1,2,0,0,1,2444758.211372226
188,4,2,1,2,0,1,1,2645578.5853157057
105,1,4,1,1,0,1,2,2908382.816094877
273,3,3,1,2,1,0,1,3036480.1436228245
126,6,3,1,1,1,1,1,2199906.4218797083
118,2,3,1,1,0,2,1,2610132.681230975
244,1,4,2,2,1,0,2,5445168.38320101
293,4,1,1,2,0,2,1,6274816.825576569
169,5,3,1,2,1,0,1,1862031.1760093637
123,2,2,1,1,0,2,2,5136979.857414075
226,2,3,2,2,0,0,2,3928331.990405879
85,2,4,1,1,1,1,3,4518458.251650649
222,2,2,1,2,0,1,1,3188196.6119134044
139,1,4,1,1,2,1,2,6464705.203818704
117,4,1,1,1,0,0,1,1057392.0301728223
201,3,1,1,2,2,1,1,4561788.172142745
83,1,4,1,1,1,2,1,2347261.0573874693
277,4,3,1,2,1,0,1,3148360.7701339903
173,3,2,1,2,0,2,2,7547272.891789206
231,2,3,2,2,1,2,2,13186246.403239738
57,4,4,1,1,1,1,2,1969098.6749321434
51,2,4,1,1,1,0,1,633837.9151315312
219,4,3,1,2,1,1,1,3650229.5465967944
162,6,2,1,2,1,0,2,3496766.173264572
285,5,2,2,2,1,0,2,6082638.643695783
261,2,2,2,2,2,0,2,7504355.47212075
90,2,2,1,1,1,1,2,2903186.9342811373
110,2,2,1,1,2,1,2,5138783.00631793
87,6,1,1,1,2,1,1,2065131.4031444162
58,1,1,1,1,2,1,1,1349931.2809088358
123,3,4,1,1,2,1,1,3028724.8133287346
194,2,1,2,2,1,2,3,16746115.551242711
92,2,2,1,1,0,1,1,1338279.8922695084
146,1,2,1,1,1,1,1,2483900.113769201
174,1,2,1,2,1,1,1,3055761.7139567523
108,5,4,1,1,1,2,1,2970060.853657987
50,4,4,1,1,0,0,1,503552.98486500955
182,2,3,1,2,1,1,1,3121926.2003335715
231,4,1,1,2,1,1,1,3798548.9821967343
108,1,1,1,1,1,1,1,1802415.7326134301
62,1,3,1,1,0,0,1,588638.6957053088
220,5,3,1,2,2,1,1,5026602.494467596
48,3,1,1,1,1,1,1,882346.6570758225
132,6,2,1,1,1,1,1,2237170.569977506
56,6,1,1,1,0,1,3,2239405.046877826
193,6,2,1,2,0,0,1,1661188.785493281
188,1,4,1,2,1,1,1,3267813.135558578
145,2,1,1,1,1,1,1,2483622.0510087768
74,5,1,1,1,2,0,1,1184893.7197937157
158,3,4,1,2,2,2,2,11539265.732021812
53,6,4,1,1,0,1,1,786271.1389940467
53,5,4,1,1,1,1,1,971412.7403229581
179,1,4,1,2,1,1,1,3093499.40977457
158,6,4,1,2,1,0,1,1817342.0742400556
277,3,3,2,2,1,1,2,8995669.002004994
73,4,3,1,1,1,1,2,2619890.4793832595
208,3,4,1,2,2,0,1,3180049.9726925497
49,2,4,1,1,1,0,1,620725.9102053425
161,6,4,1,2,2,1,1,3670039.8257490057
184,6,4,1,2,1,1,1,3203139.7687094402
262,4,2,1,2,1,0,1,2902362.614571502
296,4,2,1,2,0,0,1,2723214.9228714155
43,6,4,1,1,1,2,1,1292613.8244725221
145,2,4,1,1,1,2,1,3877910.5920732045
124,4,1,1,1,0,2,1,2757008.924515684
253,1,4,2,2,0,1,2,7287008.660244634
160,6,4,1,2,0,1,1,2282404.9665337307
171,3,3,1,2,1,2,1,4602334.028962491
236,3,2,1,2,1,0,1,2467341.439256106
58,2,4,1,1,1,1,1,1016511.214114886
169,1,2,1,2,0,0,2,2932919.253568893
51,4,2,1,1,2,2,1,1945670.75477978
120,6,1,1,1,2,1,2,5353491.468392822
164,3,2,1,2,1,0,2,3587163.278461717
179,3,2,1,2,2,2,2,13668916.819836572
41,3,4,1,1,0,1,1,595736.4267478257
47,3,3,1,1,1,0,1,573446.9165076773
289,5,4,2,2,2,0,2,8862215.664524373
178,2,4,1,2,1,1,2,6384923.051620045
163,4,3,1,2,0,2,1,3457270.604954359
267,6,3,2,2,2,0,2,8162002.81307153
49,6,1,1,1,1,1,1,894437.8965805875
251,6,3,1,2,1,0,1,2881094.4318070356
151,4,4,1,2,1,0,1,1683513.7329324326
47,2,3,1,1,2,0,1,760280.9648347748
292,1,3,1,2,0,0,1,2679181.19304803
53,2,3,1,1,1,2,1,1465153.0747918864
279,3,2,1,2,1,1,1,4710253.245293706
281,3,1,1,2,1,0,1,3311411.700003485
188,2,2,2,2,1,0,2,4157849.5665129256
275,2,2,1,2,0,1,1,3707389.8812209256
206,4,1,1,2,2,1,1,4819237.921371913
59,4,2,1,1,0,1,1,838955.5167810861
255,5,3,1,2,1,1,1,4400293.966893308
174,6,1,1,2,1,0,2,3702732.7819350497
168,5,2,1,2,0,0,1,1558938.1171037264
285,6,4,1,2,1,1,1,5001442.43620877
228,3,2,1,2,2,0,1,3413910.2471064636
83,5,4,1,1,0,1,2,2192828.5619821884
125,5,3,1,1,0,1,1,1720728.6062797834
83,1,4,1,1,1,1,1,1448138.5354670298
184,2,2,2,2,2,1,2,8571106.316550119
90,4,2,1,1,1,2,1,2445562.318837401
281,5,2,1,2,0,2,1,6321351.1859877985
90,4,1,1,1,0,1,2,2337944.321717188
159,6,1,1,2,0,1,1,2160693.122959023
239,5,2,2,2,0,1,2,6560305.61813179
287,6,2,2,2,0,1,2,8063998.844373494
109,5,3,1,1,2,0,1,1772551.1960100553
96,3,1,1,1,1,0,1,1089345.0240959094
78,1,1,1,1,1,0,1,850875.4413993307
57,6,1,1,1,0,1,2,1588756.171237622
259,2,4,1,2,0,2,1,5542928.285460365
283,2,2,1,2,2,0,1,4261063.708658823
113,3,3,1,1,1,0,1,1367591.8427030984
149,3,3,1,1,1,2,1,4260720.151243843
219,2,2,1,2,1,0,1,2368705.072548879
71,6,2,1,1,1,0,1,838756.7824092724
273,2,3,1,2,1,2,1,7129357.897870055
64,1,4,1,1,2,2,3,7038768.739309294
265,5,3,1,2,0,1,1,3612031.429448382
96,1,4,1,1,1,0,1,1125816.345789135
219,2,4,2,2,2,1,2,9273280.38381071
271,5,1,1,2,0,1,1,3645079.3788570445
103,2,2,1,1,1,0,1,1195683.8411918744
271,1,1,1,2,1,2,1,7235253.329043967
252,1,4,2,2,0,1,3,9947637.108981231
297,6,3,2,2,1,1,3,14233391.159743017
57,6,1,1,1,2,1,1,1430416.661426603
214,1,3,2,2,0,1,2,5779574.710773127
268,5,4,1,2,1,1,1,4495073.390649378
265,6,3,1,2,1,1,1,4555193.991473873
123,6,1,1,1,0,2,1,2601731.7510638344
285,4,4,1,2,1,1,1,5071008.160416008
149,4,2,1,1,0,1,1,1994040.9039431473
293,6,1,1,2,0,1,1,3879550.1583588854
127,2,1,1,1,1,0,2,2862612.2004620265
111,5,2,1,1,1,1,1,1909466.0806175456
69,3,4,1,1,1,2,1,2028219.2278885213
211,6,2,1,2,0,1,1,3003853.2744175135
216,4,1,1,2,0,2,1,4583289.462359306
178,5,4,1,2,2,1,2,8292544.416779997
233,5,3,2,2,2,0,2,6883899.325512859
225,4,1,1,2,0,1,1,3111728.23225675
257,5,3,1,2,2,1,1,5978943.432443455
203,5,2,1,2,1,1,1,3425348.23922754
200,4,4,1,2,0,1,1,2819942.5010500676
52,1,2,1,1,0,1,2,1424080.8586298302
128,6,3,1,1,1,0,1,1561102.7513335983
81,2,1,1,1,2,0,2,2371038.524128502
249,3,4,1,2,1,1,1,4353372.250326892
268,2,2,1,2,1,1,1,4821529.187456066
290,1,3,2,2,1,1,2,10153601.29419205
247,1,3,2,2,1,2,3,19795335.980151035
179,5,1,1,2,2,0,1,2551385.500362003
73,2,3,1,1,1,2,1,2055058.3878067993
57,1,4,1,1,2,1,1,1383466.146041462
96,2,3,1,1,1,1,1,1758124.0274248663
151,1,1,1,2,2,1,1,3381150.8219418265
44,3,2,1,1,1,1,1,809583.3636439778
221,1,4,1,2,1,0,1,2637110.828371762
52,2,2,1,1,0,2,2,2403748.3874744703
298,5,2,1,2,1,2,1,8062389.314325558
129,2,3,1,1,0,1,2,3583138.3986637765
143,4,3,1,1,0,0,2,2520618.3923994782
225,2,1,1,2,1,1,1,3896594.899114675
289,3,3,2,2,2,2,2,21001099.771253217
294,6,3,1,2,1,1,1,4979318.02740897
115,3,2,1,1,2,1,2,5332079.910324604
147,3,4,1,1,0,1,1,2034859.9048108084
195,1,3,2,2,1,1,3,9781179.253139919
121,3,4,1,1,0,1,1,1741645.5329003364
116,2,3,1,1,1,1,1,2030966.1225213455
297,6,3,1,2,1,1,1,5144004.822020876
166,5,1,1,2,1,0,1,1876992.351581611
127,3,3,1,1,0,1,2,3473131.4234259045
243,2,1,1,2,0,2,1,5452144.841736165
55,1,2,1,1,1,1,1,1002444.9745700451
190,1,4,1,2,0,1,1,2538185.4858678016
293,5,3,1,2,1,0,1,3238454.332081813
227,5,1,2,2,2,1,2,10546295.849348074
71,2,2,1,1,1,1,1,1270644.4259686547
44,5,3,1,1,1,1,2,1419401.1705055744
208,5,1,1,2,1,1,1,3534487.26535724
220,1,1,1,2,2,1,1,5138285.897559
217,2,2,2,2,2,1,3,14271765.140973631
182,6,3,2,2,1,1,3,8898336.216755759
287,5,3,1,2,0,1,1,3885824.82215358
166,2,4,1,2,1,1,2,5861024.605924233
79,3,3,1,1,2,1,2,3800324.0053650434
294,1,1,1,2,0,1,1,3953247.084210447
182,6,4,1,2,2,2,1,6718195.593362087
279,1,4,1,2,1,1,1,4802732.127031476
267,1,3,1,2,1,1,1,4481518.966067006
237,4,4,2,2,0,1,2,6498890.736510637
104,2,1,1,1,1,1,2,3507488.888205045
50,3,1,1,1,0,2,1,1163196.3965609663
147,5,2,1,1,1,1,1,2563245.955135613
65,3,1,1,1,1,1,1,1154570.4603583552
190,2,2,1,2,2,1,1,4280023.00563877
260,1,4,1,2,0,1,1,3685320.252057213
276,4,2,1,2,0,0,1,2409496.8541943943
276,2,3,1,2,0,1,1,3686879.7743263305
258,6,2,1,2,1,0,1,2933163.454267405
190,6,3,2,2,1,0,3,5888860.831745064
162,2,4,1,2,0,2,1,3732299.1974777374
183,5,2,1,2,2,1,1,4290198.341391594
228,3,1,1,2,0,1,1,2930203.2088134964
294,3,3,1,2,0,1,1,4063360.0762476935
107,5,4,1,1,2,1,1,2547577.6146711307
143,4,1,1,1,1,2,2,7752290.517687785
198,1,3,1,2,0,2,1,4219155.828559906
129,1,4,1,1,1,0,1,1495759.6511916353
295,6,4,2,2,2,0,2,9089299.103892067
259,4,1,1,2,1,1,1,4227971.515646754
48,5,4,1,1,1,1,1,917896.2617909086
51,2,2,1,1,1,1,1,944370.0621664013
283,3,4,1,2,0,1,1,3977519.0682688374
221,2,3,2,2,1,2,2,12235188.955172073
138,3,3,1,1,2,1,1,3354561.821986058
236,2,3,1,2,0,1,1,3163690.632658393
265,5,2,1,2,2,0,1,4010005.4510438233
142,5,1,1,1,1,1,2,4913007.347531098
145,4,2,1,1,0,2,1,3026213.0671401015
97,2,2,1,1,2,1,2,4278152.246328498
117,2,2,1,1,2,1,1,2685017.1361388923
114,4,4,1,1,1,1,2,3802897.6627429393
81,4,1,1,1,0,1,1,1164057.3804729504
220,5,4,2,2,1,2,2,12499525.530600293
72,5,2,1,1,0,0,1,653301.7258253925
110,6,3,1,1,1,1,3,5610190.967267791
95,2,2,1,1,1,2,1,2839334.1041129436
144,5,1,1,1,1,0,1,1654709.510186038
239,5,3,1,2,2,1,1,5338146.903478377
140,2,1,1,1,1,1,1,2421489.9669444403
295,4,2,2,2,0,1,2,7934995.3047381565
113,2,1,1,1,0,0,1,1067270.1944974952
210,1,4,2,2,0,2,2,9183047.811946865
182,2,3,1,2,1,1,1,3073911.8020888017
205,1,1,2,2,2,0,2,6131688.145217265
260,2,3,2,2,0,1,2,7025360.567986384
122,1,3,1,1,1,1,3,6262906.012767869
221,1,2,1,2,1,0,1,2484100.090855971
49,2,2,1,1,2,0,1,821839.072794247
43,6,3,1,1,0,1,1,626704.0298538596
254,5,1,1,2,0,1,1,3599883.4622020884
137,3,3,1,1,0,1,1,1873992.448005746
140,5,2,1,1,0,1,1,2077104.405357729
48,1,1,1,1,1,0,3,1598431.4987082637
100,2,3,1,1,2,1,1,2420981.920198773
185,2,2,2,2,1,2,2,9743772.352111312
102,2,3,1,1,1,0,2,2410670.2868582513
160,2,3,1,2,1,0,1,1775148.6456659888
265,6,3,2,2,0,2,2,11644731.333441425
144,3,1,1,1,1,1,1,2277633.2580561116
299,4,2,1,2,1,0,1,3320510.5511316173
294,1,2,1,2,1,0,1,3286107.806112713
246,3,4,2,2,1,1,2,8604474.579710044
67,5,3,1,1,1,0,1,786626.1110330018
209,4,3,2,2,1,1,2,6931130.821747632
115,4,4,1,1,1,1,2,3796383.3513309457
155,2,3,1,2,1,0,1,1728042.5290485255
108,3,1,1,1,1,0,1,1291063.5799002494
273,5,4,1,2,0,1,1,3852356.234133072
40,2,2,1,1,1,2,1,1131736.2234840114
206,2,3,2,2,1,1,2,6933121.591782343
257,6,2,1,2,1,1,1,4414776.770204575
290,1,3,1,2,2,1,1,6768188.60481731
213,4,4,1,2,2,1,1,4722677.675954584
209,5,2,1,2,1,0,1,2310196.1674829107
285,4,3,1,2,1,1,1,4790428.115201404
129,3,1,1,1,1,1,1,2234352.657597464
88,1,4,1,1,2,0,1,1447471.8633860971
189,2,3,1,2,0,1,1,2720931.5610754644
171,1,3,1,2,2,2,1,6279041.458881815
98,2,3,1,1,1,2,3,8048730.962957744
238,1,4,1,2,0,1,1,3256242.6291625747
254,2,3,2,2,1,0,3,8194183.333185629
88,4,3,1,1,2,0,1,1364821.7642497625
271,4,2,2,2,0,1,2,6839477.083343324
286,4,2,1,2,1,1,1,4959186.497553889
278,4,4,1,2,0,1,1,3733016.451826005
207,1,4,1,2,1,1,1,3232093.0254873508
87,2,1,1,1,1,1,1,1489295.2567724194
90,4,3,1,1,2,2,3,9669009.628403127
137,1,2,1,1,0,2,1,2927877.498507186
255,2,2,1,2,0,1,1,3293674.7894681687
216,1,3,1,2,0,1,1,2922098.615058427
119,6,3,1,1,1,1,1,2038005.4343284336
224,4,4,2,2,1,1,3,10892448.082833946
66,3,1,1,1,1,1,1,1188737.3412640074
234,1,1,2,2,1,1,2,7983019.005845963
253,4,4,1,2,1,0,1,2815690.029824597
153,5,4,1,2,0,1,1,2207447.4440656905
281,2,2,1,2,1,0,1,3131065.1094742757
163,6,4,1,2,0,1,2,4401868.648594746
115,4,1,1,1,1,0,2,2509734.7220720453
235,5,2,1,2,2,1,1,5371720.378617251
83,1,1,1,1,0,1,1,1087851.0730149946
225,1,3,1,2,1,1,1,3738221.02605723
285,5,1,2,2,2,0,2,8637088.691306282
123,6,2,1,1,1,0,2,2701836.7668129965
246,5,1,1,2,2,2,1,8827040.867584256
190,2,2,1,2,1,1,1,3125530.082982776
195,1,2,2,2,1,0,2,4164489.931765737
55,5,4,1,1,1,1,2,1978299.9211729658
204,3,1,1,2,1,1,1,3600951.143942843
184,3,4,1,2,1,1,1,3262124.4631448467
76,5,4,1,1,0,1,1,1110356.2303417998
84,2,1,1,1,1,2,1,2347605.425414062
245,1,2,1,2,1,2,1,7025699.120401825
101,3,3,1,1,1,1,2,3473091.9353136774
58,5,1,1,1,1,1,1,977520.146343515
46,5,4,1,1,2,2,1,1866067.2190472353
288,4,4,1,2,2,2,1,10519592.960500026
156,5,2,1,2,1,1,1,2657632.0906572337
107,2,4,1,1,2,1,1,2337727.390100813
73,3,3,1,1,0,0,1,758886.419407635
233,4,4,2,2,1,2,2,12620965.094954103
94,3,2,1,1,0,0,1,890882.5585259268
81,3,1,1,1,2,0,1,1200465.1019008358
270,2,2,1,2,1,1,1,4435417.810449946
49,5,4,1,1,1,0,3,1722560.0172410596
167,2,2,1,2,1,0,1,1921980.7103130466
218,5,4,2,2,0,0,2,3849440.842899961
232,4,2,1,2,2,1,1,5417842.370340474
131,2,1,1,1,1,0,2,2876472.193842732
270,2,4,2,2,1,1,2,8742624.617958944
117,6,3,1,1,0,0,2,2108662.6879842365
124,1,3,1,1,1,1,1,2114570.0165534075
69,2,3,1,1,2,2,1,2566938.9513526997
252,6,3,2,2,1,0,2,5376380.887409357
88,1,4,1,1,2,0,2,2532971.2378734676
184,5,4,1,2,1,1,1,3266803.602022056
108,5,1,1,1,1,1,1,1763091.3763012441
97,5,2,1,1,0,2,2,3978491.7894239556
224,6,4,1,2,1,1,1,4000347.593129359
101,6,3,1,1,0,0,1,918781.1732197902
205,1,4,1,2,1,1,1,3502376.3169741225
210,5,3,1,2,1,1,1,3557561.172201785
102,3,1,1,1,1,1,1,1760407.2524270618
186,2,2,1,2,1,1,1,3149038.7481927257
200,6,4,1,2,0,0,1,1747544.648029428
180,6,2,1,2,1,1,2,6086320.1787681915
136,6,3,1,1,1,1,2,4726126.645672471
260,1,3,1,2,1,1,1,4622932.894123206
82,5,2,1,1,1,1,1,1428310.3786226693
147,3,1,1,1,0,1,1,1966362.5241232489
134,2,2,1,1,1,0,1,1527149.5764029901
110,2,2,1,1,1,2,2,6312398.5203368645
258,5,4,1,2,0,1,1,3535089.148272647
60,3,4,1,1,0,1,1,903305.7636889853
131,1,3,1,1,2,1,1,3075351.548424639
166,6,4,1,2,1,1,1,2793645.4379559658
119,6,1,1,1,1,1,1,2024052.0911131206
277,5,1,1,2,2,1,1,6253486.160016526
221,2,1,1,2,1,1,1,3627107.643453612
64,6,3,1,1,1,1,2,2324114.066944175
195,2,1,2,2,2,1,2,8477167.229787527
44,2,1,1,1,0,1,1,617162.3497007025
159,5,4,1,2,1,0,1,1885208.7948310822
57,4,3,1,1,2,0,1,908229.1114925533
237,4,2,2,2,2,2,3,27209151.483655587
96,4,1,1,1,2,0,1,1503567.6975657726
132,3,4,1,1,2,0,1,1995594.027890758
58,5,2,1,1,1,0,1,705589.9254489373
232,2,1,2,2,1,0,2,4916083.840411151
276,6,2,1,2,0,1,1,3778521.6506264955
266,3,2,1,2,1,0,1,3053889.204502985
272,4,3,1,2,2,0,1,3982791.8883339697
79,1,3,1,1,0,1,1,1146005.6774026295
192,3,1,1,2,1,0,1,2181374.3299831506
166,3,1,1,2,0,1,1,2250631.344862918
276,5,3,2,2,1,1,2,8960186.331373928
94,6,1,1,1,1,1,1,1592197.5753023094
211,3,1,2,2,0,1,2,5788780.140200787
148,6,3,1,1,1,0,1,1742447.544302172
223,5,2,2,2,0,1,2,6043728.073472187
237,1,1,2,2,0,0,2,4138986.558205595
126,2,4,1,1,1,1,1,2159109.3607164007
240,2,3,2,2,1,0,2,5272059.010202597
250,4,1,1,2,2,1,1,5842357.7381945755
157,4,1,1,2,1,1,1,2831450.022240024
230,1,3,1,2,1,2,1,6126177.414931297
81,2,4,1,1,2,2,1,3321249.5430056923
81,4,4,1,1,2,1,1,2051636.5042319337
56,6,3,1,1,1,1,2,1919628.624094923
297,3,4,2,2,1,1,3,15094870.353844378
102,5,1,1,1,0,1,1,1421362.3659534708
101,4,4,1,1,1,0,2,2268850.7702901163
139,1,1,1,1,2,1,1,3218876.4261245574
58,2,2,1,1,1,0,1,654423.632785806
56,1,4,1,1,2,1,1,1427633.6128975358
285,5,2,1,2,1,1,1,4761733.428278963
290,5,3,1,2,1,1,1,4949347.464506795
120,1,4,1,1,0,1,2,3288095.572525693
78,4,1,1,1,1,0,1,904312.9418434781
75,4,4,1,1,2,1,3,5355032.567949719
236,2,3,1,2,0,2,1,4786383.525775476
197,6,3,1,2,0,1,1,2688779.690045284
243,2,1,1,2,2,1,1,5569931.287678252
235,3,4,1,2,1,1,1,4173177.576367043
255,6,2,1,2,1,1,1,4229477.551226542
235,3,3,1,2,1,1,1,3888675.3171038465
191,2,3,1,2,0,2,1,4127609.745730242
53,6,1,1,1,1,0,1,605228.3671332498
185,6,4,2,2,0,1,2,4946924.551955941
96,3,2,1,1,1,2,1,2641339.2542658416
250,1,4,1,2,1,2,1,6748877.671135625
249,4,4,1,2,0,1,1,3324591.893008131
56,6,2,1,1,1,0,1,654724.2342537536
242,6,1,1,2,1,0,1,2679861.3453242905
138,3,3,1,1,2,2,2,10103265.399565184
248,6,1,1,2,2,0,1,3776292.9843525863
168,3,1,1,2,2,1,1,3892304.190463321
291,1,4,2,2,1,1,2,9438298.257265583
227,6,2,2,2,2,2,2,16419336.42066449
253,5,3,1,2,1,0,1,2864833.4756009826
250,2,4,1,2,0,1,1,3453257.6980422377
115,1,3,1,1,0,1,1,1487254.8743422565
187,5,4,1,2,1,2,1,5062452.948252785
252,1,2,1,2,0,0,1,2096623.792166431
148,4,3,1,1,1,0,1,1583034.754440205
168,1,3,1,2,0,1,1,2383124.3727901704
49,1,1,1,1,2,1,1,1191696.791028506
86,4,4,1,1,2,2,1,3446866.8266643523
135,6,4,1,1,2,0,2,4311618.594428372
142,2,4,1,1,0,2,1,3246924.1843525525
185,5,1,2,2,1,0,2,4066385.7283580233
66,3,1,1,1,2,1,1,1615726.743643224
259,2,3,2,2,0,1,2,6735761.129086502
57,1,4,1,1,2,1,1,1455874.0800497527
206,3,4,2,2,0,0,3,5359940.281752975
121,4,3,1,1,0,1,2,3136497.0090006907
111,2,3,1,1,1,0,1,1214847.451091757
293,6,3,1,2,1,2,1,7999661.752151567
201,5,2,1,2,1,0,1,2179615.8275774885
77,2,2,1,1,0,1,1,1083106.9405078497
240,2,3,1,2,1,0,1,2682732.7241906384
239,6,1,2,2,1,1,2,8061021.426850394
294,3,1,1,2,1,0,1,3298590.138539715
218,4,4,1,2,2,2,1,7973661.5379261095
74,6,2,1,1,2,1,2,3510023.0395183917
121,4,2,1,1,1,2,1,3328687.2242776547
259,6,3,2,2,1,0,2,5632850.186781437
197,2,3,1,2,1,0,1,2163003.731023639
43,4,3,1,1,0,0,2,807681.3892135086
206,3,3,2,2,2,0,2,5839041.023309948
243,3,3,1,2,2,1,1,5678142.688744472
233,5,1,1,2,2,1,1,5354924.685013761
274,4,1,1,2,1,0,1,3006837.7427900205
245,5,3,1,2,1,1,1,4283006.473848021
189,6,1,2,2,1,1,2,6290227.529674019
198,1,3,1,2,1,0,1,2199912.4184315396
205,3,3,1,2,1,1,1,3600990.87423712
107,2,2,1,1,2,0,1,1702656.799200444
127,3,1,1,1,0,1,1,1751509.0309412973
256,1,1,1,2,1,1,1,4182867.375544503
40,2,2,1,1,0,0,1,391062.1033308095
174,4,1,1,2,2,1,1,4136155.8185131424
224,4,2,1,2,1,1,1,3944414.3164434987
179,3,4,1,2,2,0,2,5125634.502447259
145,2,1,1,1,0,1,1,2048045.2440800022
172,6,3,1,2,1,0,1,2034309.4866320486
147,2,2,1,1,1,1,1,2358649.2708588974
217,5,3,1,2,0,2,1,4856899.427381079
185,1,3,2,2,2,1,2,8681831.380646147
113,4,1,1,1,1,1,1,1951876.3416825398
147,3,2,1,1,0,1,1,2104507.569097284
161,2,4,1,2,2,2,1,6388453.024615828
56,4,3,1,1,1,0,1,658125.3269484813
235,3,3,1,2,0,1,1,3280528.6911560283
291,4,4,1,2,1,0,1,3203258.8321644287
158,3,2,1,2,2,1,1,3455462.119557068
201,4,1,1,2,1,2,1,5504725.822440725
237,6,3,1,2,1,0,1,2518344.428463173
84,5,1,1,1,1,1,2,2743215.772918323
218,1,2,1,2,1,1,1,3678366.6820452106
83,4,4,1,1,2,1,2,3867992.972418563
117,1,1,1,1,2,0,1,1853323.5771764137
217,4,2,1,2,0,0,1,1904667.7855453119
42,2,1,1,1,1,1,1,713662.7773726167
253,5,1,1,2,1,1,1,4177847.313068605
113,6,3,1,1,0,0,2,2036603.2916024076
90,5,1,1,1,1,0,3,2843602.6526154717
106,1,3,1,1,0,0,1,1036154.8122512071
132,2,2,1,1,0,1,1,1901426.1749199277
215,3,2,2,2,1,1,2,7341006.1744782915
184,5,3,1,2,1,1,1,3334598.67347129
46,6,4,1,1,0,1,1,696277.6097816954
43,2,1,1,1,1,1,1,754434.7199399865
177,2,2,1,2,1,1,1,3095919.2584909783
270,1,2,1,2,1,1,1,4716616.673334687
127,6,4,1,1,1,2,1,3735752.9555656584
56,2,2,1,1,0,2,1,1222241.9781074012
91,2,3,1,1,0,0,3,2409292.9486467773
173,3,4,1,2,2,0,2,4964555.639602992
250,1,2,1,2,0,1,1,3272919.1855292665
258,1,4,1,2,2,1,1,5846024.576570279
244,6,4,1,2,1,1,1,4188578.1873804554
250,2,2,2,2,1,1,2,8572379.892356813
63,3,2,1,1,1,2,2,3628066.2335036527
43,4,2,1,1,0,2,3,2838370.323524633
191,5,4,1,2,1,1,1,3166579.1878236956
298,1,3,1,2,0,2,1,6293419.454023218
207,3,3,1,2,2,1,1,4681080.985201009
215,6,1,1,2,1,1,1,3554843.4666401027
95,3,2,1,1,2,1,1,2282985.3249068833
147,2,3,1,1,0,1,2,3952720.179503527
180,5,1,1,2,0,1,2,5087809.482919663
194,1,1,1,2,1,1,1,3337490.7779160836
271,4,2,1,2,1,0,1,3062562.2335855444
280,2,1,1,2,2,0,1,3898667.805378995
297,1,3,2,2,1,1,2,10591536.692818923
288,6,1,1,2,0,1,1,4043606.32543424
116,1,1,1,1,1,1,1,2070229.6118364546
219,3,3,2,2,1,1,2,7259188.732302009
105,5,1,1,1,1,1,2,3502903.109672575
210,4,1,2,2,1,0,2,4610378.575773902
61,5,4,1,1,2,1,3,4192251.535146079
146,3,1,1,1,1,1,1,2486406.3808666077
266,4,1,1,2,2,1,1,6049926.420457724
255,4,4,2,2,1,1,2,8480303.388399975
108,2,4,1,1,1,2,1,2956322.5732354173
123,4,4,1,1,1,1,2,4164399.8042013505
142,1,2,1,1,2,1,1,3440775.7587433415
78,5,2,1,1,1,1,1,1268775.1722449972
52,6,3,1,1,1,1,2,1799051.1899396367
220,6,1,1,2,1,1,1,3773367.9591784477
52,5,3,1,1,1,2,1,1475662.432751193
159,2,2,1,2,1,0,2,3584091.233788902
96,4,1,1,1,0,1,2,2651619.4117463864
79,3,1,1,1,1,1,1,1336244.3839855187
167,1,4,1,2,0,1,1,2363460.109039768
212,2,2,1,2,2,1,1,4881254.7027884675
74,4,1,1,1,1,1,1,1316220.0124418084
298,6,4,1,2,0,1,1,4053929.302040756
44,3,1,1,1,1,1,2,1433182.901463137
257,4,2,1,2,2,1,1,5986348.373276384
50,2,3,1,1,0,0,1,489036.7624983778
156,3,3,1,2,2,1,1,3674548.5753075005
223,3,1,2,2,1,0,2,4972142.906429913
155,3,4,1,2,0,0,1,1406683.0028836767
201,3,4,1,2,1,0,1,2277694.3488612366
106,4,4,1,1,1,0,1,1263086.2508214
239,3,2,1,2,0,2,1,5374085.818181821
70,4,3,1,1,1,0,3,2428610.222216471
114,3,3,1,1,1,1,1,1975689.9179635094
276,3,1,1,2,1,0,1,3136947.2916952795
105,2,3,1,1,0,0,1,1001979.5674295722
109,4,4,1,1,0,1,1,1511281.6651602485
59,6,2,1,1,0,1,1,838356.2258809124
265,4,4,1,2,2,1,1,6387827.343877575
238,5,4,1,2,0,1,1,3242760.5125950393
78,6,3,1,1,0,1,1,1196809.9144991897
184,2,2,1,2,0,1,1,2598126.1045630234
84,4,2,1,1,1,1,1,1406046.4573392284
130,2,4,1,1,0,1,2,3536276.9779956015
277,6,1,1,2,1,1,1,4585534.606325122
109,2,3,1,1,0,0,1,1021381.0711274218
205,2,1,1,2,1,0,1,2285880.9397177068
169,1,4,1,2,2,0,1,2617262.6782573056
253,4,3,1,2,1,1,1,4361433.573738725
128,2,1,1,1,0,1,1,1782430.7160202533
291,1,1,1,2,0,0,1,2664606.3143705186
111,1,1,1,1,1,1,1,1993152.027410897
204,3,3,1,2,0,1,1,2875898.835571968
88,3,1,1,1,2,1,1,2053440.4792508532
91,6,2,1,1,2,2,1,3474844.7692247173
153,4,4,1,2,2,1,1,3599033.7799867014
278,3,3,2,2,2,0,2,8417638.807692643
172,6,2,1,2,2,0,1,2595895.5825568894
205,4,1,1,2,1,1,1,3496489.7231985726
282,6,4,1,2,2,1,1,6536994.494071618
177,1,1,1,2,1,0,1,1975940.2146357617
118,1,2,1,1,2,1,2,5484025.358537407
209,4,1,1,2,0,1,1,2688243.774209827
162,6,3,1,2,1,0,1,1860619.8467908553
215,6,2,2,2,0,1,3,8704853.925171454
121,3,3,1,1,0,1,1,1728523.4806386859
126,3,4,1,1,1,0,3,4178270.032777234
264,4,3,1,2,1,1,1,4345667.189616616
55,5,3,1,1,2,0,3,2435288.5666462663
202,3,1,1,2,1,2,1,5581222.998124101
137,2,1,1,1,1,2,1,3869190.6937598432
195,3,2,2,2,0,1,2,5316874.850907391
41,5,4,1,1,1,0,1,536738.5334074561
208,6,2,1,2,0,1,1,2817527.9078559624
131,1,4,1,1,0,0,1,1188567.6259481478
220,1,4,1,2,0,0,1,1966062.8013742948
270,6,3,2,2,1,0,2,5791100.352713372
187,1,1,1,2,0,0,1,1670167.2465889065
228,3,4,1,2,1,0,1,2681326.070894069
167,1,1,1,2,0,1,1,2321042.836740155
46,5,4,1,1,2,1,2,2184915.3348695366
86,5,1,1,1,2,0,2,2549216.475688636
92,3,2,1,1,1,0,1,1051512.8228886272
226,6,1,2,2,2,1,3,16216977.67442852
77,2,3,1,1,2,1,1,1941016.353941038
265,3,4,1,2,2,1,1,5918894.993707969
92,1,3,1,1,1,2,2,5327700.461214505
263,3,4,2,2,0,0,3,6959710.394151057
193,5,3,1,2,2,1,1,4237274.494829927
87,3,4,1,1,2,1,1,2183503.1765876543
186,3,1,2,2,1,1,2,6511881.616040712
103,2,4,1,1,0,0,2,1969344.9995595298
221,5,3,1,2,2,1,1,5383512.366638655
164,4,3,1,2,1,2,1,4306610.291191683
218,4,4,1,2,0,0,1,1890813.2222605736
78,5,4,1,1,2,1,2,3710215.2222209796
299,4,2,1,2,0,1,1,4222872.914204049
42,1,2,1,1,0,1,2,1144980.4418979841
103,4,1,1,1,2,2,1,3703872.0412809015
68,1,1,1,1,1,0,1,748094.682273276
50,5,1,1,1,2,2,2,3541558.371486804
136,4,1,1,1,0,2,1,2980303.8404331678
242,4,1,1,2,1,2,1,6510973.809786774
60,6,4,1,1,1,2,2,3436391.6404185435
78,1,2,1,1,0,1,2,2160475.881564556
262,1,4,1,2,1,2,1,7086810.198262084
141,3,2,1,1,0,1,1,1880353.7974056846
85,2,2,1,1,1,1,1,1479347.829314065
105,4,3,1,1,0,1,3,4125632.771870778
130,6,3,1,1,2,0,2,3838127.529159617
203,2,2,2,2,1,0,2,4422018.281945187
150,6,4,1,1,0,2,1,3408556.4207147267
162,2,2,1,2,1,1,1,2781527.684961434
232,4,1,1,2,0,1,1,3216193.513383038
138,6,4,1,1,1,1,1,2338153.8843566617
198,1,4,1,2,2,1,1,4771953.157840648
142,3,2,1,1,1,0,1,1579600.9068846302
82,6,1,1,1,0,1,1,1155700.3676966694
123,5,2,1,1,1,2,1,3489428.2267047074
230,4,1,1,2,1,1,1,3933925.4050941556
90,4,4,1,1,2,1,1,2100052.3140298584
249,5,2,1,2,1,0,1,2630049.8581977338
165,2,1,1,2,0,1,1,2261812.376570906
108,3,3,1,1,1,0,1,1210045.981778619
297,2,4,2,2,1,1,2,10464774.739523385
227,5,4,1,2,1,0,1,2665634.127586681
269,5,3,2,2,1,0,3,8624978.102755338
228,3,1,1,2,0,0,1,1959112.686108696
49,5,4,1,1,1,2,2,2955376.5003078766
153,5,1,1,2,1,1,1,2731696.317563207
115,6,3,1,1,1,1,1,1992777.334434989
203,3,2,1,2,1,1,1,3244483.7523088334
124,4,4,1,1,0,1,1,1720065.1626899673
88,2,4,1,1,0,0,3,2328934.750280617
216,4,1,1,2,1,1,1,3529463.0580072002
257,4,4,1,2,1,0,1,2755506.792870757
228,6,2,1,2,2,0,1,3411549.271789164
269,2,3,1,2,1,1,1,4577678.3617179
294,4,4,1,2,1,0,1,3360479.9705743105
275,3,3,1,2,1,1,1,4628293.680098303
65,2,1,1,1,1,1,2,2187279.794617126
111,1,2,1,1,1,1,2,3794462.179483776
293,6,4,1,2,1,0,1,3416556.867000728
162,4,3,1,2,2,2,1,5976867.649074851
183,5,2,2,2,2,1,3,13284326.499532772
296,2,3,1,2,1,1,1,4969131.587817017
183,1,1,1,2,1,1,1,3068972.3398535745
298,5,2,1,2,1,1,1,4925894.105118838
86,1,2,1,1,2,1,1,2025568.6229214156
52,4,1,1,1,2,2,2,3797888.6347031468
247,5,1,2,2,2,1,2,10771134.367370663
274,4,4,1,2,0,1,1,4004415.9803054733
188,5,1,1,2,1,2,1,5043279.154039379
194,2,1,1,2,0,2,1,4331035.524821619
205,3,3,1,2,2,1,1,4864685.448489371
129,3,2,1,1,1,2,2,6870282.421435112
225,1,3,1,2,1,1,1,3654538.5910372245
213,6,1,2,2,1,1,2,7025546.323690317
256,5,4,2,2,1,0,2,5820958.845638883
136,4,3,1,1,1,1,1,2445708.6474394747
156,6,3,1,2,1,1,1,2610341.326309693
238,2,2,1,2,1,1,1,4069862.9426795496
60,2,2,1,1,2,1,1,1416195.9334722173
239,2,2,1,2,1,2,1,6645161.448309046
287,3,4,1,2,1,1,1,4961967.74864893
97,4,4,1,1,1,0,1,1068963.641750992
70,2,1,1,1,0,1,1,958491.29362583
288,2,1,2,2,1,2,2,15992159.810923856
132,1,2,1,1,1,1,1,2416362.508141612
133,5,3,1,1,1,1,1,2356126.3512019655
193,5,2,2,2,2,1,2,9059472.791605867
119,5,1,1,1,1,0,2,2498524.3126553544
123,6,3,1,1,1,1,1,2026286.9973958929
76,1,1,1,1,1,1,1,1321134.6842717605
271,3,4,1,2,1,0,1,3134420.34629221
132,6,2,1,1,1,1,1,2133348.272184942
141,1,2,1,1,1,1,1,2520272.8977859244
205,2,3,2,2,2,0,2,6412512.185590262
198,4,2,1,2,2,0,1,2975608.959271212
53,6,1,1,1,1,1,2,1820610.8579883047
264,6,1,1,2,1,1,1,4469703.750378742
112,2,4,1,1,1,1,2,3752210.458727679
288,2,1,1,2,0,1,1,3791890.4535444886
130,4,3,1,1,0,2,1,2751323.671379851
255,5,1,1,2,0,2,1,5695695.559469142
129,6,4,1,1,2,1,1,3180819.5426994744
68,1,4,1,1,1,1,1,1196046.6708861769
259,3,2,1,2,0,2,1,5819870.731812751
254,2,3,1,2,1,1,1,4091529.8687290284
260,2,1,1,2,0,1,1,3630650.635417864
81,3,4,1,1,2,2,1,3124422.2658461495
174,1,1,1,2,2,1,1,4154332.9027495044
81,2,4,1,1,1,1,2,2905570.458198088
203,3,2,2,2,1,0,2,4473337.421199598
97,2,4,1,1,1,2,1,2750196.0791966813
64,5,2,1,1,1,1,1,1105379.9891936441
112,5,3,1,1,1,0,1,1301277.6246982606
168,2,1,1,2,1,0,1,1791670.4871301288
126,2,1,1,1,2,1,1,2954994.780434829
192,5,2,2,2,1,1,2,6391251.173051234
221,2,3,2,2,2,0,2,6629823.688066726
164,1,2,1,2,1,1,1,2684376.281055983
106,1,4,1,1,1,1,1,1874709.0757693704
45,4,2,1,1,1,0,1,579559.7967558393
164,1,3,1,2,1,1,1,2793074.2242665244
92,6,4,1,1,2,1,1,2262391.576680714
105,6,1,1,1,1,0,1,1234061.2843695947
121,6,1,1,1,0,1,2,3351383.6421745704
126,2,1,1,1,1,1,1,2147993.2536712666
41,2,3,1,1,1,1,2,1473064.0907503432
243,3,3,1,2,1,0,1,2785245.148201581
189,6,3,1,2,2,1,1,4390713.968751132
142,6,3,1,1,1,0,1,1568502.830142278
63,1,3,1,1,1,1,1,1118293.8808849344
251,5,4,1,2,1,1,1,4395240.4021678725
104,5,2,1,1,0,1,1,1431149.4142979232
248,4,1,2,2,0,0,2,4428622.909962192
290,3,3,2,2,2,0,3,12945758.98242283
156,5,1,1,2,2,1,1,3549471.0047969786
155,4,3,1,2,1,1,1,2702897.425085554
276,1,1,2,2,0,0,2,4740890.066912361
144,3,2,1,1,2,1,2,6614380.332036868
298,3,1,2,2,1,1,2,9528741.453267671
85,6,1,1,1,0,1,1,1222708.4924768568
255,2,3,2,2,1,1,3,12677288.397434289
63,6,4,1,1,2,1,3,4291914.361267449
74,1,4,1,1,1,2,1,2209913.9841554654
63,6,1,1,1,2,0,1,985384.038644127
67,3,4,1,1,2,0,2,2113270.513202841
55,6,2,1,1,0,1,1,826312.6728362961
98,4,2,1,1,0,0,1,923826.3741728357
282,6,4,1,2,1,0,1,3187681.8928559436
246,5,4,1,2,2,1,1,5371169.360718167
288,1,2,1,2,0,0,1,2530150.5388084776
232,1,4,1,2,1,2,1,6521714.425330533
257,3,4,2,2,1,0,2,5708242.558028521
154,6,3,1,2,0,1,2,4169899.300974893
107,3,3,1,1,1,1,1,1945444.4926296228
114,3,4,1,1,1,1,1,2142824.138429821
142,4,4,1,1,0,1,1,1948984.8933119818
217,2,3,1,2,1,0,1,2315601.4815060594
254,3,3,2,2,1,1,2,8686457.55403188
78,2,4,1,1,1,1,1,1303050.512054553
298,2,3,1,2,1,1,1,4884961.008415957
243,1,2,1,2,0,0,1,2110257.8070232705
46,5,1,1,1,1,1,1,785274.6713837849
88,5,2,1,1,0,1,1,1224278.9848263364
65,6,3,1,1,2,0,1,1107948.834074564
200,4,2,2,2,2,1,3,14329438.15738863
215,4,1,1,2,1,1,1,3552047.9350243756
118,5,3,1,1,0,1,1,1713364.8665528093
41,6,2,1,1,1,2,1,1192306.5278745138
171,5,2,1,2,1,0,1,1908540.2296374468
156,6,1,1,2,1,0,1,1756223.1176119118
203,6,3,1,2,1,0,1,2312637.839509267
67,6,4,1,1,1,1,1,1246406.8619822215
40,6,3,1,1,1,1,3,2043340.2296662119
227,1,1,1,2,2,1,1,4770989.366827672
95,1,1,1,1,1,2,1,2582732.7125949333
74,5,1,1,1,1,1,1,1236130.4849510493
151,6,1,1,2,1,1,1,2562386.8368756375
75,3,4,1,1,0,1,1,1033397.8040077225
256,6,3,1,2,2,1,1,5892642.807199628
119,3,3,1,1,1,1,2,3893125.0483330935
122,1,2,1,1,0,0,1,1133038.7558655718
104,6,4,1,1,2,1,2,4861583.194466545
167,2,4,1,2,1,1,1,2860073.6974986535
61,5,2,1,1,1,0,2,1414136.7377389094
255,6,2,2,2,1,2,2,14159615.476741187
146,4,3,1,1,0,1,1,2011466.3170092085
148,3,3,1,1,1,0,1,1747854.484483314
220,6,3,1,2,1,1,1,3888146.797712161
203,2,4,1,2,1,1,1,3480905.006078463
107,3,4,1,1,1,1,2,3718347.996238835
219,2,2,1,2,0,0,1,1880161.3487075681
220,5,1,1,2,2,0,1,3322077.1923346114
208,5,1,1,2,1,0,1,2329595.8639326757
61,5,1,1,1,1,1,1,1039186.4048411786
105,1,1,1,1,0,1,3,4195930.309449581
60,2,1,1,1,1,1,1,1049275.821902756
139,6,3,1,1,1,1,1,2509859.024295612
142,4,2,1,1,0,1,1,1895519.063858612
86,4,1,1,1,1,2,1,2357548.418654191
78,5,1,1,1,1,0,1,905679.0192331155
129,4,1,1,1,0,0,1,1153110.9837247627
124,3,3,1,1,2,1,1,2964570.055130961
227,2,1,1,2,1,1,1,3737797.228430418
198,2,2,2,2,2,2,2,15278924.167815244
282,2,3,1,2,2,1,1,6405059.433576146
112,3,3,1,1,1,1,1,1939532.0348942277
88,6,4,1,1,0,1,1,1273607.56399406
140,1,4,1,1,1,1,2,4646754.554089043
41,3,3,1,1,0,0,1,411260.3209577595
283,2,1,1,2,1,1,1,4798377.0518046925
215,2,1,2,2,0,0,2,3665577.79106571
277,2,1,1,2,1,1,1,4623202.711702025
98,6,1,1,1,0,1,3,4029017.611891351
138,4,4,1,1,1,2,2,7399201.145189122
41,1,2,1,1,1,1,1,765122.6935030379
282,3,3,1,2,0,2,1,6084161.6103077335
250,2,1,2,2,2,1,2,11414566.844830707
162,5,4,1,2,2,1,2,7358119.409020316
268,1,2,1,2,2,1,1,6212906.914245936
121,5,3,1,1,0,1,2,3470484.809971924
183,1,3,1,2,2,1,1,4326901.676663474
179,2,3,1,2,0,2,1,3995542.337653286
68,1,1,1,1,2,1,1,1646679.0907501404
286,1,3,1,2,1,1,1,4985155.625618117
51,2,1,1,1,0,0,1,467790.3237637899
145,6,2,1,1,0,2,1,3218789.9932583217
71,5,4,1,1,0,2,1,1543718.5384029546
113,6,4,1,1,1,2,2,6332145.6608505575
210,5,4,2,2,1,1,3,10374463.356335301
108,4,3,1,1,0,0,1,988270.1061866209
176,5,4,1,2,0,1,2,4682884.024760228
139,5,2,1,1,2,0,1,2062736.620290276
185,1,1,1,2,0,1,1,2498751.9820514107
48,4,4,1,1,0,0,1,518421.46898696345
101,2,1,1,1,1,0,1,1111905.8323691306
224,2,1,1,2,2,2,1,8368931.363762509
68,3,4,1,1,0,0,1,693317.3684413778
153,4,4,1,2,1,0,1,1763890.8361615958
182,1,4,2,2,0,1,2,4917309.715729778
159,3,3,1,2,0,2,2,6738936.777516418
209,3,4,1,2,1,0,1,2502962.4081068924
196,2,3,2,2,1,2,2,10349520.112802865
299,5,2,1,2,1,0,1,3312518.415457906
121,1,1,1,1,2,2,1,4459709.381097365
281,4,2,2,2,2,1,2,12734892.846400542
211,3,4,2,2,1,0,2,4931032.660273561
270,1,1,1,2,2,1,1,6241511.862155269
247,2,4,1,2,1,1,1,4178222.7704561376
114,3,4,1,1,1,1,1,1949917.5924779815
153,3,1,1,2,2,0,3,6443295.263477688
101,6,2,1,1,2,1,2,4562163.68287739
141,2,4,1,1,1,2,1,3672112.6540445336
249,6,1,2,2,1,0,2,5650357.002491783
294,2,2,1,2,2,1,1,6467235.632572547
59,2,3,1,1,0,2,1,1291987.9314926793
97,6,2,1,1,2,2,2,6831152.399092156
151,1,2,1,2,1,1,1,2426274.8355876543
235,1,1,1,2,0,1,1,3246831.274521611
131,1,2,1,1,1,0,1,1476926.3925526745
91,5,3,1,1,0,1,2,2559819.3182344036
47,3,3,1,1,0,2,1,1085366.6285050516
137,1,4,1,1,2,1,1,3376875.1637477116
275,5,3,1,2,0,2,1,6174864.197742692
108,3,4,1,1,2,1,1,2580256.8791466565
84,1,3,1,1,1,2,1,2302659.0287789153
176,2,2,1,2,0,0,1,1559289.9377085408
273,4,4,1,2,1,1,1,4817525.9507209165
71,1,3,1,1,1,1,1,1276950.9455718698
165,4,2,1,2,2,1,2,7588317.648991686
106,1,2,1,1,1,2,1,2996636.0721743437
69,2,4,1,1,0,2,1,1618872.6096695997
153,4,1,1,2,2,2,1,5558386.712658451
243,5,2,1,2,0,1,1,3342715.20107389
68,2,2,1,1,1,1,1,1176577.3620734313
170,4,1,1,2,0,1,1,2343746.9484123425
224,4,4,1,2,1,1,1,3743226.7372283973
292,6,3,2,2,1,0,3,9473898.406678211
101,6,3,1,1,1,1,1,1683256.2350175478
42,2,2,1,1,2,1,3,3164901.6377843143
107,2,1,1,1,1,2,3,8770840.816506563
64,2,2,1,1,2,1,3,4490304.707791834
218,3,4,2,2,0,2,2,9551568.791429987
180,5,2,1,2,1,1,1,3102806.461030534
270,1,3,1,2,2,2,1,9626289.590804746
202,6,1,1,2,0,1,1,2724126.5998045066
169,4,4,1,2,1,1,1,2849505.5442237677
285,6,2,1,2,1,1,1,4767939.438569777
211,1,3,2,2,2,1,2,9442645.095568528
103,2,2,1,1,1,1,1,1735020.5778387568
70,6,3,1,1,1,0,1,836614.440554843
86,5,1,1,1,1,1,1,1486853.8658815278
169,5,4,1,2,1,0,1,1885613.883311619
149,3,2,1,1,1,2,1,4131034.953848663
108,6,4,1,1,1,1,1,1901117.717720041
97,2,1,1,1,2,2,1,3557972.1348392903
145,4,3,1,1,0,1,1,2006478.5461048367
295,3,1,1,2,1,0,1,3402598.407426958
210,2,1,2,2,1,1,2,6770303.646073803
201,3,4,1,2,1,0,1,2268625.0525863874
110,6,1,1,1,1,0,1,1286203.3877141147
294,1,2,1,2,2,0,1,4517973.09190144
94,6,3,1,1,1,1,2,3241752.1225830587
42,2,1,1,1,2,2,1,1576301.2025513414
65,4,2,1,1,1,0,3,2235871.885364394
165,4,3,1,2,0,0,1,1472991.5233483212
92,2,4,1,1,2,1,2,4565737.166123923
237,3,3,2,2,1,1,2,7846114.601470897
227,5,4,1,2,1,1,1,3858322.0075937463
225,2,3,1,2,1,0,1,2602705.1192489807
243,6,1,1,2,2,2,1,8556107.905943925
50,4,4,1,1,1,0,1,670629.425806196
185,1,4,2,2,1,1,2,6159731.698414575
124,4,4,1,1,1,2,1,3422011.133985271
139,5,1,1,1,1,0,2,3004200.355200482
143,4,1,1,1,1,0,1,1634538.9239182437
85,5,3,1,1,0,1,1,1262131.803191047
83,2,3,1,1,1,1,2,2821141.981555424
220,4,1,1,2,1,1,1,3742308.249546508
226,3,1,1,2,1,0,1,2492309.850948492
153,6,4,1,2,1,1,1,2593421.628786293
294,3,3,2,2,1,0,2,6427991.912795815
69,6,3,1,1,0,1,1,1008172.5072447734
137,4,4,1,1,1,0,1,1638520.6953670932
154,4,4,1,2,1,0,1,1806306.1360623585
246,6,4,1,2,1,0,1,2879085.3180360384
250,1,2,1,2,0,2,1,5460787.686736811
254,4,2,1,2,1,2,1,6644926.73695497
79,1,1,1,1,2,0,1,1240904.508445979
65,1,3,1,1,1,1,2,2177910.7896697386
66,6,4,1,1,1,1,1,1180913.7807499436
229,1,4,1,2,1,1,1,3964318.925930528
122,1,3,1,1,2,1,1,2900656.046460335
209,2,2,1,2,0,1,1,2728631.269913071
206,3,3,1,2,0,1,1,2618044.736227646
227,1,1,1,2,2,2,1,8348051.366123119
208,3,2,1,2,2,1,1,4617253.725738328
268,1,3,1,2,1,0,1,3126554.544182145
136,3,3,1,1,0,1,2,3606674.2458796725
55,4,1,1,1,0,0,1,497646.84036410664
174,4,3,1,2,1,0,2,3617171.493671612
65,3,2,1,1,1,1,1,1134224.6552694913
51,1,4,1,1,1,1,1,937678.2569105477
111,2,4,1,1,1,1,1,1952119.964642707
172,3,4,1,2,0,2,1,3620960.9902713588
145,5,2,1,1,1,0,2,3186902.3698635665
259,2,3,1,2,1,0,1,2841697.691932428
216,5,3,1,2,1,1,1,3737265.9125070134
172,3,3,1,2,2,1,2,7900321.391478124
61,1,3,1,1,1,1,1,1097900.2785514537
200,5,4,1,2,0,1,1,2632360.9496011506
146,3,2,1,1,0,1,1,2017288.3334328514
274,2,1,1,2,0,1,1,3607348.985154462
57,1,2,1,1,1,0,1,663206.4797535213
281,5,3,2,2,0,1,2,7432351.37664988
156,3,3,1,2,0,1,1,2091559.2712605176
183,1,2,1,2,1,1,1,2967338.08004731
244,1,2,1,2,1,0,1,2648225.157234081
78,4,4,1,1,0,1,1,1082967.0075576077
193,1,3,1,2,0,1,1,2675103.599177559
215,3,2,1,2,0,1,1,3008390.4824604746
280,2,3,1,2,2,1,1,6141425.3562615765
173,6,2,1,2,0,1,1,2339372.178639073
85,4,3,1,1,1,0,1,1018749.2766555994
89,3,2,1,1,2,1,1,2070346.216027583
205,3,3,1,2,2,1,1,4887730.890277733
145,3,1,1,1,1,1,2,4867470.484786923
255,5,4,2,2,1,1,2,8673910.173462398
185,5,1,1,2,1,1,1,3043426.9186878563
111,2,4,1,1,1,0,1,1290807.2895814648
286,3,4,1,2,0,0,1,2570664.755140606
225,5,2,1,2,0,1,1,2924272.9343880736
109,5,1,1,1,1,0,1,1136995.1228026357
189,5,4,2,2,1,0,3,6197701.8741968805
285,2,3,1,2,0,1,1,3938930.315083919
65,2,2,1,1,2,1,1,1545863.4655638267
179,3,2,1,2,1,1,1,3123839.4091563476
138,4,3,1,1,2,0,1,2156443.9299119785
90,3,3,1,1,0,1,1,1335270.478608563
190,5,4,1,2,2,1,1,4600828.714636149
143,6,3,1,1,0,2,1,3183574.355341194
128,5,2,1,1,1,1,1,2230330.171745787
180,1,3,1,2,2,0,1,2763932.8834910723
252,6,1,2,2,2,2,2,19086308.32451672
272,6,2,2,2,2,0,2,8221902.87663425
222,3,3,1,2,1,1,1,3712201.4603426433
290,5,2,1,2,0,1,1,3933873.0265870113
48,5,4,1,1,2,1,1,1240102.255303014
118,4,1,1,1,1,1,1,2050819.7717099336
91,1,4,1,1,1,1,2,3284537.21962768
265,3,1,1,2,1,1,1,4438155.311343238
90,2,3,1,1,0,1,1,1235083.912995008
225,3,2,2,2,1,1,2,7440325.58450315
73,6,3,1,1,0,0,2,1331533.6192691328
269,3,4,1,2,2,2,1,9760816.266624153
170,4,2,1,2,2,0,1,2564713.618785384
159,3,3,1,2,0,0,1,1418043.813525523
286,4,3,1,2,1,1,1,4558824.253738027
231,6,2,1,2,1,0,1,2522584.679570631
249,4,2,1,2,1,1,1,4320572.563556268
142,5,4,1,1,1,0,1,1593205.4004357809
172,2,1,1,2,1,0,2,3849476.2988688117
178,6,1,1,2,0,1,1,2343798.3755644895
160,4,2,1,2,2,1,1,3637781.4224007847
133,1,1,1,1,1,0,2,2883473.5074942918
168,6,4,1,2,2,1,1,4030724.803201144
130,1,1,1,1,1,1,2,4079765.2099921866
131,2,2,1,1,1,2,2,7529350.88628667
102,4,4,1,1,0,0,1,906825.1177363439
68,6,2,1,1,1,1,3,3580728.1818335843
249,6,4,1,2,2,1,1,5581587.64601339
51,2,4,1,1,1,0,1,624743.4343050203
169,5,2,1,2,0,1,2,4543089.115814565
212,1,3,1,2,2,1,1,5186725.624569197
247,6,2,2,2,1,1,2,8677781.798045296
63,3,4,1,1,0,1,1,922775.5763969184
138,1,2,1,1,1,1,2,4366404.532258781
178,4,2,1,2,1,1,1,3073771.4494228596
213,2,4,1,2,1,1,1,3618635.670808223
68,1,1,1,1,0,1,1,998692.2365360394
182,3,4,1,2,1,1,1,3103602.6551644546
81,3,2,1,1,1,1,2,2900096.508943407
247,2,4,1,2,1,0,1,2828020.4539052173
231,2,4,1,2,1,0,1,2538324.1101666335
199,1,1,1,2,2,0,1,2969978.8050368703
103,4,3,1,1,1,1,1,1717599.350567833
282,5,2,1,2,1,1,1,4722073.984951045
297,3,2,2,2,0,1,2,7884542.6345491
191,2,1,1,2,2,0,1,2733677.3888832717
254,5,4,1,2,1,2,1,6794009.927515019
205,5,3,2,2,0,0,2,3704717.750438402
70,5,2,1,1,2,1,1,1764234.4086308007
271,4,3,1,2,1,0,1,3023456.0338483155
68,2,3,1,1,0,1,1,949367.6360856326
234,3,4,1,2,1,1,1,4133626.947756233
295,2,4,1,2,2,1,1,7030855.217261035
126,1,4,1,1,1,0,3,4327918.529509238
188,3,2,1,2,2,2,1,6933563.817282509
288,2,3,1,2,1,1,1,5220341.746407618
237,3,3,2,2,2,1,2,10596761.00585287
83,1,2,1,1,0,0,1,813664.9865515337
67,6,1,1,1,0,1,1,922232.0562495162
56,3,4,1,1,1,0,1,744119.0235293601
166,6,2,1,2,2,1,1,3914787.2695552236
207,5,4,2,2,0,1,2,5696191.5107069425
283,4,3,2,2,1,1,2,9708831.46947819
115,1,2,1,1,1,0,1,1306588.9597573865
270,3,1,2,2,1,1,2,9069465.837411296
243,1,4,1,2,2,0,1,3698670.9022819293
287,5,3,1,2,2,2,1,10405615.001023455
253,6,3,1,2,2,1,1,5466214.615581621
254,4,1,2,2,1,0,3,8011531.4962320365
197,1,1,1,2,1,1,1,3309227.8914290247
108,6,4,1,1,2,1,1,2733152.5730280103
124,5,3,1,1,2,1,1,2995147.416966768
108,5,1,1,1,0,1,2,2605821.9459983734
138,5,2,1,1,0,2,1,2998589.2481370484
255,6,1,2,2,0,0,2,4617153.534045594
200,3,2,1,2,1,1,1,3356595.245859439
133,2,3,1,1,0,1,1,1804773.0892473988
213,1,4,1,2,1,1,1,3577549.4710060162
204,2,3,2,2,2,0,2,5976233.6365614515
154,5,3,1,2,0,1,1,2141612.6030203826
259,2,3,2,2,0,1,2,6838137.840011532
70,6,3,1,1,1,1,2,2492012.3066979884
50,5,4,1,1,0,2,1,1185458.5663478086
169,5,1,1,2,2,2,2,12377173.19324616
144,4,4,1,1,0,1,1,2032053.1899379496
66,4,4,1,1,1,1,1,1199567.6264504003
266,6,4,2,2,0,0,2,5007099.818046148
41,6,4,1,1,2,1,1,1083830.1599776857
140,2,1,1,1,1,1,1,2372840.6172528095
60,1,3,1,1,1,1,1,1068239.3702754404
97,2,1,1,1,1,1,1,1596619.993066097
219,6,1,1,2,1,0,1,2435505.7728264527
59,1,3,1,1,1,0,2,1337786.766349302
294,2,1,2,2,0,1,2,8104186.919185906
77,3,4,1,1,0,1,1,1085537.8853888924
187,3,4,1,2,1,2,1,5329964.248956258
64,1,3,1,1,1,1,2,2269665.5911716674
160,4,3,1,2,1,1,1,2795943.643498085
65,1,3,1,1,1,0,1,760281.3853685373
208,2,4,1,2,0,1,1,2788422.5996219614
264,5,3,1,2,1,1,1,4419759.230150061
40,3,1,1,1,2,1,1,940955.6664405334
52,5,1,1,1,1,0,1,602270.7930990553
87,3,2,1,1,1,1,2,3013481.0226239283
133,2,2,1,1,1,1,1,2360948.7998533463
244,3,3,1,2,1,1,1,4181170.9011470405
224,1,2,2,2,1,1,2,7447815.107407465
214,5,4,2,2,1,1,2,7036857.102196675
108,6,4,1,1,1,0,2,2340428.963643632
143,5,1,1,1,1,0,1,1642645.7267099794
285,2,1,2,2,0,1,2,7258222.854197046
200,6,2,1,2,1,0,1,2157596.440312167
239,5,2,1,2,0,0,1,2183825.35254477
255,2,4,1,2,1,1,1,4332074.041228257
251,4,1,1,2,1,1,1,4364775.957745231
55,1,2,1,1,1,0,1,645058.5004072597
244,3,4,1,2,1,1,1,4156526.8940576483
78,3,1,1,1,1,1,1,1324321.0496698709
128,3,4,1,1,1,1,1,2186428.1092907446
295,4,4,2,2,1,1,2,10045903.958074763
293,1,1,1,2,1,1,1,4847815.925323143
255,5,4,1,2,2,1,1,5923520.833077585
211,5,2,1,2,1,2,1,5884251.544986501
176,1,4,1,2,0,1,2,4843517.787894121
217,6,2,1,2,1,0,1,2388970.181760496
116,1,3,1,1,0,1,2,3050340.283347882
227,3,3,1,2,1,1,1,3875257.7475185744
54,5,3,1,1,1,1,1,964704.2883133292
253,1,4,1,2,2,1,1,5795909.80411432
247,5,3,1,2,2,1,1,5785054.920270859
208,1,3,2,2,1,0,2,4317835.812810196
185,2,4,1,2,2,1,1,4351092.482642
43,3,1,1,1,1,0,2,985151.4438344558
129,1,4,1,1,1,2,1,3466150.9313125624
99,4,2,1,1,2,0,2,3036164.9017494563
55,1,4,1,1,0,2,2,2357726.53434884
266,2,1,1,2,0,1,1,3684506.163956006
68,4,3,1,1,2,1,2,3061015.215362669
190,4,4,2,2,1,1,3,10138078.772465631
284,1,3,2,2,1,1,2,9622701.85580265
118,2,2,1,1,2,1,2,5334711.359226992
192,4,1,1,2,1,2,1,5048885.374617676
96,3,3,1,1,0,1,1,1298105.6031284216
225,6,3,1,2,0,1,1,3110661.517073869
132,3,3,1,1,1,1,1,2378645.6743274694
197,5,3,1,2,1,0,1,2082271.6457498518
220,5,4,2,2,1,2,2,11589829.281541567
116,2,1,1,1,2,2,1,4198287.139367265
190,4,1,2,2,1,1,2,6084031.113772295
277,3,3,2,2,0,1,2,7960553.973931318
270,3,1,1,2,0,0,1,2366046.1153588705
57,6,3,1,1,2,1,1,1416132.9013064888
112,2,2,1,1,1,1,1,1936690.9743520247
228,4,2,1,2,1,1,1,3896978.539600753
56,2,2,1,1,0,2,1,1244020.4986286308
58,1,1,1,1,0,1,2,1640920.2781208751
258,3,3,1,2,1,1,1,4436497.424402589
159,2,4,1,2,0,0,2,2815326.925175709
140,2,4,1,1,1,0,1,1655354.820973543
73,6,2,1,1,1,1,1,1281551.5620697716
123,1,2,1,1,1,1,3,6123063.012294282
235,5,1,1,2,0,1,1,3238521.5887264907
241,3,4,2,2,0,1,2,6603901.691981378
50,6,1,1,1,1,1,1,889050.5337626948
257,2,2,2,2,1,1,2,8730080.450215584
292,3,3,1,2,0,1,1,3845100.5520538283
261,5,3,2,2,0,1,2,7330621.594164917
119,2,3,1,1,1,2,1,3574414.094515761
46,1,2,1,1,1,2,1,1309475.5931576754
266,3,1,1,2,2,1,1,6050506.227141303
55,6,3,1,1,0,0,2,1005555.9659061303
51,1,4,1,1,0,1,1,774182.1224641202
280,5,4,1,2,2,1,1,6178562.907282033
60,5,2,1,1,0,2,2,2576960.7698492883
217,3,4,2,2,2,2,2,15150532.328293879
267,5,4,1,2,2,1,1,5955214.695724783
173,4,2,1,2,1,2,2,9530564.53394883
192,6,1,1,2,1,2,1,5035958.112337107
105,3,3,1,1,2,2,1,3915961.591599173
176,4,2,1,2,0,1,2,4666336.668192811
131,5,4,1,1,0,0,2,2427122.6760205384
298,3,3,1,2,1,1,1,5240969.196155014
142,4,3,1,1,1,0,1,1576820.615163641
94,5,3,1,1,1,1,1,1616622.5036919315
296,2,2,2,2,1,1,2,10150057.723323653
140,2,3,1,1,1,0,1,1608646.023684306
237,1,1,1,2,1,2,1,6509228.820175756
265,2,4,1,2,1,1,1,4500346.632508095
276,4,2,1,2,1,2,1,7412411.637283866
65,6,2,1,1,0,1,1,897617.3685405133
160,2,3,1,2,1,2,2,8686493.845538374
221,3,4,2,2,2,0,2,6742568.078948475
238,3,3,1,2,1,1,1,3969922.539932008
294,3,3,2,2,1,1,2,9794135.663168557
161,2,2,1,2,1,0,2,3637978.7232918353
70,2,1,1,1,0,1,1,956043.5851173269
145,1,4,1,1,2,0,1,2257649.5080553857
263,6,4,1,2,0,1,1,3737672.747336808
271,6,4,1,2,1,0,1,2941076.5055448804
295,5,4,1,2,0,1,1,4004656.2462538085
63,1,1,1,1,2,1,1,1553425.0343558257
148,4,2,1,1,1,1,1,2615365.998094031
230,3,1,2,2,2,0,3,10556640.657794012
64,2,3,1,1,0,0,1,644563.2347270678
226,5,2,1,2,0,1,1,3006791.3055575085
155,5,1,1,2,1,2,2,8206184.961848466
76,2,4,1,1,1,0,1,936974.0454428697
176,1,4,1,2,2,0,1,2654561.5002676905
266,5,2,1,2,0,1,1,3548789.564307907
221,6,1,1,2,2,1,1,4969159.462037504
125,1,2,1,1,0,1,2,3224256.940448129
92,2,4,1,1,0,1,2,2462577.7040143
274,1,1,2,2,2,1,2,13238440.73249849
139,6,4,1,1,1,1,2,4853219.866083936
126,3,2,1,1,1,0,3,4367604.513783668
54,2,2,1,1,1,1,1,983080.4930787602
140,6,2,1,1,2,0,3,6299816.737534596
204,2,2,1,2,1,0,1,2358091.047000776
68,6,2,1,1,1,0,2,1590320.6040802929
153,6,3,1,2,1,0,1,1820791.5157726088
146,5,2,1,1,0,1,1,2034528.3215683014
169,5,2,1,2,1,1,1,2999362.1091994816
123,5,4,1,1,0,1,1,1815364.99806915
283,3,2,1,2,0,1,1,3798015.44346608
253,3,1,1,2,1,1,1,4309480.657028818
205,6,2,2,2,1,0,2,4465105.654593445
98,4,3,1,1,1,1,3,5275118.39024831
129,2,2,1,1,1,0,1,1445976.253837229
233,5,4,2,2,2,2,2,16470552.018993707
162,2,1,1,2,1,0,1,1828333.2188460997
175,6,1,1,2,0,1,1,2320176.976020915
178,1,2,1,2,1,1,1,3038231.3791369046
268,6,2,1,2,1,2,1,7526267.479274937
89,3,2,1,1,1,1,3,4625891.040753574
157,4,2,1,2,1,1,2,5166394.515675268
241,1,4,1,2,1,1,1,4381205.498707329
230,2,4,1,2,2,0,1,3340924.011363131
220,3,1,1,2,1,1,1,3720074.5089477515
117,5,2,1,1,2,2,1,4263367.560268248
114,1,4,1,1,0,0,1,1086061.3425275118
60,3,4,1,1,1,1,2,2052649.1125233578
210,2,1,2,2,1,1,2,7024588.96456127
54,6,1,1,1,2,0,1,868197.5712261451
250,2,3,1,2,2,1,1,5630608.395672807
87,1,4,1,1,1,0,1,1052168.291692843
125,1,1,1,1,1,1,1,2158226.9796736166
188,6,4,1,2,1,1,1,3228793.8626943403
227,1,4,1,2,1,1,1,3833471.3205878874
190,4,2,2,2,1,2,2,10795802.74726824
180,5,2,1,2,2,1,2,8432317.69792793
108,3,2,1,1,0,2,2,4966524.090632062
299,6,2,2,2,1,2,3,24162049.288845677
48,2,4,1,1,0,2,2,2098552.0964744925
160,2,3,1,2,2,0,1,2448240.609638812
140,5,3,1,1,0,0,1,1229398.9882998953
188,1,3,1,2,0,1,1,2537919.903627911
185,1,4,1,2,1,1,1,3215770.95650498
282,2,3,1,2,2,1,1,6722043.605235072
280,5,4,2,2,1,0,2,6014782.070539345
82,2,1,1,1,1,0,1,926284.6855842579
134,1,3,1,1,1,1,1,2303629.5418318748
265,6,4,1,2,1,1,1,4774100.401492
45,3,1,1,1,2,0,3,2055809.4890782072
253,1,2,1,2,0,1,1,3440872.5470990464
245,6,1,1,2,0,1,1,3373120.4085666863
106,3,1,1,1,1,1,1,1797694.9544787
139,4,3,1,1,2,1,1,3220476.7390455753
51,5,2,1,1,0,1,2,1512087.7479911116
276,6,2,1,2,2,1,1,6001621.888487525
297,4,3,1,2,0,2,1,6699630.440291469
174,1,1,1,2,1,0,2,3733591.066829879
261,5,4,1,2,1,1,1,4463252.146298669
195,6,3,1,2,1,2,1,5499700.238366903
181,1,1,2,2,1,1,3,8976703.284367496
197,5,4,1,2,0,1,1,2785770.8368359567
268,5,3,2,2,1,1,2,9280460.61337278
207,1,3,1,2,1,2,1,5800134.624926008
86,1,2,1,1,1,1,1,1537226.2950746517
242,6,2,2,2,2,1,2,11191158.391443271
253,5,2,2,2,1,0,3,8639447.917816842
285,6,4,2,2,1,2,2,15579078.475275192
63,5,3,1,1,0,1,1,886142.7152385694
83,6,2,1,1,2,1,1,1955479.3599496016
195,1,2,2,2,1,1,2,6241649.869618895
238,1,3,1,2,1,2,1,6445832.852125118
201,2,4,2,2,1,0,2,4316268.19770836
273,6,2,1,2,2,2,1,9862170.65516657
202,2,1,1,2,2,2,1,7608243.217643221
155,2,4,1,2,0,0,1,1434553.1745980715
132,4,2,1,1,0,2,2,5417669.448984198
81,5,1,1,1,1,1,1,1252817.3595604054
249,3,2,1,2,0,1,1,3396643.5345312487
245,4,4,2,2,1,0,2,5349413.349851267
259,5,3,1,2,1,1,1,4379251.965132709
175,3,3,1,2,1,2,2,10037941.16149893
145,2,4,1,1,0,1,1,2075207.3493928865
157,3,2,1,2,1,1,1,2693225.6203506673
276,1,4,2,2,2,1,2,12177473.402161743
139,1,1,1,1,0,0,1,1233137.6327673153
142,6,2,1,1,1,0,1,1624230.1528839946
102,5,4,1,1,1,0,1,1173826.993297076
214,4,3,1,2,0,1,1,3009215.329298144
265,2,4,2,2,0,1,2,6952651.041229786
46,5,2,1,1,2,1,1,1192961.3724150658
166,2,4,1,2,2,0,1,2530652.473316289
131,1,3,1,1,1,1,2,4383198.039874152
229,4,1,1,2,1,1,1,4008346.536467209
92,4,4,1,1,1,0,1,1111377.4409695263
281,1,4,2,2,1,0,2,6426694.026156919
171,3,1,1,2,2,1,1,3985569.5671618055
151,4,4,1,2,1,0,1,1749922.8914816724
46,3,3,1,1,0,1,1,673109.8872495798
269,2,1,1,2,2,1,1,6194357.825283315
195,4,3,2,2,1,1,2,6538561.198080486
236,6,3,2,2,2,0,2,7002117.931192994
262,1,3,1,2,0,1,1,3473483.016454228
289,3,2,2,2,2,1,2,12594026.19713502
122,6,1,1,1,0,1,1,1716044.466940967
279,2,2,1,2,2,1,1,6729204.275293332
228,2,2,1,2,2,1,1,5449607.977664878
97,4,4,1,1,1,0,1,1166693.121509476
48,4,1,1,1,0,1,1,711070.4023168733
154,6,4,1,2,0,2,1,3244732.842731425
249,5,2,1,2,2,1,1,5968306.965214567
80,5,4,1,1,2,0,2,2448562.420605255
212,4,3,1,2,1,1,1,3511247.064355112
273,5,2,1,2,2,1,1,6389286.553043766
117,1,3,1,1,2,1,1,2744976.0737405024
147,6,1,1,1,2,1,1,3341862.2991123833
78,1,4,1,1,1,0,1,930673.8806429564
158,5,2,1,2,2,1,1,3691845.3912644233
66,4,1,1,1,1,0,1,751347.1344551382
143,1,3,1,1,1,0,1,1578398.631453962
113,2,4,1,1,2,0,2,3515940.953481858
230,4,4,1,2,1,1,1,3942713.355980523
186,6,2,2,2,2,1,2,8361838.19994761
294,3,4,2,2,0,1,2,8069631.593499445
252,3,4,1,2,1,2,1,7133884.055845656
162,4,3,1,2,1,1,1,2735148.3553129267
245,5,3,1,2,2,2,1,9097399.132186446
279,1,3,2,2,1,1,2,9362269.886147501
61,1,1,1,1,1,1,1,1055175.9101440823
298,4,1,2,2,2,1,2,13992911.258666769
144,2,4,1,1,0,0,1,1246240.5232127386
297,6,1,1,2,1,1,1,5012975.214617729
243,5,2,1,2,1,0,1,2667106.3112282925
146,2,3,1,1,1,1,1,2400831.064458177
290,4,1,1,2,2,0,1,4226295.9537936635
260,4,4,2,2,0,2,2,11521207.658609811
261,2,3,1,2,0,1,1,3470449.361141556
297,3,1,1,2,1,1,1,4827355.196540686
240,4,3,1,2,2,2,1,9131451.640112782
297,6,1,1,2,0,0,1,2502028.0205031345
264,5,4,2,2,2,0,2,7920510.391798992
241,2,1,1,2,1,1,1,4073879.5248360233
265,3,1,1,2,0,1,1,3487295.6618438703
275,2,1,1,2,1,2,1,7277848.034772411
222,3,3,1,2,1,0,1,2521999.9630020554
239,3,1,1,2,1,1,1,3940537.0092487754
285,6,1,2,2,1,1,2,9463470.741652621
150,5,1,1,1,0,1,2,4118272.259381467
45,4,3,1,1,1,0,2,1053546.9499310025
275,3,4,1,2,1,0,1,2997710.5619910965
166,4,4,1,2,2,1,1,4055924.2531936704
143,5,4,1,1,1,0,1,1737003.5480507354
276,4,1,1,2,2,0,1,4205159.734225382
194,6,3,2,2,0,2,2,8335421.725269806
296,6,4,2,2,1,0,2,6408438.562265134
274,1,4,2,2,2,1,2,12271938.260189526
79,6,4,1,1,0,2,2,3551866.3205744014
236,3,2,2,2,1,2,2,12521961.431047678
96,5,3,1,1,1,0,1,1103779.9140096009
137,6,2,1,1,0,0,2,2444280.9565082965
176,2,1,1,2,1,1,1,2929333.2624258045
126,5,4,1,1,1,0,3,4111905.4952904712
281,3,1,1,2,0,1,1,3738879.527975077
238,5,3,1,2,2,0,1,3580122.2432780094
123,6,1,1,1,1,1,1,2103801.656694148
281,2,1,1,2,1,1,1,4605090.609489907
291,1,4,1,2,2,1,1,6689285.70926467
229,3,3,1,2,1,1,1,3936447.8439816376
191,3,1,2,2,2,0,2,5559886.531914072
178,5,2,1,2,1,1,1,3010297.321064392
215,4,4,1,2,0,2,1,4700895.926008332
47,4,2,1,1,1,0,1,582322.5381640351
274,2,4,1,2,1,1,1,4690066.516506181
202,1,1,1,2,1,0,1,2144801.856404216
88,1,4,1,1,1,0,1,1044415.6674228931
77,5,1,1,1,1,2,2,4284042.869517587
175,5,2,1,2,1,1,1,3067311.281033348
258,4,1,1,2,2,0,1,3613740.6375274863
73,6,4,1,1,0,0,1,737415.69478434
118,1,4,1,1,1,2,1,3329674.1431657732
275,6,4,2,2,1,1,2,9421193.550261715
200,1,2,1,2,1,1,1,3302376.763866706
214,6,3,1,2,1,1,1,3715959.039647044
260,6,2,1,2,1,2,1,7199798.5498917475
48,1,1,1,1,1,1,1,853916.3634564464
152,2,1,1,2,0,1,1,2057393.7044546197
244,2,2,2,2,2,1,2,11676000.736235537
225,5,2,1,2,2,1,1,5052813.487035999
236,6,1,1,2,1,1,1,3759451.4059610683
287,6,1,1,2,1,1,1,4935943.84930956
154,6,1,1,2,2,1,1,3375357.8681892813
160,6,3,1,2,0,1,3,6510615.090073908
180,6,3,1,2,2,1,1,4437124.2084456505
104,4,2,1,1,0,0,1,933922.9559877492
278,3,2,2,2,1,1,2,9169290.864149258
49,6,3,1,1,1,0,1,645765.4406094704
272,4,4,1,2,1,1,1,4491396.34339784
234,2,3,1,2,1,1,1,3999108.1937503247
51,6,2,1,1,1,2,1,1510581.175505151
216,2,3,1,2,2,0,1,3241668.99056711
216,5,4,2,2,1,1,2,7518859.086315548
256,3,2,1,2,2,1,1,5832569.189807229
50,1,1,1,1,1,0,2,1122659.085601522
157,3,2,1,2,2,1,2,7022954.743187625
203,6,3,1,2,2,1,1,4497951.258327485
78,6,3,1,1,2,1,3,5611434.629735988
92,3,4,1,1,1,1,1,1516773.802084282
257,3,3,1,2,1,0,1,2726359.9572642804
245,5,4,1,2,1,0,1,2691825.6486860663
95,2,2,1,1,1,2,1,2622341.6556345895
157,1,3,1,2,0,1,2,4465285.146883119
292,3,2,1,2,1,1,1,4890933.403782809
219,1,1,1,2,0,1,1,2987247.2687636013
274,3,1,2,2,1,1,2,9358095.261628726
235,2,4,2,2,2,1,3,16188640.239419786
119,1,3,1,1,1,1,2,4150622.4108733833
174,4,2,1,2,1,0,1,1923148.6937381008
61,2,2,1,1,2,1,1,1498666.5485663526
264,1,3,2,2,1,1,2,9114454.810712004
97,3,2,1,1,1,1,3,5085244.505266765
132,3,3,1,1,1,0,1,1481618.2789560494
231,2,3,1,2,1,0,1,2558320.0946072126
142,2,1,1,1,1,0,1,1553243.3639513457
46,3,3,1,1,1,0,1,586489.9829225749
167,1,2,1,2,0,2,1,3623829.749850772
94,4,3,1,1,1,0,1,1141662.0772563545
270,5,1,1,2,2,2,1,9730959.327876143
101,2,1,1,1,1,1,2,3536177.488456836
279,3,4,1,2,2,1,1,6326990.639150693
129,1,2,1,1,1,1,2,4252952.33668444
271,2,3,1,2,1,1,1,4587170.431671708
272,1,2,1,2,0,1,1,3798514.9673441104
191,2,2,1,2,1,1,1,3207962.520979144
184,3,3,1,2,0,1,1,2656171.856320353
169,1,1,1,2,1,2,1,4510831.736176107
180,3,2,1,2,0,1,1,2376112.2897040453
132,1,4,1,1,1,1,1,2378793.98835807
153,2,2,1,2,1,0,1,1719798.7129888332
182,5,1,2,2,1,2,2,9616455.917303886
262,5,4,1,2,0,0,1,2297574.0772569235
271,4,4,1,2,1,0,1,3138289.716567217
72,4,4,1,1,0,1,1,1060979.0915307961
209,6,4,2,2,1,1,3,10825090.295020493
179,3,3,1,2,2,2,1,6715225.753203164
240,1,3,1,2,2,0,1,3578280.5566259976
62,4,3,1,1,1,2,1,1790302.4867176537
263,2,4,1,2,2,1,1,6284230.95896823
192,5,1,1,2,0,1,1,2585602.121607803
124,1,2,1,1,1,2,1,3345018.223104242
148,6,4,1,1,1,1,1,2695048.8659504442
70,5,1,1,1,2,0,2,2067042.0116337866
268,1,2,1,2,0,1,1,3490151.172117043
279,4,4,1,2,0,0,1,2503115.2201563623
180,4,2,1,2,1,1,1,3172799.417525786
195,3,3,1,2,2,1,1,4540735.057707432
138,6,3,1,1,0,1,1,1926865.5005834904
86,1,3,1,1,0,0,2,1574273.6815963257
106,6,1,1,1,2,2,1,3934930.638566302
101,2,3,1,1,2,0,2,3123627.9849468777
148,6,1,1,1,0,1,1,1891005.8932418015
206,4,3,2,2,1,1,2,7003634.731178009
76,3,3,1,1,0,2,2,3372071.1124557457
158,4,3,1,2,1,0,1,1780121.4041549496
125,5,1,1,1,2,1,1,2890964.2204292496
91,4,2,1,1,0,1,2,2500615.142864669
130,1,1,1,1,1,0,2,2933721.4007273936
243,3,4,1,2,1,0,1,2746619.6850392874
277,1,4,1,2,1,2,1,7227626.02681287
194,2,1,1,2,2,1,1,4532729.002291442
279,2,1,1,2,0,1,1,3753162.6948071904
175,4,2,1,2,1,1,1,2949603.8040524204
103,3,1,1,1,2,0,2,2972763.1672619293
162,6,3,1,2,1,0,1,1882163.0842140706
293,3,2,1,2,1,1,1,5271193.268314382
153,3,1,1,2,1,0,1,1671084.2483586436
59,3,1,1,1,0,0,1,554498.088202348
55,4,4,1,1,2,0,1,986192.4949415873
184,1,2,1,2,1,2,1,4980720.829301297
247,4,4,2,2,2,0,2,7332350.888370686
58,6,1,1,1,0,2,1,1323168.3639157757
205,1,2,2,2,2,0,2,6183581.645021921
77,6,3,1,1,1,0,1,911838.8629139237
220,5,1,1,2,1,1,1,3864655.368732193
144,5,1,1,1,1,1,2,4675760.219897361
139,1,4,1,1,0,1,1,1921879.8903880005
129,4,3,1,1,1,0,2,2874541.535665039
118,6,1,1,1,0,2,1,2439415.5357061843
112,6,4,1,1,1,0,1,1299501.2635307668
215,2,4,1,2,1,1,1,3718904.261922134
135,6,1,1,1,2,2,1,4868264.733294016
142,4,2,1,1,1,1,2,4873699.675488796
263,2,1,2,2,0,1,3,10494881.9445451
45,4,3,1,1,1,1,1,789512.1742782732
161,3,1,1,2,0,1,1,2202626.3993640696
275,6,2,2,2,2,1,2,11877028.893382093
155,3,4,1,2,0,1,1,2164251.218119929
202,5,3,1,2,1,2,1,5571817.506090927
265,5,3,2,2,0,1,3,10598578.190158287
269,1,3,1,2,0,0,1,2396899.1354840416
221,6,3,1,2,0,1,1,3022585.9731420833
288,2,2,1,2,0,1,1,3775444.0553258397
249,3,2,1,2,1,2,1,6516772.77543488
183,4,2,1,2,1,1,1,3133087.0094750263
135,6,2,1,1,1,1,1,2174417.4240631503
283,1,4,1,2,1,0,1,3363512.446076808
125,4,1,1,1,0,1,1,1791483.011888354
223,3,2,1,2,2,0,1,3325642.21928891
160,6,1,1,2,0,0,1,1428459.9051838159
131,3,3,1,1,2,2,1,4983158.383974415
109,6,4,1,1,2,0,1,1722722.6212943823
172,6,4,1,2,1,1,1,2874122.0056645153
176,3,1,1,2,1,1,1,3216895.627424779
226,3,1,1,2,1,0,1,2431873.6940153795
260,4,1,1,2,1,1,1,4518651.118624629
85,1,4,1,1,1,1,1,1553887.9339114965
231,3,2,1,2,1,1,1,3893543.723108644
47,5,4,1,1,0,1,2,1361195.973182263
218,1,2,1,2,0,1,1,2956858.457614418
78,5,3,1,1,2,1,2,3804494.8013831195
217,4,2,1,2,2,1,1,4945554.5638734335
201,3,1,1,2,1,1,1,3612435.6503941556
143,1,2,1,1,1,1,2,4778848.055513044
200,3,2,1,2,0,0,1,1815062.865933351
162,6,4,1,2,2,1,1,3564788.621322091
93,3,1,1,1,1,0,2,1970632.8385228831
73,1,3,1,1,0,1,1,1061630.5421120378
281,3,2,1,2,1,1,1,4564732.731958824
152,3,3,1,2,0,0,1,1387715.5403053437
62,2,1,1,1,2,1,1,1445509.1309854125
85,2,2,1,1,2,2,1,3150538.1300484412
174,1,4,1,2,2,1,2,8008506.167138917
157,1,3,1,2,0,2,2,7026981.334496679
228,6,4,1,2,1,2,1,6324908.658741759
170,6,3,1,2,0,1,2,4496095.631159603
251,3,1,2,2,1,2,3,20313326.26330755
152,5,2,1,2,1,1,2,5046962.751523545
83,1,3,1,1,2,1,1,2117031.3216340207
167,3,4,1,2,1,0,1,1917032.8042986444
197,5,3,1,2,2,1,1,4316300.824740788
84,2,3,1,1,1,0,1,1017179.4731765349
147,6,3,1,1,2,1,1,3566083.2361334893
258,1,3,2,2,0,2,2,11574168.984446889
216,3,3,1,2,0,1,1,2984646.512715971
267,2,3,1,2,0,2,1,5747103.491275441
230,4,4,2,2,1,0,2,5187420.170303772
199,2,3,1,2,2,1,1,4471412.26843165
229,3,3,1,2,1,0,1,2634851.055158728
214,6,3,1,2,2,1,1,4934600.398824496
184,5,2,2,2,1,0,2,3904832.5756607275
271,4,1,1,2,1,0,1,2836984.2911310294
243,4,1,2,2,2,0,2,7316698.253491219
252,6,1,1,2,1,2,1,6706456.408497334
79,4,4,1,1,1,1,1,1439132.2094874072
121,1,4,1,1,0,1,1,1736473.2281766192
220,3,4,1,2,2,0,1,3495424.508637065
122,4,3,1,1,2,1,1,2878030.169921469
239,2,1,1,2,1,1,1,4062703.1047146632
279,5,3,1,2,1,0,1,3027834.988177412
219,3,2,2,2,1,1,2,7639152.173865163
210,6,1,1,2,1,1,1,3459039.6812097775
216,2,2,1,2,2,0,1,3057748.3230685834
276,1,2,2,2,2,1,2,12731784.211419936
177,4,3,1,2,1,1,1,2989781.837250748
168,2,1,1,2,1,1,1,2793448.802036904
88,3,2,1,1,1,2,2,4461688.5896931365
203,2,1,1,2,2,1,1,4665286.469819734
155,1,2,1,2,1,1,1,2699128.120687734
63,5,2,1,1,2,0,1,1009002.2800165842
64,4,3,1,1,1,2,3,5114782.310082268
166,3,1,1,2,0,2,1,3768496.2860036115
273,4,3,2,2,1,0,2,6168425.03872951
248,4,3,2,2,1,0,2,5670723.772338604
132,6,3,1,1,0,0,1,1179291.9768442009
133,4,3,1,1,1,1,2,4401714.608635142
264,2,3,2,2,0,0,2,4572503.623762081
50,2,2,1,1,1,1,1,907290.9657606212
51,5,1,1,1,2,0,2,1627434.609486226
74,1,1,1,1,1,1,2,2479048.7218493167
267,3,3,1,2,1,1,1,4811913.502027904
259,2,1,1,2,2,1,1,5815508.855588816
180,4,2,1,2,0,1,1,2365401.1202619844
62,1,3,1,1,1,0,2,1401937.167573182
122,3,4,1,1,0,1,1,1623130.082150144
268,3,4,1,2,0,2,1,5677163.2207856355
119,3,2,1,1,2,1,1,2946503.142291407
198,3,2,1,2,2,0,1,3021374.098621972
167,5,4,1,2,0,1,1,2305983.009573447
229,3,3,2,2,1,2,2,12956054.111844126
70,1,2,1,1,1,0,1,779744.2775397982
54,2,4,1,1,1,2,1,1569463.6310631672
114,1,3,1,1,1,1,1,2063973.954047989
73,4,2,1,1,1,0,1,849803.1099957548
235,6,1,1,2,1,1,1,4065149.1364345783
68,5,1,1,1,1,1,2,2357560.6983958124
233,5,1,1,2,1,1,1,3852394.084156642
55,4,3,1,1,0,2,1,1285216.0158705004
116,1,2,1,1,1,1,1,2050344.1968248247
120,1,4,1,1,2,1,1,2887357.0202446277
163,4,2,1,2,0,0,1,1530629.5295039436
58,6,1,1,1,2,1,1,1336820.2429035476
141,3,1,1,1,0,1,1,1832439.5364978504
116,3,3,1,1,1,2,1,2963620.1415863424
268,2,4,1,2,1,0,1,3039228.861293848
242,1,3,1,2,1,1,1,4026188.564083201
100,1,4,1,1,1,0,1,1241431.157717787
65,4,2,1,1,0,1,1,924020.7114397152
110,4,3,1,1,0,1,1,1517236.6790114
142,3,3,1,1,1,1,1,2374721.7107736343
196,1,3,2,2,1,0,2,4263157.914048696
233,1,1,1,2,1,2,1,6095421.9529399285
225,5,1,2,2,2,1,2,10046170.154952135
152,2,4,1,2,1,0,1,1827480.2332433846
204,2,2,2,2,1,1,3,10203907.4806492
100,3,3,1,1,0,1,2,2917973.865006679
131,6,1,1,1,0,1,2,3636713.4939337927
192,1,3,2,2,0,1,2,5296916.170727485
264,5,4,2,2,1,0,2,5644039.190799226
166,1,4,1,2,2,1,1,4038773.0824323925
232,4,2,1,2,2,0,1,3567630.12978701
154,3,4,1,2,2,1,1,3628528.4547155225
57,6,3,1,1,2,2,1,2181957.280562433
49,2,2,1,1,1,1,1,828749.8327367041
131,1,2,1,1,2,1,2,6029918.769284431
178,6,1,1,2,0,0,1,1615018.8541675296
91,3,3,1,1,1,1,1,1662357.7024079675
234,2,4,1,2,1,0,1,2526575.9081641342
245,1,1,1,2,0,0,1,2218962.3299270035
132,5,3,1,1,1,0,2,2861287.754999564
184,3,3,1,2,2,1,1,4332633.534694836
125,1,2,1,1,1,0,2,2726035.1434449363
192,2,2,2,2,2,0,2,5687013.388823105
41,2,3,1,1,1,2,2,2307081.511705356
299,5,1,1,2,1,1,1,5029260.532530416
203,3,2,1,2,2,0,1,3025039.281924596
45,3,2,1,1,1,1,1,837286.4695117427
188,6,3,2,2,2,1,3,12573918.433933578
244,1,3,2,2,0,1,3,9811076.330818243
157,6,2,1,2,1,0,2,3392829.5972734396
128,2,1,1,1,1,1,2,4535654.8624015385
193,2,2,1,2,0,1,1,2651700.439136931
206,5,3,2,2,1,1,2,6914015.305366384
200,5,2,1,2,1,1,1,3335646.362583081
95,3,3,1,1,1,2,1,2626614.268953523
267,6,2,2,2,0,1,2,7346384.191658094
188,2,3,1,2,1,1,1,3454407.093014479
85,1,3,1,1,1,1,2,2923746.7009170954
183,4,1,1,2,0,0,1,1647622.7766893795
277,1,3,1,2,1,1,1,4614876.481527946
159,5,2,1,2,2,0,2,4701593.5671148505
259,1,3,1,2,0,1,1,3440940.8115808037
47,2,4,1,1,2,1,3,3343011.8018224384
105,6,2,1,1,2,1,1,2448638.8476173254
118,3,1,1,1,1,1,1,2054641.1313037009
125,6,2,1,1,2,1,1,2785221.1197659257
163,4,1,1,2,2,0,1,2555139.1738662906
241,3,4,1,2,1,2,1,6367007.661888699
189,4,1,1,2,1,1,1,3212125.6620833804
85,4,3,1,1,2,1,1,2018882.7407684484
152,2,4,1,2,1,0,1,1785850.3349691338
130,2,4,1,1,2,1,2,6048403.356059295
180,5,1,1,2,1,0,2,4012968.11203225
257,5,2,1,2,1,1,1,4501753.460341165
116,4,1,1,1,0,2,1,2554471.4515922074
191,6,1,2,2,1,1,2,6225085.912271552
278,5,4,1,2,1,1,1,4792670.954020182
154,2,3,1,2,1,2,2,8742668.414840763
133,5,2,1,1,1,1,1,2175750.3191537755
87,4,1,1,1,0,1,1,1226725.7201452476
230,3,3,1,2,0,1,1,3217917.6129354024
51,6,3,1,1,2,1,2,2288273.922651314
195,6,2,2,2,2,0,2,5576217.990867945
211,1,3,2,2,1,0,2,4617942.569458675
216,5,1,1,2,1,1,1,3653773.74351534
96,6,4,1,1,2,1,1,2278958.021552685
242,2,3,1,2,2,1,1,5671764.952950204
224,3,4,1,2,1,1,1,3912972.1980867605
160,2,2,1,2,1,0,1,1793029.5734962886
265,5,2,1,2,1,1,1,4576868.840116602
241,4,3,1,2,2,0,1,3825971.5705460906
255,1,4,1,2,2,0,1,3816548.8346049474
82,1,1,1,1,1,1,1,1378694.8997328586
62,3,4,1,1,1,1,2,2124544.7410133705
194,6,3,1,2,0,2,1,4392178.87470287
225,6,4,2,2,1,1,2,7292326.109104608
288,6,4,2,2,1,1,2,9548437.840556687
276,1,2,1,2,0,1,1,3673887.521957487
173,4,3,1,2,1,2,1,4533131.10109069
61,6,4,1,1,1,1,2,2255569.9149915753
127,2,3,1,1,0,1,1,1790047.4784635848
192,6,1,1,2,2,0,1,2911744.2156725526
164,4,3,1,2,0,0,1,1580690.535567063
118,3,1,1,1,2,0,1,1827721.2540396138
90,3,3,1,1,1,0,2,2081979.2482318317
255,1,3,2,2,0,0,2,4462568.751340009
215,4,4,1,2,2,1,1,4799721.170003893
292,2,4,1,2,1,1,1,4873568.554310923
285,4,1,2,2,1,1,2,9555797.496236458
266,2,1,1,2,0,1,1,3651969.353091738
145,2,2,1,1,1,1,1,2539918.0525544994
232,4,4,1,2,1,2,1,6110461.434837252
75,5,1,1,1,1,0,2,1668857.35463875
243,4,4,1,2,1,1,1,4172074.937378496
209,2,3,1,2,2,0,1,3192789.5946967653
78,6,2,1,1,1,1,2,2611227.8167538
178,3,4,1,2,2,1,3,11940160.485561404
91,3,4,1,1,1,2,2,4778212.5764893675
180,1,4,1,2,1,2,3,13528615.670736086
185,3,4,1,2,1,1,1,3135422.8435177887
223,5,1,1,2,0,1,1,3196026.883579714
191,2,1,1,2,0,1,1,2515569.1981923
240,4,2,1,2,1,1,1,4046800.4259126135
167,4,3,1,2,1,1,1,3039764.84637422
292,5,3,2,2,1,0,2,6242463.2367091095
227,3,2,1,2,0,2,1,4960842.666054596
269,2,3,1,2,2,1,1,6121777.5494761905
298,3,1,1,2,1,2,1,8319500.468022863
237,1,4,1,2,1,1,1,4156581.8993156874
95,3,3,1,1,1,1,2,3295214.913838739
242,1,4,2,2,1,2,3,19677105.122278906
148,4,4,1,1,0,2,2,6330539.818817771
155,2,1,1,2,0,2,2,6499478.897189941
131,6,4,1,1,1,1,1,2421520.813326511
177,1,3,1,2,1,1,1,2981926.94657214
96,3,1,1,1,1,2,1,2565146.201373125
89,3,2,1,1,1,2,1,2504801.8656941275
110,4,1,1,1,2,0,1,1701167.4600713584
121,5,3,1,1,2,2,1,4658742.918962455
144,6,1,1,1,1,2,2,7749822.442637745
127,5,3,1,1,1,2,1,3536149.608979509
41,3,3,1,1,1,2,2,2179721.0198075823
123,5,1,1,1,1,1,3,6361016.117967126
82,6,3,1,1,0,1,2,2263812.7521024025
193,6,2,1,2,0,0,1,1746751.5731134547
133,2,3,1,1,1,1,1,2154955.252833445
172,5,2,1,2,1,1,1,2991635.1953494144
104,2,2,1,1,0,1,2,2798150.9146094774
296,3,3,1,2,1,0,1,3277786.0869654813
252,3,4,1,2,2,1,1,5664520.340981661
187,3,2,1,2,1,0,1,2197098.473744273
100,4,2,1,1,2,1,1,2367401.6777072214
188,5,1,1,2,1,0,1,2039887.2686583193
127,1,2,1,1,2,0,2,3852888.093939329
121,6,2,1,1,1,2,2,6573927.110406375
168,1,2,1,2,0,0,1,1473785.9545096902
242,3,2,1,2,1,0,1,2744644.7441444653
63,5,4,1,1,0,1,2,1780576.3113852039
247,2,2,1,2,2,0,1,3897498.3779208073
244,1,3,1,2,0,1,1,3246324.725309008
191,3,4,1,2,0,0,1,1803524.582221868
65,1,2,1,1,1,2,1,1742166.260424287
233,1,3,1,2,1,1,1,3854565.2736120317
277,6,3,2,2,2,1,3,19176148.288373172
114,1,4,1,1,0,1,1,1642493.2981422832
202,3,4,1,2,1,2,1,5530991.60119172
68,6,3,1,1,1,1,1,1216098.9058447946
204,3,4,1,2,0,0,1,1772265.207248506
225,4,4,1,2,1,1,1,3892507.8443474355
93,4,1,1,1,1,0,1,1074333.9616068662
81,4,4,1,1,0,1,2,2245371.8931983868
177,1,1,1,2,0,2,1,3751566.065590032
226,5,4,1,2,1,0,1,2678390.6610913537
243,3,4,1,2,1,1,1,3890297.7775937617
81,4,3,1,1,0,0,2,1360577.0815079433
65,5,1,1,1,2,2,1,2318719.635069229
95,4,4,1,1,0,2,1,2189082.382991011
292,4,2,2,2,1,1,3,14491922.797400674
161,5,4,1,2,1,0,2,3715878.9766171435
145,4,3,1,1,0,0,1,1380047.6951815775
169,1,3,1,2,1,1,1,2846025.9930932154
197,1,3,2,2,1,0,2,4061217.1613500025
270,6,1,1,2,1,2,1,7392884.0671163015
130,1,1,1,1,0,0,1,1147864.4507240674
61,2,1,1,1,0,1,1,872777.608232929
149,6,2,1,1,2,1,1,3438089.014394597
88,4,1,1,1,1,2,1,2450969.5367479683
168,2,3,1,2,1,1,1,2959634.3029036806
112,3,1,1,1,2,0,1,1775535.1060431069
92,5,1,1,1,1,0,2,2041106.1405006398
207,3,4,1,2,2,2,1,7715479.601933213
84,2,1,1,1,1,1,1,1401723.844927252
144,1,4,1,1,1,1,1,2428265.8376960102
189,4,1,2,2,2,1,2,8292656.290939472
185,6,4,1,2,2,0,1,2868223.6185344276
243,4,3,1,2,2,0,1,3639044.848082336
206,1,1,2,2,0,1,2,5229793.115060766
240,4,3,1,2,0,2,1,5123556.411245284
173,5,1,1,2,1,0,2,3926190.2700154725
250,5,2,1,2,2,0,1,3763708.4970225976
87,5,2,1,1,1,0,1,964440.5471122094
165,3,3,1,2,1,1,1,2832476.583454155
278,1,3,1,2,0,1,1,3674400.965960815
46,5,2,1,1,2,0,1,758273.4834539467
76,2,2,1,1,2,2,3,8589287.91395934
250,5,4,1,2,2,0,1,3666354.97098508
204,6,1,2,2,1,2,2,11340789.588061014
164,3,2,1,2,2,1,3,11421096.969321873
231,2,3,1,2,2,0,1,3493332.3290021974
257,1,3,1,2,0,1,1,3741013.1676416327
253,1,2,1,2,1,2,1,6992271.004578487
101,6,3,1,1,2,0,1,1525100.5344123493
200,5,1,1,2,1,1,1,3443607.9173747688
105,2,4,1,1,2,0,2,3149368.255932378
278,6,1,2,2,1,0,2,6282317.845665482
59,2,4,1,1,1,1,2,2105036.258735528
227,5,4,2,2,2,1,2,10908764.72006733
121,5,2,1,1,0,1,1,1726042.5845592564
241,4,3,2,2,0,2,2,10406257.916559108
171,4,4,1,2,1,1,1,2952164.86441651
76,5,2,1,1,2,1,1,1810412.6271132946
171,3,3,1,2,1,0,1,1949292.3788132523
116,6,3,1,1,1,0,1,1353990.435521237
128,4,4,1,1,1,0,1,1491973.0941543924
292,5,3,1,2,2,2,1,10745409.671404889
233,2,1,1,2,0,0,1,2050834.7489049553
215,6,3,1,2,0,1,1,3040316.0045256447
72,4,1,1,1,1,0,1,841696.2128383118
97,3,3,1,1,0,1,1,1323888.224688082
240,6,4,1,2,0,1,1,3435867.039064036
67,6,4,1,1,0,1,2,1890378.8027538317
74,1,2,1,1,2,1,1,1727052.1663892586
164,2,1,1,2,1,2,1,4311664.959507741
81,3,1,1,1,1,1,1,1471114.4996579338
124,3,4,1,1,2,0,1,1905519.564718909
227,3,4,1,2,1,1,1,3928244.2186173014
150,2,4,1,1,1,0,1,1710083.9073001503
144,3,1,1,1,2,1,2,6345714.344595039
80,1,2,1,1,1,0,1,907956.6778381718
254,4,1,1,2,1,1,1,4150544.5389278205
110,2,4,1,1,2,1,1,2660722.215686251
95,3,2,1,1,2,1,2,4462774.863086497
275,5,3,2,2,2,2,2,20511668.683405522
144,4,3,1,1,2,1,1,3234849.9983281656
201,6,4,1,2,2,2,1,7548361.551431071
230,2,2,1,2,2,1,1,5586943.918851059
48,5,4,1,1,2,1,2,2196714.968296912
99,6,1,1,1,2,1,1,2349603.165362794
264,5,1,1,2,0,0,1,2259746.819686204
227,3,2,1,2,1,1,1,3859917.0575473136
109,2,4,1,1,1,1,3,5510662.180571024
208,3,4,2,2,0,1,2,5753742.741640666
101,6,3,1,1,2,0,1,1504063.2178982878
53,1,2,1,1,1,1,1,992009.0864958846
203,5,4,1,2,1,0,1,2286633.8261359376
284,1,1,2,2,1,0,3,8981025.534924466
47,6,4,1,1,0,1,1,749828.9309372245
193,3,4,1,2,2,2,1,7313964.609698134
75,4,1,1,1,1,1,2,2553865.1435728217
87,5,1,1,1,1,1,1,1543339.814786013
124,4,4,1,1,1,2,1,3435429.3841033312
67,2,1,1,1,2,2,2,5024740.9730881145
235,5,3,1,2,1,1,1,3792473.144151054
247,1,3,2,2,2,1,2,11820990.91132549
243,4,3,1,2,1,2,1,6913279.670007773
143,6,1,1,1,2,0,1,2151226.9963132367
269,2,1,1,2,2,0,1,4112373.693328121
140,5,1,1,1,0,0,1,1262526.392595384
68,6,2,1,1,0,2,1,1533726.0491175503
166,2,1,1,2,1,1,1,2763386.9814071604
49,1,3,1,1,1,1,2,1637575.145594755
145,6,3,1,1,1,0,2,3115718.040759688
206,5,3,2,2,1,1,2,6900598.225108623
296,2,2,2,2,2,1,2,13468089.504280834
104,3,4,1,1,1,2,2,5898795.946571661
227,5,3,2,2,0,2,2,10097023.049230404
177,5,2,1,2,1,0,1,2094919.7098787336
144,5,4,1,1,0,1,1,1916356.9580640947
73,5,2,1,1,1,2,2,4103153.5046288827
149,3,2,1,1,1,1,2,4927943.397804153
72,6,4,1,1,2,1,1,1819445.0049029656
270,6,1,2,2,1,1,2,8795063.869201677
221,6,1,2,2,2,2,2,15690212.296261111
104,1,3,1,1,1,0,1,1182705.081045402
40,3,4,1,1,0,1,1,617361.816035874
172,3,3,1,2,0,1,1,2331150.6850528033
119,2,2,1,1,0,0,1,1004904.0957845071
280,4,1,2,2,1,1,2,9290518.443355769
67,6,3,1,1,1,2,1,1955547.3094403842
262,4,3,1,2,0,1,1,3553161.620477165
62,2,1,1,1,2,2,1,2373535.434296482
148,3,2,1,1,2,1,2,6708487.036624055
146,2,3,1,1,1,1,2,5197714.505100102
184,5,3,1,2,2,1,1,4208403.534444296
178,2,4,1,2,0,1,1,2542279.8776669158
138,2,4,1,1,1,1,1,2341940.1363953236
162,5,1,1,2,1,1,2,5163036.109165948
120,4,1,1,1,1,0,1,1358127.5575170852
49,5,2,1,1,2,1,1,1221907.734302811
47,1,2,1,1,1,1,1,860012.55429882
244,2,3,1,2,0,1,1,3312546.859595046
236,2,4,1,2,0,0,1,2051352.3198613478
237,4,2,1,2,1,2,1,6566589.478884092
69,3,3,1,1,1,1,2,2353781.1791268773
59,5,3,1,1,0,1,1,840818.650396595
87,3,1,1,1,0,1,2,2242673.8157121423
169,1,4,1,2,1,0,2,3718460.3715847037
171,5,3,1,2,2,0,1,2564696.226932217
93,1,1,1,1,0,1,1,1321853.8001016134
254,1,3,1,2,1,1,1,4263197.17658562
82,1,4,1,1,1,1,1,1518570.8573385826
113,6,3,1,1,2,1,1,2652220.7402486973
281,5,3,1,2,1,1,1,4901560.923765962
169,5,2,1,2,2,0,1,2642749.4296498206
233,6,2,1,2,1,2,1,6144406.460074618
71,4,1,1,1,0,1,1,1029554.3195426081
145,6,3,1,1,2,1,1,3565070.729979658
243,2,1,1,2,2,1,1,5585109.526102778
40,3,4,1,1,1,1,1,750600.5787969722
284,3,1,2,2,0,0,2,4951147.340543066
111,1,3,1,1,0,0,1,984534.1755742363
54,5,2,1,1,1,0,1,649942.3384041127
92,5,2,1,1,0,1,1,1327969.6096959335
47,1,1,1,1,1,1,2,1637754.5831275508
85,2,2,1,1,1,0,1,982161.4449367069
153,3,3,1,2,0,0,1,1393112.7991472997
186,6,3,1,2,0,1,1,2357918.4609557185
205,4,4,1,2,1,2,1,5657010.512276404
178,2,2,1,2,0,1,1,2436643.512331077
156,5,2,1,2,2,1,1,3612428.879688312
217,1,4,2,2,0,0,2,3846746.211442399
193,3,1,1,2,0,1,1,2585627.504540641
240,1,4,1,2,0,1,1,3318094.69099425
154,5,2,1,2,2,0,2,4517074.444426508
198,1,1,2,2,2,2,2,15176207.081687847
81,6,3,1,1,2,0,1,1284121.1258676401
286,3,3,1,2,1,1,1,4708733.748269348
107,1,4,1,1,1,0,1,1270079.7587005964
235,3,3,1,2,1,1,1,3989440.0554150534
129,1,2,1,1,0,1,1,1803323.9430012498
150,1,4,1,1,2,0,1,2202340.472001913
184,3,2,1,2,2,1,1,4240173.757206731
218,6,2,1,2,1,0,1,2567403.919050052
280,1,1,2,2,0,1,2,7702960.207916464
192,6,1,1,2,1,1,1,3244633.330455278
143,2,1,1,1,0,2,1,3074945.33073287
114,4,3,1,1,1,0,1,1359184.6085525132
167,2,1,1,2,1,1,1,2905722.4705887446
238,4,2,2,2,0,1,3,9824777.952534283
193,2,4,1,2,1,2,1,5278237.851973041
95,4,4,1,1,2,0,2,2927529.758476642
58,1,2,1,1,1,1,2,2116582.0044175694
198,3,3,1,2,0,1,1,2614872.4656900587
65,3,4,1,1,1,2,1,1899699.5222112583
208,5,2,1,2,1,1,1,3686456.125477972
62,4,2,1,1,1,0,1,729786.8994831354
86,5,2,1,1,1,1,1,1621113.686612753
52,6,4,1,1,2,0,2,1668604.042699322
256,6,4,1,2,2,1,1,5856850.3439180795
233,5,1,1,2,0,0,1,2026850.1115120447
183,4,1,2,2,1,0,2,4015746.695899769
112,3,2,1,1,0,1,2,2792763.750293585
195,4,2,2,2,1,0,2,4281673.114545644
116,6,2,1,1,2,0,1,1706395.5077573315
208,1,2,1,2,0,0,1,1610119.8029340166
124,5,4,1,1,1,1,1,2239146.2706671995
221,5,1,1,2,1,0,1,2394735.6055037756
151,6,3,1,2,0,2,2,6660679.89302003
269,4,2,1,2,1,1,1,4728584.00323487
135,5,1,1,1,1,0,2,2882352.3016274567
207,3,2,1,2,0,0,1,1968550.0537190896
195,5,4,2,2,1,0,3,6476945.484574028
144,4,3,1,1,1,0,2,3283628.7820414784
232,6,1,1,2,0,2,1,5203403.330618286
171,3,1,1,2,2,0,1,2504071.582018956
177,3,3,1,2,1,1,1,3105936.727351763
77,5,4,1,1,0,1,1,1069333.607104264
84,4,3,1,1,2,1,1,2064262.9744330335
202,5,1,1,2,0,0,1,1754920.546689185
292,1,3,1,2,2,1,1,6667642.377508707
208,6,4,2,2,0,1,3,8420501.903705446
59,1,4,1,1,1,1,2,2104185.549244491
278,3,2,2,2,0,1,2,7660375.658900962
70,5,3,1,1,1,1,1,1199209.089639934
143,1,3,1,1,0,0,1,1273677.7823048371
209,2,1,1,2,1,0,1,2302896.5730299777
225,1,4,1,2,0,1,1,3227221.0941044204
167,5,3,1,2,2,2,1,6033027.928268334
249,5,1,1,2,2,1,1,5697825.285511018
292,6,2,2,2,1,2,2,15549315.673772847
58,1,3,1,1,1,0,2,1406149.3752673515
239,5,3,1,2,1,0,1,2724835.923740859
259,5,1,1,2,1,1,1,4174829.4326685355
175,6,1,1,2,1,1,1,3013638.954159883
262,6,4,1,2,1,0,1,2842478.582157449
42,6,4,1,1,1,1,1,786587.4065999555
275,6,4,1,2,0,1,1,3828249.5197010143
267,2,3,1,2,2,1,1,5999116.600975415
181,3,1,1,2,2,0,1,2733140.390411754
48,5,4,1,1,2,1,1,1225609.1593031292
229,4,3,1,2,0,0,1,2034297.9762898632
204,6,4,2,2,2,0,3,8953542.740110928
178,3,2,1,2,1,2,1,4792436.741725316
92,6,3,1,1,2,2,1,3587774.4271905306
214,3,4,1,2,0,1,1,2973794.766182113
149,4,4,1,1,2,1,2,6815899.76555916
242,1,2,1,2,1,0,1,2741150.5220419816
175,2,2,1,2,2,0,1,2606674.674355152
43,5,4,1,1,0,1,1,665027.5019757306
194,1,4,2,2,1,2,2,11013770.042922566
211,4,1,1,2,0,2,1,4581727.410030322
86,2,4,1,1,1,0,1,1085236.657988496
133,2,4,1,1,1,1,1,2356810.6713211928
87,2,1,1,1,2,1,1,2095492.664048903
279,4,1,1,2,0,1,1,3729419.477002007
252,6,4,1,2,2,0,1,3806453.8589538694
178,6,1,1,2,2,0,1,2650657.435547215
244,6,3,1,2,0,0,1,2226793.1576062976
112,1,2,1,1,2,1,1,2541025.400826439
43,5,3,1,1,2,0,1,765181.9062901926
115,2,2,1,1,1,1,1,1947828.3570442274
116,2,2,1,1,1,1,1,1926086.4846052772
295,1,4,1,2,0,1,1,3947010.0707468605
141,6,2,1,1,1,1,1,2514024.5253984816
145,2,3,1,1,1,0,1,1583823.959654655
78,2,4,1,1,0,1,1,1158948.105354262
127,4,1,1,1,2,0,1,1810026.2439961426
250,3,3,2,2,0,0,2,4339682.19395249
116,1,4,1,1,1,0,2,2505842.466311883
116,1,2,1,1,1,0,1,1300856.4313037149
67,6,3,1,1,2,1,1,1646233.9120207285
284,1,2,1,2,2,2,1,10642839.089202404
105,6,4,1,1,2,0,2,3240719.672457755
244,4,4,2,2,1,0,2,5454278.931587416
97,4,1,1,1,0,1,1,1291300.9393821533
240,5,1,1,2,1,1,1,4121093.587774606
264,6,3,1,2,1,0,1,2887584.3383461717
181,4,1,2,2,1,0,2,3954328.823393406
123,6,2,1,1,2,1,1,2996267.5988554875
182,1,2,2,2,0,0,2,3203268.87294956
72,5,1,1,1,1,0,1,820425.7349542055
191,3,1,1,2,2,1,1,4229610.913870552
197,2,1,1,2,1,0,1,2140581.7096721744
180,2,3,1,2,1,0,1,2094728.6466995825
290,5,3,1,2,0,1,1,3704834.965783886
151,6,2,1,2,1,2,2,8150705.2414214015
183,6,3,1,2,2,1,1,4241146.843666828
248,6,3,1,2,1,1,1,4265068.492914216
263,3,4,1,2,1,1,1,4444687.413617759
82,2,2,1,1,1,2,1,2292129.589957048
283,5,2,1,2,1,0,1,3006100.909161736
42,6,1,1,1,0,1,2,1116646.4516018743
164,4,4,1,2,2,0,2,5229666.537990664
123,1,1,1,1,0,2,1,2495745.081272073
55,3,3,1,1,1,1,2,1804255.9783807874
98,6,2,1,1,2,1,1,2304973.101119349
216,2,3,1,2,0,1,1,2814344.746023734
102,1,3,1,1,2,2,1,3817034.6745346356
88,5,4,1,1,2,0,1,1430803.3053948344
285,6,4,1,2,1,1,1,5067766.395697375
54,2,2,1,1,2,1,1,1323838.6889680463
294,1,2,1,2,2,1,1,6932914.736467596
131,4,4,1,1,1,1,1,2310562.221347078
245,3,4,1,2,1,1,1,4142203.983907492
133,5,4,1,1,0,1,3,5358134.975984366
264,2,4,1,2,1,2,1,7304367.001169959
238,4,2,1,2,0,0,1,2180923.765534373
273,3,2,1,2,0,1,1,3762300.851322988
85,3,3,1,1,0,0,2,1537980.5420116684
103,4,3,1,1,2,1,2,4706581.011050322
269,2,3,2,2,0,1,3,11041665.302729687
288,3,2,2,2,1,0,2,6347684.999710252
285,5,1,2,2,2,2,2,20620208.58103021
114,1,3,1,1,1,0,1,1324689.8716493805
196,5,1,1,2,1,1,1,3384380.333094937
262,6,1,2,2,2,0,3,11154612.655295093
229,3,1,2,2,1,0,2,4897917.219821925
91,1,4,1,1,0,0,1,847481.8907030533
127,4,2,1,1,1,1,1,2326926.93897015
105,1,2,1,1,2,1,2,4985351.202651948
189,1,3,1,2,0,0,1,1791947.838872346
59,1,3,1,1,2,1,1,1458003.8552837444
72,3,2,1,1,1,1,1,1286106.4214849265
85,6,4,1,1,2,0,2,2562596.03509155
112,6,2,1,1,2,1,1,2599937.6570229405
172,2,1,1,2,2,0,1,2646403.8237845185
94,6,2,1,1,2,1,1,2223402.9214487923
100,3,4,1,1,1,0,1,1156131.1898924485
47,2,2,1,1,2,1,3,3236279.368780915
285,4,2,1,2,0,1,1,3745505.0611639917
215,4,2,2,2,1,2,2,12129921.284176558
155,4,1,1,2,1,1,2,5292705.670536079
232,4,3,1,2,1,2,1,6360017.638409194
189,4,4,1,2,2,0,1,2833567.0045812554
170,5,1,1,2,0,0,1,1513332.8558041311
141,3,2,1,1,2,1,2,6623034.475285193
249,2,2,2,2,2,1,2,11160462.800366566
106,4,3,1,1,1,1,2,3502854.731232629
49,5,3,1,1,1,1,1,913534.3250519166
88,6,3,1,1,2,0,1,1414063.8402034906
150,5,1,1,1,0,2,1,3196473.1754197804
258,5,4,1,2,0,1,1,3623788.303079428
96,3,3,1,1,1,1,1,1634987.6570441616
152,4,2,1,2,1,1,1,2711246.3258812055
172,5,4,1,2,1,0,2,3804683.4706609473
110,5,2,1,1,1,0,3,3565068.3694991255
122,4,2,1,1,1,1,1,2161588.101763931
96,3,4,1,1,1,1,1,1758865.765460869
150,5,1,1,1,1,2,1,4205447.964925217
115,2,4,1,1,2,2,1,4513071.778898489
197,1,3,2,2,2,1,2,8997826.552380085
59,6,4,1,1,1,1,1,1074988.8402208053
170,1,3,1,2,2,0,1,2719133.573485037
161,1,3,1,2,0,0,1,1485214.1888603228
80,3,4,1,1,1,2,2,4515695.845511689
206,5,4,1,2,0,1,1,2879332.104133686
169,1,3,1,2,1,1,1,3042919.677601457
62,1,2,1,1,1,1,1,1097787.8735750106
290,6,4,1,2,1,0,1,3161175.951809034
48,4,1,1,1,1,2,1,1389455.5265542108
52,5,3,1,1,1,1,1,976310.6032764527
91,5,2,1,1,0,2,1,2027278.5131711955
248,6,4,1,2,0,1,1,3292626.2875007903
77,4,4,1,1,0,1,1,1114632.8940154104
139,5,2,1,1,1,0,1,1547062.1146703844
232,2,1,1,2,0,1,1,3068884.6664424525
230,6,3,2,2,2,0,2,6643554.895499234
90,3,4,1,1,2,0,1,1509925.3518251572
180,4,1,1,2,1,1,3,8991093.78812117
207,6,3,1,2,1,1,1,3579630.739300492
148,1,1,1,1,2,1,2,6630951.270004208
246,5,3,1,2,2,1,1,5594276.956735078
149,2,3,1,1,1,0,1,1687824.7263077553
235,2,1,1,2,0,0,1,1930901.204158007
191,3,3,2,2,0,1,3,7940549.581649928
282,6,4,1,2,2,2,1,10862996.746258726
167,2,4,1,2,0,1,2,4746520.089156586
144,6,1,1,1,2,1,3,10232305.310599256
49,5,1,1,1,0,1,2,1221533.3336056122
187,5,3,1,2,1,0,1,2133784.925897693
179,2,3,1,2,1,1,2,6034981.161661008
229,5,1,2,2,2,1,2,10509531.273543099
133,6,2,1,1,0,2,1,2950805.503015035
268,5,1,2,2,1,1,2,8845338.442331787
102,1,2,1,1,0,2,1,2341223.5600834843
64,6,2,1,1,0,0,1,603312.895882395
50,4,1,1,1,2,1,1,1248880.8578807865
240,5,1,1,2,1,1,1,4105949.0984372515
165,5,1,1,2,1,1,1,2922488.189930841
229,6,2,2,2,1,0,2,4910991.798946523
128,3,4,1,1,1,0,2,2888303.1290499694
155,4,4,1,2,1,2,1,4266924.3465552395
216,4,1,2,2,1,1,2,7015628.352276627
53,4,1,1,1,2,0,1,859622.2717844401
296,2,3,1,2,2,1,1,6748845.281000426
248,1,3,1,2,0,1,1,3583345.370368888
144,1,3,1,1,1,0,2,3144411.1927068764
186,3,1,2,2,1,1,2,6370660.318543707
48,4,4,1,1,0,1,2,1343097.7774388632
157,4,4,1,2,1,1,1,2653119.279082839
133,5,1,1,1,1,1,2,4571887.233018566
183,6,1,2,2,0,0,2,3127534.1524607074
53,2,2,1,1,1,1,1,935511.8319306946
296,2,2,1,2,1,1,1,5213515.13320742
225,3,4,2,2,2,1,2,10497271.63266204
246,1,3,1,2,1,1,1,4157164.5320126964
211,4,4,1,2,0,0,1,1844339.437789853
260,6,2,2,2,0,1,2,7006441.827095436
191,3,4,2,2,1,0,2,4421984.878565066
150,2,2,1,1,2,0,2,4555960.062895363
222,2,2,1,2,2,0,1,3445015.3061659755
111,2,3,1,1,0,0,2,1951250.2491674265
113,4,3,1,1,1,0,1,1257981.4101716287
254,4,2,1,2,0,1,1,3292346.119933698
62,4,1,1,1,1,1,1,1082560.644806024
107,5,3,1,1,0,1,1,1491377.6891209534
132,1,2,1,1,0,2,1,2850486.2526913173
102,2,1,1,1,1,0,2,2287352.506141111
263,2,1,1,2,2,0,1,3557886.2107778257
264,5,4,1,2,1,1,1,4464305.819568014
142,2,4,1,1,2,2,1,5377950.792322529
254,2,3,2,2,1,2,2,13535216.95072365
231,4,1,1,2,1,0,1,2547955.6739457804
199,4,3,2,2,1,1,2,6517120.652107805
246,1,2,2,2,0,1,2,6637479.039760938
233,2,3,1,2,1,0,1,2526546.864478611
191,3,1,1,2,0,1,1,2535211.567618193
276,2,4,1,2,1,2,1,7412652.695906563
127,2,3,1,1,1,1,1,2137509.7735892185
50,1,4,1,1,1,1,1,937636.8203604151
226,3,3,1,2,2,1,1,5266263.678100266
253,2,2,1,2,1,0,1,2688270.3709976007
54,6,1,1,1,2,1,1,1288056.5044705137
112,6,3,1,1,0,1,1,1613754.0706846819
91,3,2,1,1,1,0,2,1932567.9213447403
167,6,2,1,2,2,1,2,7823227.678081848
67,4,2,1,1,1,1,1,1224646.6082955236
104,4,4,1,1,2,1,1,2492540.8522422477
56,3,4,1,1,1,0,1,699118.2469689065
177,2,2,1,2,0,0,1,1595414.56793003
268,3,2,1,2,2,1,1,5742445.291745249
293,6,3,1,2,0,2,1,6412030.16071703
249,3,3,1,2,1,2,1,6812765.853343087
270,6,1,1,2,1,0,1,2862811.8395039123
280,4,3,1,2,1,1,1,4766136.29704013
109,3,1,1,1,1,0,1,1286841.063274317
143,5,1,1,1,0,1,2,3748480.2444534027
243,6,1,1,2,0,1,1,3283364.558303391
92,5,4,1,1,0,1,2,2533649.023343495
93,4,3,1,1,1,1,1,1716808.500945604
70,2,2,1,1,1,1,2,2474955.9895900786
174,6,1,1,2,2,1,1,3815381.203520234
97,2,2,1,1,0,1,1,1324932.5489005856
144,4,1,1,1,2,0,1,2077842.994087826
49,2,3,1,1,0,2,2,2106363.8643616294
292,6,1,1,2,0,0,1,2596062.200561025
195,1,3,2,2,1,0,2,4268438.781183358
197,6,2,1,2,1,0,1,2182884.85847722
76,6,3,1,1,0,0,1,739870.4487455706
158,5,2,1,2,2,2,1,6055757.331806308
106,1,3,1,1,0,0,1,997368.9908350733
281,1,1,1,2,2,1,1,6580669.418074437
252,1,1,2,2,1,2,2,13723753.270829868
140,6,3,1,1,0,2,1,3149899.7403869038
95,4,2,1,1,1,1,1,1698880.54540396
278,1,2,2,2,1,0,2,6227739.904117457
270,3,2,2,2,1,0,2,5810746.687186918
131,2,3,1,1,1,2,1,3770395.442440427
148,4,3,1,1,2,2,1,5764164.12632682
207,3,3,1,2,1,2,1,5789453.777325839
257,6,3,2,2,1,1,2,8673408.600183371
261,6,2,1,2,1,1,1,4182646.7328605023
200,3,2,1,2,0,0,1,1769229.8809183163
55,5,4,1,1,1,1,2,1933356.2865950104
96,5,3,1,1,1,1,1,1768809.2782965787
101,3,4,1,1,2,1,2,4593271.25751328
281,5,3,2,2,2,2,2,21824150.88855835
129,2,4,1,1,1,0,3,4186383.0560037447
111,2,2,1,1,2,2,1,4144250.8472174993
69,6,2,1,1,2,2,3,7314070.145310817
125,5,4,1,1,2,1,1,3038375.6218605
273,1,1,1,2,1,1,1,4490263.293982441
274,3,3,2,2,1,1,2,9065831.720446853
225,2,4,1,2,0,2,1,4658871.597222765
170,5,4,1,2,1,2,1,4635830.422195569
219,5,1,1,2,2,1,1,4959333.103845377
202,2,2,1,2,0,2,1,4409361.921169261
135,2,4,1,1,2,1,1,3103332.3518094453
122,1,2,1,1,1,2,1,3154556.126175
264,5,3,1,2,2,1,1,6303630.916974005
262,5,1,2,2,1,1,3,13160942.055434423
157,4,2,1,2,0,0,1,1406555.8986042454
231,6,4,2,2,2,0,3,10007896.862104438
118,1,1,1,1,1,0,1,1342580.0339561522
117,2,1,1,1,0,2,1,2510371.402610208
186,2,1,1,2,2,0,1,2971523.9247996155
146,3,1,1,1,1,1,2,5086900.7044538865
283,6,1,1,2,1,1,1,4803025.185896161
112,2,3,1,1,1,1,1,1899161.275325854
65,5,3,1,1,1,1,2,2249039.5686292844
249,2,1,1,2,2,1,1,5674115.139865777
131,5,4,1,1,0,1,2,3515033.1559533873
164,5,4,1,2,1,1,2,5603928.202583778
112,1,3,1,1,1,1,1,2000112.5828091407
162,2,2,1,2,1,0,1,1750383.922367519
223,1,1,1,2,2,2,1,8120781.0859793145
226,6,4,2,2,1,0,2,4705660.585908274
237,5,3,2,2,0,1,2,6815084.725926734
117,6,3,1,1,1,0,1,1337110.828148628
225,2,2,2,2,0,0,2,3817203.440101317
292,6,2,1,2,1,1,1,5157564.689025702
52,6,4,1,1,1,1,1,994901.3113739081
115,2,2,1,1,1,2,1,2949907.9995782636
90,1,2,1,1,0,1,1,1190823.1214448651
188,1,1,1,2,0,0,1,1671690.3248848328
258,5,3,1,2,1,0,1,2846597.581276661
161,5,3,1,2,1,1,2,5555838.032083293
250,2,2,1,2,1,1,1,4409286.942581602
65,2,3,1,1,1,1,1,1215496.4713380423
212,4,3,2,2,1,1,2,6992781.505519122
195,4,4,1,2,2,0,1,3043053.581947099
277,3,3,1,2,0,1,1,3684930.487019822
121,5,2,1,1,0,0,1,1196633.0697400004
107,6,4,1,1,2,0,1,1643459.764526603
83,3,3,1,1,1,2,1,2276504.5725812702
100,3,3,1,1,1,0,1,1168857.5683323988
162,1,4,1,2,1,0,1,1778018.0496493874
235,6,4,1,2,1,0,1,2592872.999323492
150,1,3,1,1,1,2,2,8265236.464394955
297,4,1,1,2,1,1,1,4935946.339631677
128,3,1,1,1,0,1,1,1846334.1379437982
237,4,3,1,2,0,1,1,3249916.605860878
239,6,3,2,2,1,0,2,5186059.837876652
138,6,4,1,1,0,1,1,2006136.5126275516
66,5,4,1,1,1,2,1,1848379.7816276755
128,2,3,1,1,2,1,1,2918865.5257326993
185,1,3,1,2,2,0,1,2727434.3353399793
221,5,3,1,2,1,0,1,2416180.1693939087
296,5,3,2,2,0,0,2,4852531.834504
228,1,1,2,2,0,1,2,6278457.475825722
279,1,4,2,2,1,1,2,9609232.493263554
235,6,2,1,2,0,1,1,3162391.3295483235
204,6,3,1,2,1,1,1,3335878.142232396
47,3,3,1,1,1,0,1,581167.1114252862
77,4,3,1,1,1,0,1,866969.3967230828
153,6,2,1,2,1,1,1,2568673.6336430134
95,5,4,1,1,2,0,2,2958698.1898873528
177,3,4,1,2,1,1,2,5983567.7865870055
141,3,3,1,1,0,0,1,1320873.66851947
216,5,3,2,2,1,1,2,7234426.47160028
208,6,4,1,2,1,0,1,2345039.4478614926
262,5,2,1,2,2,1,1,5888907.488812613
238,2,3,1,2,1,0,1,2427946.744284232
250,6,2,1,2,0,1,1,3440654.7925566346
219,4,2,2,2,0,1,3,9223306.678685628
289,5,4,1,2,1,1,1,5085897.142929419
270,6,3,1,2,0,1,1,3692384.6092881123
62,1,1,1,1,0,0,1,578814.5566812833
87,2,4,1,1,2,2,1,3384352.918184974
148,4,4,1,1,0,1,2,3906186.7032344486
45,6,1,1,1,1,1,1,826944.1868378781
77,1,3,1,1,0,0,1,725388.9946400186
208,6,2,1,2,0,1,1,2772816.1945968405
242,1,2,1,2,1,0,1,2657400.293282989
283,4,2,1,2,1,1,1,4801672.310680293
86,2,3,1,1,1,0,1,1042551.6529205063
288,1,4,1,2,1,1,1,5095303.693815575
118,3,4,1,1,1,1,1,2033858.8993059779
149,4,4,1,1,1,0,3,4749974.709692564
52,4,4,1,1,1,1,1,976009.8688487313
129,5,4,1,1,0,1,1,1780643.7554608977
260,2,1,1,2,1,2,1,7190671.560649197
112,3,2,1,1,2,1,2,5168281.588025123
273,3,2,1,2,0,2,1,5745929.832698131
299,5,3,1,2,1,2,1,8080792.044894209
152,1,1,1,2,2,0,2,4623726.569479634
85,1,4,1,1,0,0,2,1505347.2513569025
82,3,4,1,1,1,0,1,982258.5937182734
247,2,4,1,2,1,0,1,2700818.036474997
142,1,1,1,1,0,1,1,2025204.289450562
163,4,3,1,2,1,1,2,5576878.006777809
49,6,1,1,1,1,0,1,575412.2028975949
226,5,3,2,2,0,2,2,9743800.109182572
70,2,2,1,1,0,0,2,1276274.5792843911
195,1,3,1,2,0,0,1,1685042.0090899435
99,6,2,1,1,1,1,2,3304573.2697117226
288,3,3,2,2,1,1,2,9835697.560498383
256,5,2,1,2,1,0,1,2858436.420126367
41,1,2,1,1,2,2,1,1517602.4111232564
63,3,4,1,1,1,2,1,1780671.042984285
245,1,3,2,2,1,0,2,5317341.606177354
238,5,4,1,2,2,1,1,5530008.357874696
153,4,2,1,2,1,2,2,8359451.781744161
194,4,4,2,2,0,2,2,8286383.757393143
204,6,1,2,2,2,1,3,13820145.32974528
261,3,4,1,2,0,1,1,3448445.808170214
130,4,3,1,1,2,1,3,9068474.0257425
206,5,4,1,2,1,1,1,3522420.3268952407
246,3,1,1,2,2,1,1,5394980.890477054
104,1,4,1,1,0,1,1,1437304.3871954242
43,2,2,1,1,1,0,1,534040.7255094328
196,1,2,1,2,1,1,1,3222789.1348720626
288,5,2,1,2,0,1,1,4069957.5035213004
296,6,3,2,2,2,1,2,13660872.345951391
274,3,4,1,2,1,0,1,3093079.0673604207
113,1,2,1,1,2,0,1,1648529.8250145803
226,3,4,2,2,0,1,3,8857249.11220168
101,4,1,1,1,1,0,2,2142912.9908038047
203,2,1,1,2,0,1,1,2719261.0858783135
95,5,3,1,1,0,0,2,1740169.5849215332
150,1,4,1,1,1,1,2,5113231.690586275
257,2,1,2,2,1,1,2,8714343.772212481
279,5,3,1,2,2,1,1,6436259.803440685
60,5,3,1,1,2,0,2,1850826.7796922396
180,6,2,1,2,1,0,3,6178686.72381869
178,4,1,1,2,1,1,1,2922713.4791371785
109,6,4,1,1,0,1,1,1589845.3119544864
157,6,1,1,2,0,2,1,3378652.666201827
237,3,1,1,2,1,1,1,4103546.2273751427
244,3,4,1,2,0,1,1,3235315.829881535
253,2,4,1,2,1,1,1,4179778.4834016063
95,4,2,1,1,1,0,1,1056458.4677259268
214,5,3,1,2,1,0,1,2492599.2772977576
167,4,4,1,2,1,0,3,5314663.88994721
265,4,4,1,2,0,1,1,3541804.808949527
103,2,1,1,1,1,1,1,1811997.8095917196
87,3,4,1,1,0,1,2,2448598.6444538385
241,4,4,1,2,1,0,1,2638620.8434949014
99,4,1,1,1,1,1,2,3397779.8665725035
296,4,1,1,2,1,0,1,3174625.5608909074
104,1,1,1,1,1,1,1,1787675.1036090578
278,4,2,1,2,1,1,1,4593964.662245103
77,4,3,1,1,1,0,1,949475.6262470116
64,5,4,1,1,2,2,1,2350643.425592249
98,6,1,1,1,0,0,3,2565895.4618997322
197,1,1,2,2,0,1,3,7532098.0397720635
96,4,3,1,1,0,1,1,1406725.4236077443
87,6,2,1,1,0,1,1,1229266.4439357433
95,4,4,1,1,1,1,1,1708746.1334654095
104,2,2,1,1,0,1,1,1506809.5703122194
108,2,2,1,1,0,2,1,2339231.2506529144
255,6,2,2,2,0,2,3,16375327.976803238
128,1,1,1,1,1,1,2,4367162.103351073
296,5,3,1,2,0,0,1,2790372.1196414223
199,1,3,1,2,1,1,1,3331425.9734383235
273,1,3,1,2,1,1,1,4489579.702775908
170,2,2,1,2,1,1,2,5725340.339533715
88,2,4,1,1,2,1,1,2174008.369386916
186,5,2,1,2,2,0,1,2811112.470333732
41,4,3,1,1,1,0,1,506836.32206960494
184,5,1,1,2,1,1,1,3150714.2207278586
100,4,2,1,1,2,2,2,7083159.609483293
88,6,1,1,1,0,1,1,1251638.316551194
170,6,3,1,2,1,2,2,9089408.771250922
82,3,2,1,1,1,1,1,1512037.485611663
96,2,1,1,1,1,0,2,2098656.492333975
89,3,2,1,1,1,1,2,2984898.9918272407
217,3,3,2,2,2,1,2,9812367.842694506
85,2,4,1,1,2,1,2,4025681.05848817
209,3,3,2,2,2,1,2,9553830.94199129
178,1,4,1,2,2,1,1,4048704.4282710496
286,4,4,1,2,0,0,1,2500099.8154465263
187,5,3,2,2,2,2,2,13896401.708966302
269,2,1,2,2,1,1,2,9089900.548563698
164,1,2,1,2,1,1,1,2810834.6989750485
231,6,2,1,2,0,1,1,3181591.058336573
119,5,2,1,1,2,1,2,5440555.2501045335
133,5,4,1,1,1,2,1,3665429.3967604544
265,5,4,1,2,1,1,1,4306780.119165221
104,3,3,1,1,1,0,1,1150916.9040768938
127,3,1,1,1,1,2,1,3426196.5625028242
127,3,3,1,1,1,0,1,1452854.0796580927
240,3,3,1,2,0,1,1,3074022.811180583
253,1,1,1,2,0,0,1,2149146.29963513
243,3,4,1,2,1,1,1,4019763.800742563
128,2,3,1,1,1,1,1,2288384.415473581
100,5,3,1,1,1,0,2,2196511.207192133
133,1,4,1,1,2,1,3,8807665.416157123
66,6,2,1,1,2,2,1,2450709.896091242
253,3,1,1,2,2,2,1,9554217.119435629
113,6,1,1,1,2,0,1,1706753.4845023926
100,5,2,1,1,0,0,1,894743.0596145542
225,1,1,2,2,1,0,2,5243698.869208674
70,5,2,1,1,1,1,2,2427481.054342811
258,6,3,1,2,1,1,1,4328569.196308383
51,1,1,1,1,1,0,1,618834.2717298991
71,4,1,1,1,0,0,1,652552.6063188056
199,1,3,1,2,1,0,1,2255516.5813952866
276,3,4,2,2,1,1,2,9263812.217307337
266,6,4,2,2,1,1,2,9112768.834487813
220,5,3,1,2,2,0,1,3295880.9834864824
85,5,1,1,1,0,1,1,1125328.886502534
119,5,1,1,1,2,2,1,4232847.734373405
174,2,1,1,2,2,0,2,4867771.474588275
299,2,2,1,2,1,1,1,4898857.898494648
286,3,4,1,2,1,0,1,3149972.7967669317
198,4,1,2,2,0,1,2,5186976.645199705
242,2,4,1,2,0,1,1,3334726.444251956
151,1,4,1,2,1,1,3,7768316.724959025
158,6,1,1,2,1,0,2,3342274.3253945354
56,3,3,1,1,2,1,1,1361196.6029869223
266,4,3,1,2,1,1,1,4676718.786939229
156,1,4,1,2,0,1,1,2222244.1085030176
82,5,2,1,1,1,1,1,1464110.0984931516
154,2,4,1,2,0,0,2,2830464.1213042494
76,1,4,1,1,2,1,2,3520889.005717103
152,4,3,1,2,1,1,2,5212472.13367009
74,3,1,1,1,1,1,1,1292731.5276718962
171,1,1,1,2,1,1,2,5401420.914688332
267,3,2,1,2,1,1,1,4346124.685088019
186,5,3,1,2,2,1,1,4288423.039864942
161,4,3,1,2,1,2,2,8581068.82121993
120,4,4,1,1,2,2,1,4335022.880046965
212,2,3,1,2,1,1,1,3601402.143867772
193,6,4,1,2,0,0,1,1683930.3086905822
189,4,2,1,2,2,0,1,2840108.988848556
97,1,3,1,1,1,0,1,1126944.101457479
102,1,3,1,1,2,1,1,2264533.392571288
195,1,4,1,2,2,0,1,2821796.965960902
207,5,3,2,2,2,0,2,6229478.837215847
205,4,1,2,2,1,1,2,7585223.97991186
124,4,2,1,1,2,0,1,1852582.1550339554
176,1,1,1,2,1,1,2,5911375.069569114
228,2,4,1,2,1,1,1,3886663.161042341
41,2,4,1,1,1,1,1,752642.6335717232
145,4,4,1,1,0,0,2,2469777.8113434934
111,4,2,1,1,0,1,1,1588619.1756938822
165,3,3,1,2,0,0,1,1449703.0579896437
209,4,1,1,2,0,1,1,2723653.461996768
244,1,3,2,2,2,2,3,25842510.70256886
234,6,4,1,2,1,2,1,6402329.44112014
197,5,3,2,2,1,0,2,4207252.371188163
180,4,2,1,2,1,0,1,2060815.3091379686
46,4,4,1,1,2,1,1,1199408.7601711494
93,1,3,1,1,0,1,3,3748186.295040431
143,3,1,1,1,1,0,2,3142939.31201714
100,6,4,1,1,2,1,1,2365624.263543665
126,4,4,1,1,1,1,1,2280823.212926346
297,2,2,1,2,2,1,1,6869151.636669661
217,2,2,1,2,1,1,1,3614716.9622503393
281,2,1,2,2,0,1,2,7517904.406003352
242,5,3,1,2,1,0,1,2771255.820475848
70,5,3,1,1,1,1,1,1285709.3458301232
119,6,4,1,1,0,1,1,1622098.6369748975
50,4,4,1,1,2,1,1,1268853.816652656
293,4,3,1,2,0,1,1,3970612.6733198967
215,4,3,1,2,1,1,1,3580554.61950987
165,5,3,1,2,0,2,1,3781070.602999982
86,6,4,1,1,1,0,1,1064822.3871669108
245,4,2,1,2,2,0,1,3767514.543102821
146,1,2,1,1,0,0,1,1301784.720657786
162,3,1,1,2,1,1,2,5421746.531925763
173,2,3,1,2,0,0,1,1608809.8076423083
146,2,3,1,1,2,1,3,10191725.528019626
89,1,3,1,1,2,0,1,1472436.9851254222
134,4,1,1,1,0,1,1,1768658.958991077
62,6,3,1,1,0,1,1,889594.3771709484
93,6,2,1,1,2,1,2,4410197.240429094
293,5,3,1,2,1,1,1,4887387.163917733
274,4,1,1,2,0,0,1,2441492.9641572833
98,6,4,1,1,2,1,2,4515879.97630617
203,4,4,2,2,1,1,2,6881472.4470643215
298,2,2,1,2,2,1,1,6947531.934179662
255,2,2,1,2,1,1,1,4140546.7762418515
222,5,2,1,2,1,1,1,3767116.9857430793
96,2,4,1,1,1,2,1,2715861.645180292
184,4,3,1,2,1,0,1,2057001.6258647707
129,1,1,1,1,0,2,1,2842623.711046338
84,5,1,1,1,2,0,2,2459751.7950976407
296,1,3,1,2,1,1,1,5009922.754161549
60,4,4,1,1,2,1,1,1523474.1901493347
60,5,4,1,1,2,2,2,4512923.087105792
91,1,1,1,1,0,2,2,4078087.0828768834
210,5,2,2,2,0,0,2,3668078.5733428444
106,4,2,1,1,2,0,2,3223009.5802951963
152,6,1,1,2,0,1,1,2065610.8110150676
199,5,1,2,2,1,1,2,6817871.909917238
271,6,3,2,2,2,2,2,19573977.77218455
107,4,3,1,1,2,1,2,4892301.653202217
67,5,3,1,1,0,1,1,921026.4544874
155,5,3,1,2,1,1,1,2794085.672241958
90,6,3,1,1,1,1,1,1627479.2521461435
220,2,3,2,2,1,2,2,11636251.119413145
299,6,2,1,2,2,1,1,6951517.711409123
118,6,1,1,1,1,2,1,3254952.308357886
147,6,4,1,1,1,1,1,2471562.167958932
113,4,3,1,1,1,0,2,2561683.407163827
214,3,2,1,2,1,2,1,5736181.762176342
223,6,1,1,2,0,1,1,2912396.0496993056
62,5,1,1,1,1,0,2,1349813.7957021166
168,1,1,1,2,1,0,1,1916515.4665494878
225,2,3,1,2,2,0,1,3359242.1168506355
98,6,3,1,1,2,0,2,2867298.9326279666
40,6,4,1,1,2,2,1,1558124.5904175234
170,2,3,1,2,2,1,1,3779602.3110903017
106,6,1,1,1,1,1,1,1869063.564232386
128,5,1,1,1,1,2,1,3532289.020802165
139,3,2,1,1,1,1,2,4727902.76038025
228,6,2,1,2,1,1,1,3942145.600306057
280,2,4,1,2,2,1,1,6304905.640779806
258,6,2,1,2,0,1,1,3412751.282534266
215,4,4,2,2,1,1,2,7326376.773520133
272,5,2,1,2,1,2,1,7653947.9161079265
190,5,1,1,2,1,0,1,2058665.2976316744
268,3,3,1,2,0,1,1,3616025.9127991702
210,4,3,1,2,1,1,1,3772176.6779573886
262,4,4,2,2,1,2,2,14173196.164373795
252,3,3,1,2,1,1,1,4461843.66204429
80,1,3,1,1,0,0,1,776536.1663757188
161,6,2,1,2,1,1,2,5305501.471925738
266,4,1,1,2,2,2,1,10168231.751430871
127,1,3,1,1,1,1,2,4339600.467486816
68,1,1,1,1,1,2,1,1862545.340289314
286,5,2,1,2,2,1,1,6296470.888007428
283,6,2,2,2,2,0,2,8441910.359171115
100,5,3,1,1,2,1,1,2226069.932516811
186,2,3,1,2,2,1,1,4226645.927656413
213,5,2,1,2,1,0,1,2328187.2736169286
181,4,2,1,2,2,1,1,4211041.443441005
83,4,4,1,1,2,0,1,1421613.6516154357
183,6,4,1,2,1,0,1,2161359.680388326
94,1,1,1,1,1,1,1,1596400.8066552237
200,4,2,1,2,1,0,1,2092932.5134334182
237,5,1,2,2,0,1,2,6343409.953105447
198,5,2,1,2,1,1,1,3260937.0932182367
119,6,1,1,1,2,1,2,5340913.293405238
70,5,4,1,1,0,0,2,1230265.8442516942
151,3,2,1,2,2,1,1,3465493.435130965
85,6,2,1,1,2,2,1,3116322.071885427
244,6,1,2,2,0,1,2,6524599.559811802
91,4,1,1,1,0,1,1,1207730.675116278
177,6,3,1,2,2,1,1,4189131.2716071764
113,2,3,1,1,2,0,1,1729922.5644084215
80,4,4,1,1,1,2,1,2258668.3343519364
116,4,2,1,1,1,2,1,3418160.8492925493
226,3,2,1,2,1,0,1,2400975.617579395
91,4,1,1,1,1,0,1,1051211.4747089425
126,1,4,1,1,2,0,1,1977197.1891835262
148,5,2,1,1,2,1,1,3496601.0016290164
264,5,4,1,2,1,0,1,3025655.91326636
287,6,3,1,2,0,1,1,4081530.6343020047
108,3,1,1,1,2,1,1,2523915.3852219684
159,5,2,1,2,1,1,1,2654135.1946566603
106,1,1,1,1,1,0,1,1110361.608569162
100,3,3,1,1,1,1,1,1765856.9520807937
230,2,4,1,2,0,1,1,3266181.58389633
228,5,4,1,2,1,0,1,2471603.7933544987
190,4,3,2,2,1,0,2,4210502.900159543
135,1,3,1,1,1,0,1,1524298.7921763945
136,1,2,1,1,1,1,1,2341792.266645122
152,5,2,1,2,0,0,1,1324742.0892236475
164,6,2,1,2,1,1,1,2860025.770656762
171,2,2,1,2,2,2,2,12628411.827686628
160,4,2,1,2,0,1,2,4236687.800673331
236,2,4,1,2,1,1,1,4026007.6046957048
161,2,2,1,2,2,0,2,4666637.34559035
299,5,3,1,2,1,1,1,5087490.824365681
78,4,3,1,1,2,2,2,5800094.396991159
93,5,2,1,1,1,1,2,3233482.831556241
200,5,3,1,2,2,1,1,4846636.760626195
239,6,1,1,2,1,0,1,2573592.2442094986
55,1,4,1,1,1,1,1,1079606.381355847
212,6,4,2,2,1,1,2,6901043.267713208
287,6,2,1,2,1,1,1,5037663.812991914
257,5,1,1,2,0,1,1,3495331.7846244946
126,6,2,1,1,0,1,1,1785071.8544916273
121,6,2,1,1,2,2,2,8546602.832709707
101,3,3,1,1,2,1,1,2280202.921283947
81,4,4,1,1,0,0,1,818036.0497511276
51,1,1,1,1,1,1,1,892419.5971070905
273,4,3,1,2,0,1,1,3753558.0908620455
170,1,4,1,2,1,1,1,2920437.221604305
154,3,4,1,2,0,1,2,4106402.5957202036
257,5,2,1,2,2,0,1,3963454.8839412457
176,1,1,1,2,0,0,1,1565161.79664897
145,1,2,1,1,1,0,1,1663801.2449163839
218,1,3,1,2,0,1,1,2896493.0254193028
55,3,2,1,1,1,1,1,1011583.0346202566
281,4,2,1,2,1,1,1,4672936.060661766
265,3,4,1,2,0,0,1,2314830.987047077
281,1,4,1,2,1,0,1,3283116.9454922876
180,6,3,1,2,1,1,1,3133644.155785339
238,1,4,1,2,1,1,1,4087691.9926131745
151,6,4,1,2,2,0,1,2339587.768297075
166,5,4,1,2,1,2,2,8992705.668125864
60,3,2,1,1,2,0,1,970793.1349331728
186,6,1,1,2,1,0,1,2012318.0466241953
128,3,3,1,1,2,1,1,3076188.5915229023
242,2,2,1,2,1,1,1,4216025.913089167
124,4,3,1,1,1,0,1,1413215.8124451658
206,2,2,1,2,1,1,1,3517921.217775122
111,6,3,1,1,2,0,2,3491361.298974717
48,2,4,1,1,0,1,3,1978860.7150684022
297,4,3,1,2,1,1,1,5325015.054948554
277,6,1,1,2,1,1,1,4617568.513619896
59,5,3,1,1,0,0,1,577717.999425303
272,5,1,1,2,0,0,1,2288549.639088595
260,4,3,1,2,0,0,1,2257487.3537526103
56,4,4,1,1,2,0,1,957844.956167846
128,6,3,1,1,1,0,1,1493564.981252086
235,3,2,1,2,2,1,1,5153612.273672016
123,6,4,1,1,2,1,2,5637115.802715355
126,3,4,1,1,1,2,1,3467941.8705854863
193,3,2,1,2,1,1,1,3377498.335691805
267,3,4,1,2,0,1,1,3580044.980918406
262,6,4,2,2,1,1,2,9004567.449266765
160,1,2,1,2,2,2,1,5679302.062442815
212,1,4,2,2,2,0,2,6642783.272567931
43,5,4,1,1,2,1,2,1997527.398696205
167,1,4,1,2,1,0,1,1895517.1065680475
149,1,4,1,1,2,0,2,4603127.397835225
76,3,3,1,1,1,1,2,2704304.172212382
110,3,4,1,1,1,0,1,1297871.8404283081
70,4,4,1,1,1,2,1,2017434.5732761282
50,3,4,1,1,1,1,1,921252.9153267393
71,6,3,1,1,1,1,1,1258989.7183439415
96,4,1,1,1,0,0,1,857996.1848190794
205,4,4,1,2,1,1,1,3611043.4199498356
227,1,1,1,2,2,2,1,8185429.764195858
58,3,1,1,1,1,1,2,1896523.5849934632
155,1,2,1,2,2,0,1,2377409.8726035934
223,3,2,1,2,2,0,1,3456124.6426857854
72,1,1,1,1,1,2,1,1907680.9722859396
49,1,3,1,1,1,2,2,2593275.723674548
119,1,4,1,1,1,0,2,2704760.2421154254
231,6,4,2,2,1,1,2,8308397.969372918
229,5,4,1,2,1,2,1,6135619.984755858
107,1,2,1,1,2,2,1,3674730.595626785
164,2,2,1,2,1,2,1,4512956.775668173
98,2,4,1,1,2,1,1,2293150.617997949
136,2,1,1,1,1,0,1,1585601.73574609
188,6,2,1,2,1,1,1,3235743.994708206
48,4,4,1,1,1,2,1,1405119.1546859434
47,1,1,1,1,0,0,1,440231.09448732506
247,2,4,1,2,1,2,1,6674748.331959434
164,6,2,1,2,2,0,3,7384619.537617595
162,4,3,1,2,1,1,1,2753192.2711789254
72,2,3,1,1,0,1,1,1063422.3744393417
40,3,2,1,1,2,0,2,1258633.23468066
243,5,1,2,2,0,0,2,4290709.145373701
45,1,4,1,1,1,0,3,1496916.364972114
44,5,2,1,1,2,1,1,1074084.5198194096
119,5,1,1,1,0,2,1,2578269.0036892644
216,3,4,1,2,0,1,1,2959835.6863992335
175,3,4,1,2,0,0,2,3125170.561721919
64,3,2,1,1,1,1,2,2175809.4267563224
222,4,4,2,2,1,1,2,7953946.662996479
207,2,3,1,2,1,0,1,2334553.5604319684
217,1,3,2,2,0,1,2,5927056.105924282
134,3,4,1,1,1,2,1,3702652.7839361164
72,6,2,1,1,2,0,2,2176699.4257002957
150,1,4,1,1,1,2,1,3838720.011294667
185,1,2,2,2,1,1,2,6103535.143878305
270,1,2,1,2,1,1,1,4609503.154091671
77,3,3,1,1,0,1,1,1141497.1278382658
174,3,3,1,2,1,1,2,5489901.241890382
274,2,1,1,2,2,1,1,6001785.260021843
199,3,2,2,2,2,1,3,13223103.01015072
77,3,4,1,1,0,1,1,1093511.0734728675
189,1,2,2,2,2,0,2,5480790.415472275
68,2,3,1,1,1,2,1,1845745.0796256596
183,5,2,1,2,0,2,1,3691329.292950065
115,3,1,1,1,2,0,1,1684764.7179036925
184,6,4,1,2,1,1,1,3042766.8294133637
268,3,2,1,2,1,0,1,2874595.860538774
103,5,4,1,1,2,2,1,3947861.202540301
223,1,4,1,2,0,1,1,2970523.786783925
208,2,3,1,2,2,0,1,3001816.27100959
298,1,2,1,2,2,1,1,6707869.591027768
266,4,4,1,2,0,1,1,3630358.6479754304
72,3,3,1,1,1,2,2,3913869.3770638565
253,6,1,1,2,1,1,1,4093344.1012079413
89,4,1,1,1,0,0,1,817895.6187128044
249,3,2,1,2,1,0,1,2693453.932640127
68,4,4,1,1,0,1,1,979647.4819259321
78,5,2,1,1,1,1,1,1392970.0114698925
139,3,4,1,1,1,1,1,2417125.9435204347
212,6,3,1,2,1,1,1,3547196.3408906637
56,3,1,1,1,0,0,3,1485964.3311445285
95,4,1,1,1,1,1,2,3188768.344005227
265,2,1,1,2,0,1,1,3585042.4975895905
85,4,1,1,1,1,1,1,1582787.141575587
106,3,2,1,1,0,2,1,2422560.852491382
236,3,4,1,2,2,1,1,5741395.059112739
181,2,2,1,2,2,1,1,4077146.4455945124
62,1,3,1,1,0,2,1,1387202.0328177707
133,2,1,1,1,0,1,1,1925046.237943296
281,1,4,1,2,1,1,1,4790155.356116865
276,6,2,1,2,0,1,1,3892940.975685627
93,3,4,1,1,1,1,2,3173037.4865335925
177,5,2,1,2,1,0,1,1948227.2405446307
80,5,4,1,1,1,1,1,1432225.739036547
137,4,4,1,1,2,2,1,4973436.967497748
222,2,1,1,2,1,1,1,3698928.800282036
167,2,2,1,2,0,0,2,2932717.6871406194
268,5,3,1,2,1,0,1,3111598.4827699177
125,1,4,1,1,0,1,1,1770198.2352030764
295,2,3,1,2,1,0,1,3362392.2616113713
248,1,1,1,2,1,1,1,4134366.5058389907
254,1,3,2,2,1,1,2,8528531.44482016
139,1,4,1,1,0,2,1,3235737.171412531
88,1,4,1,1,1,0,3,3008130.9730657977
240,4,4,1,2,0,0,1,2207420.3116724975
297,4,2,1,2,2,1,1,6831492.420659635
217,5,3,2,2,2,2,2,16310714.389949374
284,4,2,2,2,0,0,2,4986733.404447671
162,6,4,1,2,1,1,2,5487188.700659319
210,2,4,1,2,1,1,1,3667197.3413592763
175,6,1,1,2,0,1,2,4697614.003657651
98,4,1,1,1,2,0,1,1510228.807476323
232,2,4,1,2,0,2,1,5164871.124248958
299,2,2,2,2,2,1,2,13882605.181226935
134,1,2,1,1,1,0,1,1531689.5689971666
164,5,4,1,2,1,1,1,2822065.036780172
80,1,3,1,1,1,1,1,1488464.4275564374
293,1,2,2,2,2,0,2,8794745.039466083
46,6,4,1,1,1,0,1,607207.7515279157
255,4,1,2,2,1,1,2,8318233.879694766
108,6,4,1,1,0,2,1,2390506.364267239
108,4,2,1,1,2,1,1,2423747.799910798
120,6,4,1,1,1,0,2,2688823.157153962
69,2,3,1,1,1,1,1,1275704.5211242556
112,4,3,1,1,1,0,1,1284363.706811562
128,4,2,1,1,2,1,2,5818229.12614974
247,6,4,2,2,1,1,2,8103396.887437758
252,3,3,1,2,0,1,1,3446686.338384056
246,2,3,2,2,1,1,2,8411034.39183677
116,2,1,1,1,2,2,1,4357084.016716091
86,3,2,1,1,1,2,1,2414828.1075309534
149,6,1,1,1,1,1,1,2505359.385822993
239,6,1,1,2,0,1,1,3032997.7408766425
249,2,3,1,2,1,2,1,6889187.761167942
193,6,4,2,2,0,2,2,8066095.482589372
49,5,1,1,1,1,1,2,1703454.6223508813
196,5,2,2,2,0,1,2,5306888.388427128
116,3,2,1,1,2,1,1,2772843.8794061895
296,4,4,1,2,1,1,1,5194980.037977677
170,5,2,1,2,2,0,2,5073813.454549828
106,6,1,1,1,2,1,2,4866218.475145466
267,3,4,1,2,0,2,1,5911445.723441634
202,5,2,2,2,1,2,2,10972620.292682933
54,1,2,1,1,0,1,1,771987.5971227417
271,3,1,1,2,1,0,1,2849649.0350924316
234,2,1,1,2,2,1,1,5627692.3509065
69,5,1,1,1,1,1,2,2316845.818179305
259,2,1,2,2,1,1,2,9562218.152963033
186,3,4,1,2,1,1,1,3297516.5295267217
298,5,4,1,2,0,1,1,3969637.5626202817
182,2,4,1,2,1,1,1,3049244.123518537
274,4,3,1,2,0,1,1,3607632.447904458
154,4,1,1,2,2,1,1,3527425.400337739
129,1,1,1,1,1,2,1,3694283.8275956744
247,6,4,1,2,1,1,1,4109854.938849857
203,3,2,2,2,1,0,2,4373184.291781289
123,6,2,1,1,1,2,1,3374313.6610555737
116,6,1,1,1,1,2,1,3055769.727488831
200,2,1,1,2,1,1,1,3112107.088244605
44,1,4,1,1,2,0,1,768357.1193388703
117,3,1,1,1,1,1,1,2022984.1091303094
130,4,2,1,1,1,1,2,4287245.775410367
126,6,2,1,1,1,1,1,2152029.127325683
143,2,1,1,1,1,1,1,2420851.292630578
214,6,4,1,2,2,1,1,4995760.18402376
93,5,4,1,1,2,1,1,2183082.369710284
250,4,2,1,2,1,1,1,4353027.845479185
134,6,4,1,1,1,2,1,3722734.9010578454
262,5,2,1,2,0,0,1,2226622.5523406556
48,5,1,1,1,0,0,1,448897.0426250275
92,2,2,1,1,0,0,2,1567492.1899903193
116,2,1,1,1,1,2,2,6556168.853012917
245,5,4,1,2,1,1,1,4181167.126473027
151,1,3,1,2,1,1,3,7442984.367493859
204,6,3,1,2,0,1,1,2861713.6220763363
66,5,3,1,1,1,1,2,2261319.8629111745
109,5,2,1,1,0,1,1,1516021.5661058072
257,2,3,1,2,1,1,1,4248703.357150207
228,6,2,1,2,2,1,1,5319435.162053764
163,3,4,1,2,2,1,1,3728130.772950916
58,4,1,1,1,1,1,1,1081321.040116777
296,2,3,1,2,0,0,1,2569676.0284617282
61,6,2,1,1,2,2,1,2339774.0603728713
79,6,4,1,1,1,0,1,999255.0393136834
77,1,4,1,1,2,0,2,2378365.3607024974
87,4,3,1,1,0,1,1,1227248.2166661422
222,2,4,1,2,1,1,1,3852679.470028715
114,2,4,1,1,0,1,1,1626659.934402188
248,3,4,2,2,0,1,2,7000708.727621866
222,1,2,1,2,2,1,1,5081800.658414847
146,1,4,1,1,2,1,1,3458390.588618322
227,6,4,2,2,2,0,2,6511521.170211114
125,6,4,1,1,1,0,2,2767630.678047878
176,2,4,1,2,1,1,2,5913840.326548732
134,3,4,1,1,1,2,1,3690734.8389396393
284,2,2,1,2,1,1,1,4791357.650549997
129,5,4,1,1,2,1,1,2876078.978686686
98,6,4,1,1,1,0,2,2215682.660129749
67,5,1,1,1,2,0,1,1041101.590073689
111,3,4,1,1,1,1,1,1896107.7285868477
63,2,4,1,1,0,1,2,1779202.9656531683
151,6,2,1,2,1,0,1,1757413.303100729
95,3,4,1,1,2,1,1,2217758.69846562
262,2,2,1,2,2,0,1,3719918.8897522124
159,2,3,1,2,0,0,3,4184603.740261755
218,5,4,1,2,1,1,1,3872822.67087794
228,4,1,1,2,2,2,1,8279791.1759159155
105,1,2,1,1,2,1,3,7677254.870797139
288,6,3,1,2,1,1,1,4941460.872880376
115,1,1,1,1,0,1,1,1601199.6698377144
176,3,2,1,2,1,1,1,2915059.76838103
203,1,3,1,2,1,1,1,3384425.096548092
272,5,1,2,2,0,1,3,10649014.766890703
294,4,4,1,2,0,1,1,3995258.591503838
209,6,1,1,2,1,1,1,3632793.904241036
213,2,1,1,2,1,1,1,3662397.0314629087
57,2,1,1,1,0,0,2,993545.7029102572
109,5,2,1,1,0,1,1,1504602.3921499457
155,6,4,1,2,0,2,2,6814453.831443698
119,1,4,1,1,1,0,1,1388138.4405177177
54,2,2,1,1,2,1,2,2532476.5686956593
215,1,1,1,2,1,1,1,3482351.511915169
158,5,4,1,2,2,1,2,7441789.749754505
227,2,1,1,2,0,0,1,2057699.8097964404
96,3,4,1,1,0,0,1,936798.7684356838
238,4,2,2,2,2,2,2,17480592.54137649
56,1,3,1,1,1,0,1,668318.5273089209
94,6,1,1,1,1,0,1,1110745.7300492185
126,1,4,1,1,1,1,1,2223794.042223623
68,1,4,1,1,1,1,1,1213140.5540398688
61,1,4,1,1,2,0,1,1031228.2311333839
87,5,2,1,1,1,1,1,1564391.7957604576
44,5,2,1,1,0,0,1,418441.382274221
289,6,3,2,2,1,1,2,9830145.54561722
202,5,2,1,2,2,1,1,4681639.145862132
241,6,1,2,2,0,1,2,6109719.864289563
140,6,2,1,1,1,0,2,3082313.562302057
110,5,4,1,1,1,0,3,3529526.332618579
202,2,1,1,2,2,0,1,3127881.4221340576
212,5,2,1,2,2,0,1,3127441.0749241835
180,2,1,1,2,1,1,1,2945288.8389277654
177,3,1,1,2,1,0,1,1984224.633751693
105,5,2,1,1,2,1,1,2411428.280345003
237,3,1,1,2,1,0,1,2505974.5521074566
267,5,4,1,2,2,1,1,6344805.560159902
211,3,4,1,2,1,0,1,2362765.7727569253
79,4,2,1,1,2,1,1,1964016.622694715
46,3,2,1,1,1,1,1,831876.2760180234
213,2,4,1,2,0,2,1,4827117.186601977
190,1,2,1,2,0,1,1,2631017.699523315
250,6,4,2,2,2,2,2,17939571.603316378
125,3,1,1,1,0,1,1,1791988.8065504665
292,1,2,1,2,0,0,1,2585169.750749879
60,4,3,1,1,2,2,1,2250400.8673080076
296,4,4,2,2,0,1,2,8058509.606776233
72,2,4,1,1,1,1,1,1374364.1575155775
299,2,1,2,2,2,2,3,33422386.994166087
273,3,3,2,2,2,0,2,7754108.776835534
42,5,3,1,1,0,0,1,432730.4601741417
266,4,3,1,2,0,2,1,5789513.954584434
109,1,4,1,1,0,0,1,1011216.9559592303
293,5,4,2,2,2,0,2,8874131.339890907
183,4,3,2,2,1,0,2,3904359.0072395946
63,3,2,1,1,1,1,1,1106336.3831303958
273,4,3,1,2,2,1,1,6307527.561201876
214,2,1,1,2,2,1,1,4735309.063215897
198,1,3,2,2,1,1,2,6968215.953882571
57,1,3,1,1,1,1,2,1949492.2636600689
83,2,3,1,1,2,1,1,2030638.4789666317
194,5,2,1,2,2,0,1,2906190.2985841525
270,2,3,1,2,0,1,1,3879375.2298340015
264,1,3,1,2,1,2,1,7128480.939791468
256,3,4,1,2,0,1,1,3538580.0112297884
95,5,3,1,1,1,0,1,1124570.0234220992
70,6,1,1,1,2,1,2,3108671.8841276756
98,4,4,1,1,2,0,3,4192664.8228621287
274,6,2,1,2,2,1,1,6002080.321634395
146,3,4,1,1,2,0,1,2233113.9624648853
230,6,2,1,2,0,0,1,2038652.1717378984
57,5,2,1,1,1,1,3,2926093.6864009774
265,1,1,1,2,1,1,1,4475050.620179081
206,1,3,1,2,2,1,1,4588017.601699369
110,3,1,1,1,0,0,1,940810.5773745562
93,6,4,1,1,1,1,1,1698753.693727075
284,5,2,1,2,1,2,1,7907387.656440796
115,4,4,1,1,1,1,1,2102302.019101109
74,6,2,1,1,1,1,1,1320700.2793399708
160,6,4,1,2,0,1,1,2199991.5400754865
64,4,2,1,1,2,1,1,1535435.18668146
199,2,1,1,2,0,1,1,2659670.7516188347
123,3,2,1,1,2,1,2,5738550.149859111
153,5,3,1,2,2,1,1,3589433.5832534474
262,3,1,2,2,0,1,2,7300512.366594105
205,4,3,2,2,1,1,2,6999213.369843207
230,5,4,2,2,1,1,2,7770782.141166106
214,1,4,2,2,0,1,3,8965703.884855468
40,1,2,1,1,1,2,2,2204921.0446226774
268,5,2,1,2,1,0,1,2863983.93957964
125,3,4,1,1,1,0,2,2778572.3893414354
101,3,1,1,1,1,0,2,2285674.3341316143
245,1,3,2,2,1,1,2,8463211.331927449
144,1,4,1,1,2,0,2,4282499.3381933225
289,4,1,1,2,1,1,1,4933890.373794227
52,5,3,1,1,0,0,1,525288.0738136031
202,3,2,1,2,1,0,1,2243648.5964046526
82,4,1,1,1,2,1,1,1841537.3985020462
150,3,1,1,1,2,1,1,3305010.5839679204
244,1,4,1,2,0,1,1,3366319.914996435
295,5,3,1,2,1,1,1,5112796.912366234
183,2,4,1,2,0,0,1,1645481.0485452325
185,5,2,2,2,2,1,3,12530500.055560535
203,6,2,1,2,2,1,1,4682231.855566442
208,2,3,2,2,1,0,2,4481346.405603588
272,4,3,1,2,0,1,1,3723272.6847700845
99,2,3,1,1,2,1,1,2249543.6883474905
274,2,4,1,2,2,1,1,6485150.093410766
204,4,3,1,2,1,1,1,3489666.6915362626
233,5,3,1,2,1,1,1,3863715.378635816
273,4,4,1,2,1,2,1,7502757.57433562
222,6,2,2,2,1,0,2,4754533.210029937
271,1,2,1,2,1,1,1,4547351.522839226
146,1,1,1,1,2,1,1,3515818.515980789
262,2,2,1,2,2,2,1,9292906.020877447
119,4,3,1,1,1,2,3,9549740.790311873
273,4,2,1,2,1,1,1,4460249.370644261
223,4,4,1,2,1,1,1,3821385.9299554056
224,6,2,2,2,1,0,3,7644640.055274043
173,6,2,1,2,1,0,1,1978137.6240973764
259,5,1,1,2,0,1,1,3446379.2761575026
241,3,1,1,2,1,1,1,4203250.376113158
185,3,3,1,2,2,1,1,4229736.375285612
166,3,4,1,2,1,1,1,2873968.4620788135
174,5,3,1,2,1,1,1,3098650.405630563
153,4,4,1,2,2,1,1,3414866.435597483
103,3,4,1,1,2,1,1,2327607.333437127
174,4,1,1,2,2,2,1,5827595.590729217
80,2,2,1,1,1,2,1,2206350.676811462
42,3,2,1,1,1,2,1,1215551.4066248422
233,2,1,2,2,0,0,2,4166153.363289556
149,5,3,1,1,0,1,1,2055639.6763947252
260,1,2,1,2,1,1,1,4192464.9704826223
43,6,3,1,1,0,1,2,1252103.396031993
283,5,2,1,2,0,1,1,3895785.1239585276
205,5,3,1,2,2,0,1,3057280.024791031
65,5,4,1,1,2,2,1,2545913.8280823217
56,3,4,1,1,2,1,1,1440155.8308178154
255,2,2,2,2,2,1,2,10901625.4107059
131,6,3,1,1,0,1,1,1856177.8638082545
70,3,3,1,1,1,1,1,1236370.3875389518
244,1,4,1,2,1,1,1,4018875.0522834044
246,6,3,1,2,1,1,1,4041385.832930764
146,5,1,1,1,1,1,1,2545427.201374131
185,4,3,2,2,2,2,2,12788285.484996261
140,1,4,1,1,1,1,1,2406056.508059094
280,2,1,2,2,0,1,2,7580277.361234471
286,1,1,2,2,2,1,2,13633655.425762225
202,3,3,1,2,1,0,1,2340586.0039583202
212,4,4,1,2,1,1,1,3652538.0674925307
74,3,4,1,1,2,2,1,2853174.075560921
60,6,4,1,1,1,1,1,1119098.1970569687
202,5,1,1,2,1,1,1,3455626.5302995876
136,5,4,1,1,0,1,1,1970454.6958129606
94,1,1,1,1,2,1,2,3979842.160643165
166,5,1,1,2,2,1,1,3981316.2443724484
232,5,2,1,2,0,0,1,2068305.9840677232
282,6,3,1,2,1,1,1,4824442.829379801
127,2,4,1,1,1,0,2,2750499.866506188
254,2,1,1,2,2,1,1,5662897.8596290285
131,3,3,1,1,1,1,1,2297814.6165646873
274,3,1,1,2,2,1,1,6254711.099693218
223,2,3,1,2,0,2,1,4942083.49832446
77,1,1,1,1,0,1,2,2003372.4381606695
178,2,4,1,2,1,2,1,4919176.9570961865
234,3,2,1,2,2,1,1,5387628.790011406
54,4,2,1,1,1,2,2,2897630.2919298876
296,5,2,1,2,2,2,1,11250599.829889975
174,6,1,1,2,1,2,1,4654349.125599592
40,4,3,1,1,1,1,1,759445.5291258756
88,4,4,1,1,2,2,2,6275026.595133143
135,5,4,1,1,1,1,2,4609730.262192224
240,2,1,2,2,1,0,2,5230593.887794872
65,1,2,1,1,1,1,1,1120284.6477045715
274,4,1,1,2,1,0,1,3062464.460501299
283,1,3,2,2,1,1,2,9474169.71577179
90,6,2,1,1,1,1,1,1560479.217375149
120,6,1,1,1,1,1,2,4118253.3409859333
75,6,3,1,1,2,2,2,5764078.4249234535
106,3,2,1,1,1,0,2,2307317.892756215
168,4,4,1,2,1,1,1,2827491.753803783
194,6,3,2,2,2,1,2,9136203.265983962
284,3,4,1,2,2,1,1,6456725.363303782
150,6,3,1,1,2,0,1,2313506.5860937224
207,2,2,1,2,2,2,1,7906107.25767303
181,4,1,2,2,1,1,3,8963115.452753315
236,3,1,1,2,2,1,1,5604785.006128346
148,6,1,1,1,0,0,1,1355704.5356893819
118,3,1,1,1,1,0,2,2586248.38995238
200,6,3,1,2,1,1,1,3354454.0212609097
58,2,1,1,1,0,1,1,808034.4699499755
166,1,1,1,2,1,1,1,2892767.8590450133
244,6,3,1,2,2,1,1,5490748.868661804
68,1,3,1,1,0,1,2,1917298.4107402253
246,4,2,1,2,2,0,1,3659416.7683423287
190,2,3,1,2,1,1,1,3357878.0428958545
279,4,4,1,2,1,1,1,4864209.077695505
221,1,2,2,2,1,1,2,7328805.66230466
144,2,2,1,1,1,2,1,3994211.5530984225
275,5,1,1,2,0,1,1,3665915.320675648
212,2,1,1,2,1,1,1,3704015.8438746473
197,2,4,2,2,2,0,2,6109127.137454738
211,5,1,2,2,0,1,3,8643349.058610007
196,3,3,2,2,1,1,2,6505357.8918861905
297,3,3,1,2,0,1,1,3952784.4421548345
203,3,1,1,2,1,1,1,3557032.153764182
186,1,1,1,2,1,1,1,3231580.3039349625
193,2,3,2,2,2,2,2,14659947.39484618
77,6,2,1,1,1,0,2,1693965.1696231435
170,5,4,1,2,1,0,2,3664100.733396699
294,6,4,2,2,2,0,2,8868585.91263391
247,1,2,1,2,0,0,1,2324135.545502937
134,5,4,1,1,2,0,1,2127858.4356063167
210,6,1,2,2,1,1,3,9962403.681072019
289,1,1,2,2,2,2,2,21066462.43044593
229,1,1,1,2,2,1,1,5163636.524443484
238,1,4,2,2,1,1,2,7834606.534468491
260,5,2,1,2,1,1,1,4428247.306736075
63,6,1,1,1,1,1,1,1136317.9796712373
283,6,2,1,2,1,0,1,3097358.727981316
167,4,3,1,2,0,1,2,4396254.233943746
132,1,3,1,1,2,1,2,6058058.256916867
172,3,3,1,2,1,1,1,2999153.704716254
94,2,4,1,1,2,1,2,4464292.663404908
197,4,4,1,2,1,0,1,2257466.520509522
68,4,1,1,1,1,1,3,3589861.7576774145
250,5,3,1,2,1,1,1,4154878.751083361
193,4,2,2,2,0,1,2,5381097.00925861
261,6,4,1,2,1,1,1,4524182.102032238
154,5,2,1,2,1,1,1,2534830.9125101506
197,5,2,1,2,1,1,1,3451998.6301064864
298,3,1,1,2,2,0,1,4533078.964119084
290,1,1,2,2,1,0,3,9553734.098405872
161,4,2,1,2,0,1,2,4261926.3948346
88,1,2,1,1,1,0,1,947608.7649268977
116,1,2,1,1,2,1,1,2709555.3205677187
166,1,2,1,2,1,1,1,2845458.384435499
236,5,3,2,2,2,1,2,10941997.089184964
260,1,2,1,2,1,0,1,2996824.831300734
130,4,4,1,1,2,0,1,2123083.263809543
47,5,1,1,1,1,1,2,1690571.9837248328
71,4,4,1,1,1,2,2,4016830.4094897816
230,5,1,1,2,1,1,1,3804706.880375162
202,2,1,2,2,0,0,2,3530268.344013138
100,2,1,1,1,1,1,1,1752099.593190599
134,2,4,1,1,0,1,1,1879565.4381508841
80,2,1,1,1,1,1,1,1374572.535000018
188,5,2,2,2,1,0,2,4133053.075072983
243,1,2,1,2,1,2,1,6449306.775436402
41,3,3,1,1,1,0,1,536359.0410868197
217,6,3,1,2,2,1,1,4934387.737814847
233,3,3,2,2,2,1,2,11220014.10776318
235,2,2,1,2,1,0,1,2531151.8230750104
288,1,4,2,2,1,1,3,14739777.720584273
251,4,3,1,2,0,2,1,5719491.660089479
192,1,2,1,2,1,1,1,3220230.197612465
197,4,1,1,2,1,0,1,2181724.6015511407
178,3,4,1,2,2,1,2,7814136.812745212
260,1,4,2,2,1,1,2,8491350.438324694
193,1,2,2,2,0,0,2,3493714.521913668
288,6,2,1,2,1,1,1,4658578.12613568
41,3,1,1,1,2,1,3,2940656.6915037725
127,1,1,1,1,0,1,1,1676460.5528156082
169,4,1,1,2,1,0,1,1740583.2123286119
117,1,4,1,1,0,1,1,1672185.2705028427
299,4,4,1,2,0,1,1,4209682.111136431
280,2,3,1,2,1,1,1,4612529.9509217935
180,1,3,1,2,2,1,1,4233613.727252615
267,4,3,2,2,1,1,2,9122175.424675891
202,3,4,1,2,0,1,1,2893291.6302051297
275,2,1,2,2,1,2,2,14543689.200342396
167,1,3,1,2,2,1,1,3732943.000823419
239,6,1,2,2,0,0,3,6102982.05672361
70,4,1,1,1,0,0,1,652042.7816629349
177,6,1,1,2,2,1,1,4141860.1730207875
60,1,3,1,1,2,1,1,1540140.4800851357
273,4,3,2,2,1,2,2,14613614.865305895
241,1,1,1,2,1,1,1,3800260.9102805387
170,2,3,1,2,1,0,1,1886732.9221901218
187,2,2,1,2,0,0,1,1676596.3535852246
68,1,3,1,1,1,1,2,2589226.536673722
201,1,1,2,2,1,1,2,6486886.827133861
100,5,1,1,1,1,0,1,1155550.4951436005
164,1,4,1,2,0,1,1,2254792.7951768213
110,1,4,1,1,0,2,1,2302562.5108280075
282,6,1,1,2,1,1,1,4913484.629917731
288,6,2,1,2,0,2,1,6513446.958745803
260,2,4,1,2,1,0,1,2763312.19587906
60,6,1,1,1,0,2,1,1346425.5564964903
121,1,4,1,1,1,1,2,4033373.6642552493
49,3,4,1,1,2,2,1,1932502.2176858406
51,1,1,1,1,1,1,1,890962.6741386316
184,5,3,1,2,0,1,1,2579347.8158492832
231,4,2,2,2,0,2,2,9942783.377313806
289,2,3,1,2,0,1,1,3720191.009409715
153,6,1,1,2,1,1,1,2690674.5486597023
65,3,1,1,1,2,1,3,4434138.398842562
72,4,2,1,1,1,2,1,2045603.5726559036
101,3,1,1,1,1,2,1,2654042.712096058
268,2,4,1,2,1,2,1,7414663.976629501
134,6,2,1,1,1,1,1,2334478.4019517037
74,5,3,1,1,1,2,2,4015495.6631658752
232,2,2,1,2,1,1,1,3954101.2671283036
115,3,3,1,1,1,0,2,2556239.6713833367
288,3,1,1,2,0,1,1,3763544.0893705734
122,2,3,1,1,1,2,2,6749341.120794484
64,1,3,1,1,0,2,1,1389516.3463858836
96,2,3,1,1,1,1,1,1700333.383269716
71,6,2,1,1,1,1,1,1214813.312999054
51,6,4,1,1,2,1,1,1331494.0867270902
131,5,3,1,1,2,0,3,5921183.852678534
40,2,2,1,1,1,1,1,734100.530118369
175,4,2,1,2,0,1,1,2269509.1716844835
235,6,4,1,2,2,0,1,3510603.856490659
172,6,2,1,2,1,2,1,4762434.008453063
125,6,1,1,1,2,1,1,2925588.062437511
219,1,1,1,2,0,1,1,3006377.4755388126
43,4,1,1,1,2,1,2,2017146.5631707658
165,2,4,1,2,1,1,1,2942239.0417057094
214,1,2,1,2,1,0,1,2326650.9064012133
290,6,1,2,2,2,1,2,12971345.834833173
60,4,3,1,1,1,1,3,3205926.8726842166
144,4,2,1,1,2,0,1,2122016.0128245177
105,1,1,1,1,2,2,1,4069247.779486645
88,6,2,1,1,1,0,1,1002896.2487824629
55,1,1,1,1,1,1,1,962383.6823186985
184,3,3,1,2,1,1,1,3188720.4979709247
289,6,2,1,2,1,1,1,5079631.906155272
114,1,1,1,1,1,1,2,3761539.838628826
105,2,1,1,1,1,1,2,3486090.6799650523
164,6,3,1,2,0,0,1,1427759.9197031776
126,5,3,1,1,2,1,1,2955387.722831362
80,6,1,1,1,2,1,1,1839988.0588749254
225,3,1,1,2,0,1,1,3156152.9570006924
81,1,4,1,1,1,1,2,2919991.1311284346
132,5,4,1,1,1,0,2,2912245.44181385
224,3,2,1,2,0,1,1,3195115.9934479734
254,2,2,1,2,0,1,1,3459669.4925456713
56,6,4,1,1,1,1,2,1972978.7108814819
153,5,1,1,2,0,1,2,4346320.8951146295
87,1,3,1,1,2,1,2,4090243.468127293
136,1,2,1,1,1,0,1,1540276.2146095526
134,2,1,1,1,1,2,1,3888023.8991996804
113,3,3,1,1,1,1,3,5710859.714924248
107,5,3,1,1,0,0,1,980796.7013566262
285,2,1,1,2,1,1,1,4854459.387694823
116,3,1,1,1,1,1,1,2064611.8600150074
247,4,2,1,2,1,2,1,6427745.830694035
293,4,4,2,2,2,1,2,13775814.8739019
260,3,1,2,2,1,1,2,9085804.813578125
298,1,4,2,2,0,1,2,8090234.124748642
113,1,2,1,1,1,0,2,2523343.983390368
164,4,4,1,2,1,0,1,1914224.6644415737
227,1,4,1,2,1,1,1,3672019.8513782704
293,1,3,2,2,0,1,2,7918034.842447418
274,3,2,2,2,0,1,3,11040974.532777578
289,6,1,1,2,0,0,1,2244267.094324341
111,3,4,1,1,2,2,1,4212099.604112428
274,1,2,1,2,1,1,1,4660407.759526093
195,3,3,1,2,1,0,1,2214634.1425336106
154,5,3,1,2,2,1,1,3555804.065914048
267,4,4,1,2,2,1,1,6373916.108514413
284,6,4,1,2,2,2,1,10652165.154934743
53,5,1,1,1,1,0,1,589200.9206706168
55,5,2,1,1,1,1,2,1953676.690488037
81,1,1,1,1,1,1,1,1453778.0061927226
149,1,1,1,1,1,1,1,2567468.6373661165
58,5,3,1,1,1,1,1,968807.7424811175
105,5,2,1,1,2,1,1,2316587.933005827
206,2,1,2,2,0,0,2,3591845.6165643297
112,2,3,1,1,0,2,2,5038400.48591277
151,4,4,1,2,2,1,1,3442917.169274864
124,5,1,1,1,0,0,1,1140428.4836661553
178,3,4,1,2,1,1,3,9518157.307339938
78,6,2,1,1,0,2,2,3419996.27648463
144,2,1,1,1,1,0,1,1606320.9154948196
162,1,4,1,2,1,1,1,2842431.572502155
257,5,4,1,2,0,0,1,2337626.2716913368
100,3,2,1,1,1,0,1,1168608.3384963041
139,6,3,1,1,2,1,1,3331143.5277737314
243,3,3,1,2,0,2,1,5345611.33660049
297,3,1,1,2,2,1,1,6478568.055859274
44,1,4,1,1,0,0,1,459307.2746295622
236,2,3,2,2,1,0,2,5499281.260138666
219,3,1,2,2,1,1,2,7648307.503650257
172,6,4,1,2,1,1,1,3168163.755327562
292,2,1,2,2,1,1,3,15073145.733923912
132,4,2,1,1,1,1,1,2237142.766409263
189,1,1,1,2,1,1,1,3001240.4674244802
177,2,2,1,2,0,1,1,2408230.9378623217
247,2,4,2,2,0,1,3,10286436.145741314
164,3,4,1,2,0,1,2,4510301.469039984
273,6,4,1,2,1,0,1,3221999.5751055535
100,3,1,1,1,0,1,1,1421698.9401352014
173,6,4,1,2,2,0,1,2741275.596170729
152,1,4,1,2,1,2,1,4117458.0668548327
230,2,2,1,2,2,0,1,3440326.159311502
226,5,4,2,2,1,1,3,11286708.342149027
128,6,4,1,1,2,1,1,2948660.4193760087
226,6,4,1,2,2,0,1,3334492.321771185
171,3,3,1,2,1,0,3,5633985.58737022
162,3,4,1,2,2,0,1,2529083.470695847
87,4,1,1,1,1,1,1,1477022.7666927446
218,6,2,1,2,0,1,1,3045867.6585388635
219,1,4,2,2,1,1,2,7769047.711331352
138,2,1,1,1,1,0,1,1460574.7047913345
73,2,2,1,1,1,2,1,1977091.8183678568
109,2,2,1,1,1,1,1,1911077.569091619
210,6,1,2,2,0,1,2,5466552.817727336
98,3,1,1,1,1,2,1,2705288.6535976245
220,1,3,1,2,0,1,1,2877655.0100116576
58,2,3,1,1,1,1,1,1052565.3349772252
265,6,4,2,2,1,1,2,9288350.011588585
134,5,3,1,1,1,0,2,2988339.2720097415
120,4,1,1,1,1,1,2,3931880.4168987526
214,4,3,1,2,0,1,1,2874821.7326305252
261,2,2,1,2,2,2,1,9740911.363082388
142,3,1,1,1,1,0,2,3196854.8837832185
93,4,4,1,1,0,0,3,2664397.280573349
222,4,2,2,2,0,1,3,9207842.669515425
107,4,2,1,1,0,2,2,4596433.0650264975
67,4,2,1,1,0,1,1,959285.1687121444
158,2,1,1,2,2,1,1,3552481.2598420326
173,6,1,1,2,2,0,1,2530162.709709478
168,1,4,1,2,0,2,1,3442472.4135227543
47,1,3,1,1,0,2,1,1075573.1066081056
90,3,3,1,1,1,1,1,1570850.6600647
214,6,3,1,2,1,1,1,3662668.9461968406
222,5,3,1,2,0,0,1,2010252.8998466465
231,1,2,2,2,1,1,3,11890976.462472506
288,5,1,1,2,2,0,1,4557334.846299774
274,1,3,2,2,1,2,2,14391407.539300151
122,1,2,1,1,1,1,3,6187628.373463065
132,3,1,1,1,1,1,2,4580580.247614781
159,4,1,1,2,0,1,1,2214339.8838466653
110,3,1,1,1,1,1,2,3639359.073932111
56,1,2,1,1,2,1,1,1339368.311722518
292,6,3,1,2,2,2,1,11194736.392624289
161,4,1,1,2,0,2,2,6807145.383609806
49,6,2,1,1,1,1,1,907639.8768288494
249,6,1,1,2,0,2,1,5582907.39326564
257,6,4,1,2,1,1,1,4368714.217123066
280,4,4,1,2,1,1,1,4633369.173920195
239,6,2,2,2,1,1,2,8006480.097340892
255,4,3,1,2,1,0,1,2736839.8388730907
244,5,3,1,2,0,0,1,2187539.6123392144
255,1,1,1,2,2,1,1,5735202.344582643
119,2,3,1,1,1,1,1,2121344.8667213526
74,6,3,1,1,0,0,1,704805.5693293102
57,3,4,1,1,0,2,2,2345216.9979331177
204,5,2,1,2,2,2,1,7491562.9172401475
52,3,4,1,1,1,0,1,691543.2906376634
241,2,2,2,2,1,0,2,5505225.465924279
268,4,1,2,2,1,1,2,9434240.922880828
40,2,4,1,1,2,1,1,1042356.0259954749
256,3,2,2,2,0,1,2,7151000.887047539
73,2,3,1,1,2,1,1,1836865.3468592495
167,1,2,1,2,1,1,1,2803734.5256767087
251,2,3,2,2,1,0,2,5749672.229064115
119,6,1,1,1,1,2,1,3287148.0818259246
204,1,3,1,2,0,2,1,4442750.734283296
291,6,2,2,2,0,2,2,12949320.165470412
51,2,4,1,1,2,1,1,1309851.5888802903
251,1,2,2,2,2,1,2,11604143.967550183
151,1,4,1,2,1,1,1,2512318.2253627516
250,2,2,1,2,2,0,1,3883473.2495230124
278,5,2,2,2,0,1,2,7611606.582564071
97,4,1,1,1,1,1,1,1598727.7734967277
73,4,3,1,1,0,0,1,702444.5294900708
74,4,2,1,1,1,1,1,1340614.3078892864
266,1,4,1,2,0,2,1,5832345.219767865
64,4,3,1,1,1,1,1,1121697.9143456977
273,1,1,1,2,1,1,1,4500852.373989068
98,5,3,1,1,1,1,1,1672942.7869153668
290,2,2,1,2,1,1,1,5037526.069721986
125,2,4,1,1,1,1,1,2221382.8255278906
290,1,4,1,2,1,0,1,3348970.4842551313
219,1,3,1,2,1,1,1,3718993.207833691
246,5,4,1,2,1,0,1,2785030.1623847676
188,4,2,1,2,1,0,1,1954599.0549226955
110,5,4,1,1,0,1,1,1540516.8644380954
160,2,4,1,2,2,2,1,5886741.211506552
292,2,4,2,2,1,2,2,16202887.316677788
132,6,2,1,1,2,1,1,3073462.004335443
295,4,1,1,2,1,2,1,8739413.039132304
293,2,4,2,2,1,1,2,9099388.586581964
98,6,1,1,1,1,1,1,1682618.1291862773
108,1,3,1,1,0,0,1,992707.6628173445
125,2,3,1,1,1,0,1,1446016.1310326105
266,3,2,1,2,1,0,1,2820304.7472632937
120,4,2,1,1,1,2,2,6840982.365065082
153,6,2,1,2,1,1,1,2771000.949797047
223,4,2,1,2,1,1,1,3615823.0153669035
93,4,1,1,1,0,1,1,1400529.3355745503
236,3,2,1,2,1,1,1,4001476.350887653
219,5,1,1,2,2,1,1,4925762.737975462
261,1,4,2,2,2,0,2,7893467.527200565
283,4,4,1,2,1,0,1,3339605.2457131823
193,2,3,2,2,1,1,2,6407256.664241649
174,1,3,1,2,0,1,1,2444384.081286034
47,2,1,1,1,1,1,2,1605796.1978175105
167,1,2,1,2,2,1,1,4006795.445265233
95,1,3,1,1,1,0,2,2115773.6886828956
165,6,1,1,2,2,1,1,3738680.8795044445
198,2,3,1,2,2,1,1,4503322.04847893
98,2,2,1,1,1,0,1,1088598.8613492735
97,1,1,1,1,0,0,1,857328.2055155229
179,4,3,1,2,1,1,1,3235762.138624251
215,2,2,2,2,2,1,2,9542115.623715635
147,3,1,1,1,0,1,3,5843290.377595399
250,3,1,2,2,0,1,2,7118428.852268839
113,1,1,1,1,1,0,1,1254977.0211095584
206,5,4,2,2,0,2,2,9128873.406932415
272,1,1,1,2,1,0,1,3195300.192217303
221,1,3,1,2,1,0,1,2515242.3246606854
161,4,1,1,2,1,1,2,4996864.101282794
242,4,1,2,2,1,0,2,5339738.091426366
68,6,1,1,1,1,2,1,1763661.5936149587
241,5,1,1,2,1,1,1,4032737.6221747487
132,5,1,1,1,1,2,2,7137876.720248352
215,5,4,2,2,1,0,3,7050083.4866142655
250,5,2,1,2,0,0,1,2241404.4142759987
223,5,4,2,2,2,2,3,23298470.950626317
134,1,3,1,1,0,1,1,1887182.3850422155
176,1,2,1,2,2,0,2,5337972.481479778
276,6,3,1,2,1,0,1,3001833.812140466
174,3,1,1,2,0,1,1,2376022.7404422974
183,3,3,2,2,2,1,2,8468315.814491443
58,6,4,1,1,1,0,2,1337020.9124120995
270,6,4,1,2,2,0,1,4073768.235673704
173,2,1,1,2,1,1,2,5687249.102669757
153,1,1,1,2,0,0,2,2672989.3829938285
178,5,2,1,2,1,0,1,1924046.7825462378
164,2,4,1,2,0,1,1,2179758.976178942
243,4,4,1,2,1,2,1,6884198.206273942
100,1,2,1,1,2,0,1,1511303.4376451417
289,6,4,1,2,0,1,1,4009954.5760124084
52,3,2,1,1,2,1,1,1247230.5298009813
294,1,4,2,2,2,2,2,21819568.644857157
124,6,3,1,1,2,1,1,2873420.640671644
59,1,3,1,1,1,1,1,1023800.7883640489
89,1,2,1,1,2,1,2,4240614.395205179
203,1,2,2,2,1,1,2,6543393.0396573115
131,4,1,1,1,2,2,1,4677512.163216536
127,3,4,1,1,1,1,1,2363282.0430268277
108,1,3,1,1,1,0,2,2282659.924422052
76,6,1,1,1,1,0,1,882370.9212999471
292,4,4,1,2,2,0,1,4481755.313399116
291,2,3,1,2,0,1,1,4043620.868264258
179,1,4,1,2,0,1,1,2285797.732594618
207,4,2,1,2,1,0,1,2305240.825625014
93,5,3,1,1,2,1,1,2243367.1615673136
217,2,3,1,2,0,1,1,2903101.433627843
145,3,1,1,1,1,1,1,2513662.8852534117
176,1,4,1,2,0,0,3,4489005.926292643
229,1,2,1,2,1,1,1,3907803.702671558
167,4,2,1,2,1,1,1,2828022.9340097457
86,3,4,1,1,0,0,3,2404258.880173218
44,5,4,1,1,0,0,1,478723.9270800668
296,2,2,1,2,1,0,1,3288847.616807549
189,6,4,1,2,1,0,1,2221088.5496767987
282,3,1,1,2,1,1,1,4948448.216257484
247,1,4,1,2,1,1,1,4231819.781473296
154,4,1,1,2,2,1,2,6912002.867599613
234,5,1,1,2,1,1,1,4161460.676271537
209,4,4,2,2,1,1,2,7025505.356109646
121,2,3,1,1,1,0,1,1395632.294680481
193,3,3,2,2,2,0,2,5829035.35813687
180,4,1,1,2,2,2,2,12383532.10197052
185,6,4,1,2,0,1,1,2625758.382588628
161,6,1,1,2,1,1,1,2790458.861841299
291,4,4,1,2,1,0,1,3130593.602126929
128,1,4,1,1,0,1,1,1727323.7803320377
97,4,2,1,1,0,0,2,1590224.958991867
102,5,3,1,1,0,0,2,1820902.0430824603
111,3,3,1,1,2,1,1,2553962.167115221
48,2,2,1,1,1,2,1,1333129.8203305318
133,6,2,1,1,2,1,1,3034155.9276489434
191,4,2,1,2,1,1,1,3288046.4059468107
79,5,1,1,1,2,1,1,1788848.6597445454
101,6,1,1,1,2,0,2,2863825.8563294266
293,6,1,1,2,1,1,1,4805185.916296701
108,2,1,1,1,1,0,1,1231646.5149764745
284,6,1,2,2,1,1,2,9731019.202130921
209,5,3,1,2,2,1,1,4719694.20781396
217,6,3,1,2,0,0,1,1935883.9795603645
228,6,4,2,2,0,1,2,6153496.427444635
299,4,3,1,2,0,1,1,3907455.3740716493
111,4,2,1,1,1,1,1,1898952.6851725364
56,3,3,1,1,2,1,1,1365277.3377145785
96,1,2,1,1,2,0,1,1496687.3330737385
257,5,3,1,2,0,1,1,3514249.848540509
146,1,1,1,1,0,1,1,1986970.9480006627
212,1,3,1,2,0,2,1,4566673.916361413
258,6,4,2,2,0,0,2,4445801.142248047
286,2,1,1,2,0,1,1,4008443.104693442
257,2,1,1,2,1,1,1,4404391.223666416
70,6,4,1,1,0,0,1,679307.2675305951
86,5,3,1,1,1,1,1,1519641.532513543
173,1,3,1,2,0,1,1,2377986.011748473
147,3,4,1,1,2,1,1,3351145.091268314
111,1,1,1,1,1,2,1,2893345.9359153984
147,2,4,1,1,2,1,1,3677497.440154428
210,1,2,1,2,1,1,1,3735422.3222599234
155,4,2,1,2,1,1,1,2606825.9634328634
113,4,3,1,1,2,1,2,5181708.524371784
295,3,1,1,2,2,2,1,10678741.647243163
120,5,2,1,1,2,1,1,2792476.2708210535
167,1,4,1,2,2,2,1,6527829.758142813
274,4,3,1,2,1,1,1,4597288.250755645
80,5,3,1,1,1,0,2,1870434.4718162164
220,4,1,1,2,1,2,1,6099768.43338271
196,5,2,1,2,2,1,1,4510559.038420324
98,5,3,1,1,1,1,1,1740142.179911115
288,4,4,1,2,2,0,1,4263731.86644165
231,6,2,2,2,2,2,2,16285570.59865752
63,2,3,1,1,1,1,2,2179492.8188009197
119,5,3,1,1,2,2,1,4534290.890093848
173,6,2,1,2,2,0,1,2563481.2546722214
252,1,2,1,2,0,0,1,2282840.4879638106
205,6,1,2,2,2,0,2,5836927.886763054
110,4,4,1,1,1,1,2,3811401.7886295584
253,6,1,2,2,1,0,3,8470602.844731864
104,2,1,1,1,1,1,1,1768791.4558169406
260,4,4,1,2,2,1,1,6269350.4370246185
224,3,4,1,2,1,0,1,2459856.379367256
246,1,1,2,2,0,0,2,4271660.931838462
138,3,2,1,1,0,0,1,1245599.4009804078
281,6,4,1,2,1,1,1,4876578.271007149
197,5,1,2,2,2,1,2,9207630.292760123
137,6,2,1,1,1,1,1,2332582.9942348367
81,5,3,1,1,1,1,1,1395019.1780382781
178,3,2,1,2,1,2,1,4816085.0546555305
266,3,1,1,2,2,2,1,10151978.63050393
111,5,4,1,1,0,1,1,1578140.4674636866
282,2,2,1,2,0,1,1,3813189.0900190817
57,1,2,1,1,0,1,1,865622.5746599012
116,4,2,1,1,1,0,1,1370202.6506964662
84,3,4,1,1,1,1,2,2697985.951478488
179,1,4,1,2,2,2,2,13179509.179066958
216,4,2,1,2,2,2,1,8046061.896443151
261,6,2,1,2,1,1,1,4474120.267735614
131,4,1,1,1,0,1,1,1830798.030271122
61,3,4,1,1,0,1,2,1738680.3019397769
211,2,2,1,2,1,1,1,3647747.1677656327
131,2,4,1,1,1,0,2,3085334.35675358
231,1,4,2,2,0,1,2,6368732.45488001
116,6,4,1,1,1,1,2,3943358.2857837966
218,1,1,1,2,2,1,1,5185389.81977658
277,5,3,1,2,1,0,1,3055138.976297781
174,2,4,1,2,2,1,1,3872062.9623610005
58,1,4,1,1,0,2,1,1305320.4526562723
122,5,2,1,1,0,0,1,1110969.1688035543
267,6,4,1,2,2,0,1,4030078.369394505
151,4,3,1,2,1,1,1,2602299.0437649167
290,1,4,1,2,1,1,1,5142418.559020772
203,5,1,2,2,1,1,3,10791275.541997356
207,2,2,1,2,2,0,1,3125654.7065832205
260,4,3,1,2,1,1,1,4357612.281503023
230,1,1,1,2,2,1,1,5158606.317286082
209,2,3,1,2,0,1,1,2832586.6031771447
84,4,2,1,1,2,0,1,1304184.2686557996
53,3,4,1,1,2,1,3,3638445.5272235963
270,2,2,1,2,1,0,1,3069134.148398487
196,3,2,2,2,0,1,2,5257523.004668479
173,6,4,1,2,1,2,2,9684138.268860329
76,1,1,1,1,2,0,2,2284767.46110725
92,5,3,1,1,1,1,1,1619298.3703773937
57,1,1,1,1,1,1,1,956105.7675319057
77,2,4,1,1,0,1,1,1115696.2849626604
226,3,3,2,2,0,1,2,6178002.689077151
235,3,4,2,2,1,2,3,19868032.416273933
282,4,1,1,2,1,2,1,7688186.510773145
74,1,2,1,1,1,1,2,2635982.4615423647
254,1,3,2,2,1,0,2,5616066.610863731
258,2,4,1,2,0,1,1,3471167.310621956
129,3,3,1,1,2,2,1,5032960.1109741265
291,2,3,2,2,1,1,2,9536624.013818335
47,2,1,1,1,1,2,1,1327721.5784587446
295,6,2,2,2,1,0,2,6430530.714858251
247,3,3,2,2,1,1,2,8217751.708807425
170,2,1,1,2,1,1,1,2819199.462370346
263,3,3,2,2,2,0,2,7848087.946815835
236,2,2,1,2,0,1,1,3360881.8658357356
181,5,3,1,2,1,0,1,1898956.216581082
291,2,2,1,2,2,0,1,4188086.493301991
135,2,1,1,1,2,1,1,3059309.48396175
65,5,1,1,1,1,2,1,1683658.0493445774
150,1,2,1,1,1,1,2,4937016.969467783
162,3,2,1,2,1,1,1,2753837.426364891
225,4,1,1,2,1,1,1,3709267.269119357
207,5,2,2,2,2,1,3,14374783.054924788
90,1,2,1,1,1,0,1,1035276.4493645503
44,2,4,1,1,1,1,1,873563.1033425468
116,6,3,1,1,2,0,1,1875733.2168223958
199,1,1,1,2,0,2,1,4317941.508879786
247,5,1,1,2,0,1,1,3454988.24267159
296,6,4,1,2,1,1,1,5072408.890914039
244,2,2,2,2,2,1,2,10853761.265099585
294,1,2,2,2,1,1,2,10133920.310312562
50,4,2,1,1,1,1,2,1741895.8213604337
47,3,1,1,1,1,1,2,1623938.8854083063
71,3,4,1,1,0,0,1,724651.9960669015
67,5,3,1,1,1,1,1,1200069.0787746022
245,2,4,1,2,2,0,1,3819573.0133247226
267,2,1,1,2,0,0,1,2294022.8690826395
167,3,3,1,2,1,1,2,5648228.870661595
294,1,2,2,2,1,1,2,9455740.160935136
251,2,4,1,2,0,1,1,3274924.2806613166
278,4,4,1,2,1,1,1,4776279.474387727
246,4,1,1,2,0,1,1,3311030.7100183847
284,2,4,2,2,0,1,2,7990962.028071976
84,2,3,1,1,2,1,2,3909015.3847004
144,3,4,1,1,0,0,3,3610610.563886082
273,5,1,1,2,1,1,1,4769847.757992499
228,3,4,1,2,1,1,1,3892701.598703103
83,5,3,1,1,1,0,2,1905546.477747412
264,4,3,2,2,1,1,2,9210346.974775648
181,5,1,1,2,0,1,1,2329549.875748493
175,3,2,1,2,0,1,1,2406096.837046726
215,2,1,2,2,2,0,3,9889091.733998938
181,5,2,2,2,0,1,2,4834288.147144925
119,3,3,1,1,1,0,1,1364316.1053592614
121,4,4,1,1,1,1,1,2162737.2301620017
174,6,4,1,2,1,1,1,3040367.576091607
246,5,3,1,2,2,0,1,3602586.8000887427
216,4,1,2,2,0,0,2,3789810.563466737
282,4,4,1,2,1,2,1,7612991.201354492
94,1,1,1,1,1,1,1,1713822.818488144
180,6,4,1,2,1,0,1,2108782.8603681815
95,5,2,1,1,1,1,1,1674046.1050270519
54,3,4,1,1,0,1,2,1604590.1257278996
224,5,2,2,2,1,1,2,7220225.422442791
127,5,4,1,1,2,1,1,3072403.8530652146
136,6,4,1,1,2,1,1,2984955.209653776
183,4,4,1,2,0,1,1,2520333.9232759806
47,4,4,1,1,1,1,1,865386.9658235614
254,4,4,2,2,0,1,3,10315005.988013439
212,4,1,1,2,1,1,1,3577573.6241565244
262,6,2,2,2,2,1,2,12387966.227929203
79,3,2,1,1,1,1,2,2707362.337705783
221,2,4,1,2,2,1,1,5145166.976071187
226,1,1,1,2,1,0,1,2481917.5037330287
284,4,1,2,2,1,0,2,6196819.542109053
270,4,3,1,2,1,1,1,4431631.124309001
194,1,3,1,2,0,1,1,2655795.933626221
214,4,1,1,2,1,1,1,3635721.6982736867
154,2,3,1,2,0,1,1,2286269.536263015
57,5,2,1,1,0,1,1,851882.8977958751
51,1,1,1,1,0,0,1,501412.2195732705
231,3,3,1,2,0,1,1,3091552.7241708827
271,1,1,1,2,1,1,1,4485579.069349676
132,2,3,1,1,1,0,1,1565655.6111452442
257,6,1,2,2,0,1,2,7056341.116491062
68,3,4,1,1,2,1,1,1722124.6949430276
116,5,2,1,1,1,2,3,9146429.81009508
48,4,3,1,1,1,2,1,1396447.760191768
63,1,4,1,1,1,1,1,1176904.6621297847
54,3,1,1,1,0,1,1,793757.8090022436
203,1,4,1,2,2,1,1,4742832.325854578
52,5,2,1,1,2,1,2,2492378.5429397975
211,1,3,1,2,1,2,1,5621953.089724215
239,3,3,2,2,0,1,2,6495087.798903611
115,2,1,1,1,0,0,1,1052873.2375899157
203,6,2,2,2,1,0,2,4541193.894732944
100,3,4,1,1,0,0,2,1849648.7042692513
284,1,1,2,2,1,2,3,24095687.004588816
194,5,3,2,2,2,1,2,8457056.021322558
296,4,4,1,2,1,0,1,3420686.980146106
283,4,1,2,2,0,0,2,5291025.085230072
201,5,4,1,2,1,0,1,2194068.5174266775
107,1,4,1,1,1,1,1,1931928.5153338856
200,6,1,1,2,1,0,1,2157732.3181087454
298,5,4,1,2,0,1,1,4213260.500006384
134,1,4,1,1,1,1,2,4673525.447961217
285,3,2,1,2,2,0,1,4304181.513150903
260,6,2,2,2,1,1,2,8852832.574164074
162,2,3,1,2,1,0,1,1768854.6799122042
226,1,2,1,2,1,1,1,3774574.5183205586
99,4,1,1,1,2,1,1,2307874.655548993
164,4,4,1,2,0,1,1,2308679.372871399
90,6,3,1,1,2,0,1,1446938.7269424442
217,2,2,2,2,1,1,2,7248785.763952482
178,1,4,1,2,1,0,2,4118533.9300225084
209,2,1,2,2,1,1,2,6897177.810507983
78,3,4,1,1,1,1,1,1389024.263810351
108,2,1,1,1,0,1,1,1438541.7138050674
275,3,4,1,2,1,0,1,3230830.619340715
87,4,3,1,1,1,0,1,1047394.7615496512
96,3,3,1,1,1,0,2,2170543.490529188
138,1,2,1,1,0,1,1,1947181.984638136
54,6,2,1,1,1,1,1,965073.9198180429
218,6,4,2,2,1,1,2,7000551.199640087
101,1,4,1,1,2,1,1,2404032.5437521
158,1,2,1,2,1,1,2,5351882.088106045
76,1,2,1,1,1,1,3,3951930.6709843175
173,5,4,1,2,0,1,1,2395575.274256895
65,3,4,1,1,2,2,2,5061754.702634681
47,1,4,1,1,1,1,1,877562.4919556456
43,6,3,1,1,0,1,2,1240098.3344078353
60,2,1,1,1,1,1,3,2997719.0201547346
188,2,1,1,2,1,1,1,3256598.814295667
64,5,2,1,1,1,1,1,1177118.9728962842
182,3,3,2,2,1,0,2,3879336.6854281668
284,3,4,1,2,1,1,1,4926134.032208345
82,3,4,1,1,1,1,1,1480032.1195354497
224,6,2,2,2,1,1,2,7807357.460807975
81,6,2,1,1,2,0,1,1280548.6914058013
131,5,3,1,1,0,1,1,1869377.1566715862
92,3,1,1,1,2,2,1,3452531.7877235576
123,3,1,1,1,0,0,1,1143818.8805674433
73,1,4,1,1,2,0,1,1243000.827506992
115,3,2,1,1,2,1,1,2754839.6114437613
236,6,3,2,2,0,0,2,4072079.593339114
127,1,4,1,1,0,2,1,2740376.2822770085
274,1,1,1,2,2,2,1,10049591.66632272
271,3,1,1,2,1,1,1,4571127.242033621
46,2,3,1,1,2,2,1,1765848.716466765
77,4,4,1,1,1,1,2,2676959.8650810625
91,6,3,1,1,1,1,2,3164927.51529573
182,2,4,1,2,1,1,1,3273381.4587566834
260,3,1,1,2,2,0,1,3632259.5991513906
279,3,2,2,2,2,1,2,13199740.781336617
182,2,2,1,2,1,1,1,3123353.2332812874
88,3,1,1,1,1,1,1,1487878.7137217019
53,6,2,1,1,1,1,1,956908.0899018514
54,1,2,1,1,1,2,1,1483029.548042929
273,5,4,1,2,1,1,1,4419514.151399906
102,3,3,1,1,2,0,2,3066034.5394261056
235,3,4,1,2,1,1,1,4085537.7731697108
66,2,3,1,1,0,0,2,1184909.8947084586
132,1,3,1,1,1,1,1,2346064.619759554
144,2,2,1,1,2,1,1,3414115.23525334
91,6,3,1,1,1,1,1,1560316.638658613
220,2,3,1,2,0,0,1,1896219.3060810117
96,3,1,1,1,0,0,3,2509986.1181964325
159,1,3,1,2,2,1,2,7150998.203327524
82,6,1,1,1,2,1,1,1902486.7001890712
174,3,4,1,2,0,0,2,3125033.0875907047
299,6,2,1,2,2,1,1,6595331.612843544
236,3,3,2,2,0,1,2,6388022.673089696
172,3,1,1,2,0,0,1,1418737.3760763407
294,3,4,1,2,1,1,1,4953667.717302797
259,5,4,2,2,2,0,3,11387976.90788369
80,4,4,1,1,2,2,2,6198757.458433518
294,1,1,1,2,2,0,1,4259607.743405783
41,5,1,1,1,1,0,1,499573.8485055026
234,4,2,1,2,0,1,1,3276774.3267034083
281,6,3,1,2,0,0,1,2392950.730658705
188,4,4,1,2,0,2,1,4162764.9703547168
237,4,2,2,2,1,1,2,8206053.842693337
284,5,1,1,2,1,0,1,3035659.5461029285
147,1,2,1,1,1,1,1,2446111.544558609
251,2,4,1,2,2,0,1,3757109.9251629384
195,4,4,1,2,1,1,1,3392462.7813977837
65,2,2,1,1,1,1,1,1168923.4238783105
121,2,4,1,1,1,2,3,9825762.22820514
122,3,1,1,1,1,0,1,1350942.1264050095
170,2,4,1,2,1,1,1,2963043.5087916027
139,6,3,1,1,1,1,2,4726929.788106718
295,6,3,1,2,1,0,1,3222743.179619004
88,3,4,1,1,1,1,1,1545660.378161992
102,1,2,1,1,1,2,1,2924000.4254662986
144,1,4,1,1,0,0,1,1358351.5547499775
144,6,3,1,1,1,0,1,1581334.1145362847
54,3,1,1,1,1,1,1,956671.7711338088
214,1,3,1,2,2,1,1,4915114.724288799
298,4,4,1,2,2,1,1,7095198.797018617
250,1,4,1,2,2,0,1,3757394.563568983
298,3,2,1,2,1,1,1,4679599.418637304
141,6,4,1,1,0,1,1,1991363.4988017753
299,4,4,1,2,2,1,1,6372781.617814216
198,2,1,1,2,1,1,1,3345902.7033222797
84,2,1,1,1,0,0,1,759059.4102594673
290,2,1,1,2,0,2,1,6301838.574831541
204,6,2,1,2,1,0,1,2258597.4796062224
232,3,2,2,2,1,0,2,5247936.677707183
48,2,3,1,1,1,1,1,873223.2090783581
104,1,2,1,1,1,2,2,5679775.438742157
220,2,1,1,2,1,0,1,2215873.9239030895
69,5,2,1,1,1,1,2,2483599.6182258828
256,6,4,1,2,2,1,1,5754543.0249803
144,5,2,1,1,1,0,1,1525778.4008609895
223,2,4,2,2,2,1,3,15568750.8994507
187,2,3,1,2,2,1,1,4120739.6500361105
144,5,4,1,1,1,0,1,1669592.6510783709
86,6,1,1,1,0,1,2,2361783.565769171
126,6,3,1,1,1,0,3,4301098.292680243
168,2,3,1,2,1,1,1,2759180.5284652784
297,6,3,1,2,1,1,1,5028418.41912086
186,4,1,1,2,1,1,1,3166601.876569689
111,6,4,1,1,1,0,2,2491575.9480771846
179,5,3,1,2,0,0,1,1616941.3706605819
66,3,1,1,1,0,2,1,1450674.2954854148
68,5,3,1,1,2,1,1,1630032.0806281639
213,1,3,1,2,1,0,1,2361285.60260925
292,4,1,1,2,2,1,1,6652306.39612362
99,3,2,1,1,0,0,1,905060.8186998422
146,2,3,1,1,1,1,1,2433428.4358999263
259,1,2,1,2,2,0,1,3885984.0125420154
298,1,3,1,2,1,1,1,5156954.351304583
185,4,2,1,2,2,1,1,4208772.690120165
91,3,4,1,1,1,1,1,1577015.4966950298
99,1,2,1,1,0,1,1,1426773.5390737609
73,3,2,1,1,2,1,1,1777429.0032323604
135,3,2,1,1,1,2,2,7529570.73856315
128,6,2,1,1,1,0,1,1471282.1994413184
270,1,4,2,2,2,0,2,7916965.35935106
285,3,1,1,2,2,1,1,6392945.657290702
150,4,2,1,1,0,1,2,4210471.360699607
273,1,1,1,2,0,0,1,2322261.977008473
205,4,3,1,2,0,0,1,1864470.7795800767
167,4,1,1,2,0,1,1,2324190.3589549945
276,3,2,2,2,0,1,2,7447390.063019753
146,3,1,1,1,2,0,1,2257542.032336746
167,6,4,1,2,1,0,1,1922608.6239371393
234,6,4,1,2,1,1,1,4022458.4320738073
182,1,2,1,2,2,1,1,3956176.195289135
150,6,1,1,1,1,0,1,1594428.5092172283
129,2,3,1,1,1,1,2,4397135.474008932
290,1,4,1,2,2,1,1,6941833.4628966125
263,4,2,1,2,0,1,1,3675326.456378582
140,6,4,1,1,1,0,1,1576578.6225115166
171,6,2,1,2,2,0,1,2553215.003341571
52,6,1,1,1,1,1,1,901192.097716921
137,3,1,1,1,2,1,1,3249923.6573529784
159,4,1,1,2,1,0,1,1815251.932404964
238,6,1,1,2,2,0,1,3367022.1647386146
40,5,1,1,1,1,0,1,463994.30387340026
99,5,2,1,1,1,1,1,1666004.082399549
289,4,4,2,2,1,0,3,9445333.153016934
179,6,3,1,2,0,2,1,4194820.348314908
188,2,4,1,2,1,1,1,3061639.126197687
83,2,1,1,1,0,0,1,694351.014755291
225,1,4,1,2,1,1,1,3814224.7741743256
147,1,4,1,1,0,0,2,2533573.2288378705
83,6,2,1,1,1,2,1,2364546.5037222523
117,1,3,1,1,2,0,1,1830591.1580953314
265,3,3,1,2,2,1,1,6204335.335901639
201,2,1,1,2,0,0,1,1719260.815393165
292,4,2,2,2,0,1,2,7653327.776664391
171,6,2,1,2,1,1,1,2934488.627166567
183,6,2,1,2,2,1,1,4020161.752672757
148,5,2,1,1,1,1,2,5078633.645523863
233,2,2,1,2,2,2,1,8541836.76525778
74,2,3,1,1,0,0,2,1383298.6008552532
226,2,3,1,2,1,0,1,2598458.4427227685
282,1,4,1,2,0,0,1,2381533.760141672
49,3,3,1,1,0,2,2,2191990.2558914176
205,4,2,1,2,1,1,1,3595603.2746956437
68,1,4,1,1,0,2,1,1603821.538597968
126,3,3,1,1,1,1,1,2104600.606192022
62,2,4,1,1,0,2,1,1370298.3510985633
249,3,3,1,2,1,2,1,6674982.706631061
85,1,1,1,1,2,1,3,5912409.143426766
67,2,3,1,1,2,1,2,3157285.9543234897
65,1,4,1,1,1,1,1,1204527.6783640452
214,4,1,2,2,1,1,2,7286346.649360952
43,2,2,1,1,1,0,1,531712.2463186929
106,3,4,1,1,1,1,1,1889302.889522499
174,1,2,1,2,1,1,1,2921273.6135086734
94,5,2,1,1,2,1,1,2333131.351459585
70,3,4,1,1,0,0,1,695015.9769367737
113,3,2,1,1,1,1,1,1933102.921236118
58,2,4,1,1,0,1,2,1609458.32513619
195,6,4,1,2,1,0,1,2325959.978118987
195,3,3,1,2,1,2,1,5529689.948538041
186,1,1,2,2,2,1,2,8264896.541243737
126,5,2,1,1,1,0,2,2665338.9129120563
59,4,2,1,1,1,1,1,1055464.2873295264
82,5,1,1,1,1,2,3,6480941.680717318
67,1,1,1,1,1,0,1,742333.6427900434
299,2,1,1,2,1,1,1,4775888.004602794
61,1,1,1,1,1,0,1,751918.6437495683
140,6,1,1,1,0,1,2,3893864.848612219
78,6,3,1,1,1,1,1,1358628.3891847953
209,6,4,1,2,0,1,1,2942887.577204875
169,3,1,1,2,1,1,1,2913812.40412761
195,2,3,1,2,0,0,1,1863240.2242482346
113,6,1,1,1,2,1,3,7803549.520607174
129,4,1,1,1,0,1,1,1679081.7389690808
106,4,2,1,1,2,1,1,2547218.197329217
275,1,2,1,2,0,1,1,3568275.2033556835
239,6,2,2,2,0,0,2,4168651.627533041
266,3,2,1,2,1,1,1,4289479.835733233
272,4,4,1,2,1,1,1,4737175.552277715
125,5,4,1,1,2,1,3,8957004.031944536
141,2,2,1,1,1,1,1,2426684.7993826903
253,5,2,1,2,0,2,1,5246290.059945681
147,4,1,1,1,1,0,1,1653523.381324206
204,4,1,2,2,2,2,2,14961505.041450454
130,1,2,1,1,0,2,2,5770582.587713834
231,1,2,2,2,1,2,2,12150544.953842666
125,6,2,1,1,2,1,2,5700000.600594027
261,2,1,1,2,1,1,1,4303670.679035285
140,6,2,1,1,1,1,3,7038048.03517543
265,1,2,1,2,2,1,1,5991181.357646805
99,3,4,1,1,1,2,1,2831578.1661097887
289,2,4,1,2,0,0,1,2628842.0378772537
87,3,1,1,1,2,0,2,2656220.7620748025
156,6,4,1,2,2,1,1,3583959.6704266705
266,1,1,1,2,1,2,1,7150877.323904074
72,2,3,1,1,1,1,2,2482370.150356445
83,6,2,1,1,1,0,1,968723.1126374854
204,4,1,1,2,1,0,1,2292738.4172921223
264,6,4,1,2,1,0,1,2899574.1705239043
243,5,3,1,2,1,1,1,3971525.3276132527
211,4,4,1,2,0,0,1,1802337.1250537066
51,3,1,1,1,1,0,1,617255.4346339277
160,4,3,1,2,1,0,1,1807844.063211714
283,6,4,1,2,1,1,1,4759390.493803049
191,4,3,1,2,0,1,1,2652845.105767186
191,5,2,1,2,0,2,1,4108399.109828728
227,6,2,1,2,0,1,1,3094552.36940396
52,5,3,1,1,1,0,1,647259.1802691013
130,4,4,1,1,1,1,1,2287655.1174942045
239,5,4,1,2,1,1,1,4166494.6196219074
113,4,4,1,1,1,1,1,2075919.3397102635
295,2,2,2,2,1,2,2,16274307.55919728
110,4,1,1,1,0,0,1,985559.8706583095
117,1,1,1,1,0,1,1,1701028.7959454528
169,5,3,1,2,2,0,1,2543259.778422658
82,5,4,1,1,1,1,1,1445101.0919625731
47,3,3,1,1,1,1,1,927111.5745403097
52,3,1,1,1,0,1,2,1371471.2452040168
252,1,1,2,2,1,1,2,8109259.350065452
150,5,4,1,1,2,1,1,3568725.415358622
62,5,3,1,1,1,0,1,736144.9520350449
293,3,4,1,2,2,1,1,6618585.965144235
54,3,1,1,1,1,0,2,1278143.213096698
169,4,1,1,2,1,1,1,2858932.3935298338
100,6,4,1,1,1,1,1,1703510.5551442425
154,5,3,1,2,1,2,1,4147348.9391933545
106,5,2,1,1,0,1,2,2766459.404018038
288,4,4,2,2,0,1,2,8036418.102508929
214,5,1,1,2,1,1,1,3678225.49678014
41,1,2,1,1,1,1,1,764764.6608023397
211,3,4,1,2,2,0,1,3203627.1876637996
93,3,2,1,1,0,1,1,1320325.2304352273
106,6,4,1,1,2,1,2,4905196.14606149
141,3,1,1,1,1,1,2,4790248.579041805
159,2,4,1,2,0,1,1,2113047.6295543453
230,1,2,2,2,0,0,2,4085262.374013311
86,1,3,1,1,2,2,1,3206668.4268100425
261,4,1,2,2,2,1,2,11644307.816801114
60,2,1,1,1,0,0,1,544769.9796144312
197,5,2,2,2,1,0,2,4095704.804337378
198,6,4,2,2,1,1,2,6872001.872734455
274,1,4,1,2,1,2,1,7749036.009180023
189,2,4,1,2,0,1,1,2659984.690803002
296,2,1,1,2,1,1,1,4981271.718846873
204,1,1,2,2,1,1,2,7171135.853550201
116,4,2,1,1,0,1,1,1595401.5566698613
124,2,4,1,1,0,1,1,1772489.0883558122
85,3,4,1,1,0,1,1,1188490.1254588733
86,2,2,1,1,1,1,1,1520184.9898214624
252,5,1,1,2,1,2,1,6862565.906133474
98,1,1,1,1,1,1,2,3355427.2525937385
93,5,3,1,1,1,1,1,1618283.5490581486
51,4,3,1,1,1,1,3,2785989.333129556
231,6,4,1,2,1,1,1,3956356.753569765
45,3,1,1,1,2,2,3,5032452.13024461
183,1,4,1,2,1,0,1,2097349.3103731847
112,2,1,1,1,0,1,1,1535454.1217242219
213,3,3,1,2,2,1,1,4807566.711538039
271,2,2,1,2,1,1,1,4760596.619405438
261,4,1,1,2,2,0,1,3754675.5118050603
91,6,3,1,1,1,2,1,2549078.227159924
155,1,3,1,2,1,2,1,4214543.764919506
65,4,1,1,1,1,1,1,1135020.0399135102
92,4,4,1,1,0,0,2,1748117.766391395
68,6,1,1,1,2,2,1,2668432.513006748
58,4,3,1,1,1,1,1,1034838.3018239489
156,4,1,1,2,1,1,2,5138940.933678066
145,2,2,1,1,0,1,1,1984866.2640627106
266,5,4,1,2,1,0,1,2816430.5784305045
225,2,1,1,2,1,1,1,3874242.949149375
55,6,3,1,1,2,2,2,4110301.3368191924
199,3,3,1,2,0,0,1,1840437.2125238355
289,6,4,2,2,2,1,2,13057730.730793405
263,6,1,1,2,0,2,1,5872144.9005076755
295,6,3,2,2,0,2,2,12454873.443410506
219,6,4,1,2,1,2,1,5853634.211966901
59,4,2,1,1,2,2,2,4696438.804532991
151,6,4,1,2,0,0,1,1421057.9071452224
159,3,1,1,2,1,0,1,1761814.2724406219
233,6,1,2,2,1,0,2,5346619.982597729
150,2,3,1,1,0,0,1,1368672.0876596002
249,4,2,1,2,2,0,1,3656603.368516346
40,2,1,1,1,0,1,2,1119039.648744554
97,4,3,1,1,1,2,2,5353832.925843856
132,2,4,1,1,1,1,1,2312514.0693910243
260,1,4,1,2,1,1,1,4487370.6807724675
250,5,1,1,2,1,1,1,4217821.484987318
271,5,2,1,2,0,0,1,2466793.0467814407
142,4,3,1,1,1,2,3,11662251.591342162
89,1,1,1,1,1,1,1,1545124.8958196382
149,3,3,1,1,0,0,1,1400543.9170110484
127,1,4,1,1,1,0,1,1447411.3797415837
59,4,3,1,1,2,1,1,1442803.7228204156
53,1,4,1,1,1,1,1,972371.6935453375
172,3,2,1,2,0,1,2,4575608.766879408
73,4,2,1,1,2,1,1,1671729.2818823918
247,5,4,1,2,1,0,1,2832910.517168384
238,6,1,2,2,0,1,3,9318596.190795565
119,1,4,1,1,1,1,2,4109676.6534187435
110,5,3,1,1,0,1,1,1520373.1242605892
194,5,3,1,2,1,0,1,2244994.1510128984
117,2,3,1,1,0,2,1,2654280.572220247
117,3,1,1,1,1,2,1,3092656.5943954377
211,6,2,1,2,2,1,1,5278265.173047563
72,1,2,1,1,1,1,3,3711626.340489114
46,5,3,1,1,1,1,1,849519.8676375253
199,5,1,1,2,2,1,1,4667231.888577328
279,3,3,2,2,1,0,2,6071004.655054855
63,6,2,1,1,1,1,1,1111352.5977985293
253,6,4,1,2,1,1,1,4451620.231363713
109,5,3,1,1,0,1,1,1530579.6278045748
255,5,3,2,2,1,1,2,8372255.438917535
143,5,3,1,1,1,1,1,2385135.6828363906
254,5,2,2,2,0,1,2,6798926.524452546
93,2,1,1,1,0,0,1,856777.8136332696
242,2,4,1,2,1,2,1,6529489.1905704
84,6,4,1,1,2,1,2,3790369.503994191
237,4,4,2,2,1,2,2,12812332.828915484
255,1,3,1,2,1,1,1,4307430.195637437
223,3,2,1,2,0,1,1,3022451.535221258
66,4,4,1,1,2,0,1,1175600.3644141448
205,2,3,1,2,1,1,1,3342549.324644483
142,2,1,1,1,1,2,2,7610339.796649257
143,2,3,1,1,1,0,1,1594443.1203230957
284,4,4,1,2,2,1,1,6700998.83206074
208,2,4,2,2,1,0,2,4635447.295513964
155,4,1,1,2,0,1,1,2117371.951018428
180,2,2,1,2,1,1,1,2947455.64284029
164,5,1,1,2,1,2,1,4303910.782534947
64,5,1,1,1,0,2,2,2768811.5981972734
233,1,4,1,2,1,2,1,6655181.375423789
139,2,4,1,1,1,1,1,2252151.9886968634
44,1,2,1,1,0,1,2,1287679.7093391584
58,4,4,1,1,2,1,1,1498964.9930809129
209,1,1,2,2,1,1,2,7039850.068092344
293,2,1,1,2,1,0,1,3171645.9650305742
160,4,2,1,2,1,1,2,5493119.258387322
71,4,4,1,1,1,0,1,870845.2779196682
188,5,4,1,2,1,1,1,3098272.6880715108
76,4,1,1,1,1,0,2,1640886.0575057084
216,4,1,1,2,1,0,1,2455793.8702846905
52,1,4,1,1,1,0,1,659657.1121852199
222,6,3,2,2,1,1,2,7710335.121931217
184,4,1,1,2,0,1,1,2387584.29565124
127,3,1,1,1,0,1,1,1700870.834260465
85,6,1,1,1,1,1,1,1421307.6851674889
158,5,2,1,2,2,0,2,4819847.863647443
58,5,4,1,1,1,0,1,758379.2415874955
259,4,4,1,2,2,0,1,4088552.3070386276
272,1,4,2,2,1,0,2,6064629.891777123
133,6,1,1,1,1,2,2,7171940.108027006
290,5,4,2,2,0,0,2,5008495.480807999
289,5,4,1,2,1,0,1,3090652.7289887574
271,3,4,2,2,1,1,3,13625135.274995953
85,4,2,1,1,2,1,1,2040729.9946399361
85,6,2,1,1,1,1,3,4265414.236597862
53,5,1,1,1,1,0,2,1209068.8662460349
124,5,4,1,1,0,1,2,3337732.8796623335
42,5,1,1,1,1,2,1,1178718.1592524636
67,5,1,1,1,1,1,1,1176431.799680794
196,1,1,1,2,0,0,1,1761167.6218596527
214,2,1,1,2,2,1,1,4577691.146888645
153,3,1,1,2,1,0,1,1650043.4404341248
289,1,1,2,2,0,0,3,7565210.379845116
98,3,2,1,1,2,1,1,2292406.257223609
242,5,3,2,2,2,1,2,10915194.15729686
278,3,2,1,2,1,1,1,4530131.035726065
273,4,1,2,2,0,1,2,7342694.726967513
134,4,3,1,1,1,0,1,1482120.7502564567
180,2,3,1,2,1,1,2,6140120.840104337
152,2,4,1,2,1,1,1,2611271.1845471803
148,3,1,1,1,1,0,1,1689116.1348781965
136,1,1,1,1,1,2,1,3747404.0641865702
55,1,2,1,1,2,1,1,1339152.834792721
83,5,3,1,1,2,0,2,2509840.287987224
269,1,3,1,2,0,1,1,3537150.099377295
147,2,1,1,1,1,1,1,2556030.338543065
256,1,4,1,2,2,1,1,5929858.896041854
299,5,1,1,2,2,1,1,6704107.552688309
235,4,3,1,2,0,0,1,2123314.1066973917
134,1,4,1,1,1,1,1,2337012.450892538
95,1,4,1,1,1,1,2,3279139.1285981513
71,2,3,1,1,1,0,1,867700.3842757691
270,3,1,1,2,1,1,1,4695200.013371465
48,4,1,1,1,1,0,3,1560834.6493953287
230,3,1,1,2,1,0,1,2534538.3472846844
239,5,2,1,2,2,2,1,8791558.524341514
200,5,2,1,2,1,1,1,3537431.6721460717
126,3,4,1,1,2,0,1,1951928.7226960945
60,2,1,1,1,1,1,1,1036650.1846712201
115,6,2,1,1,2,1,1,2757693.19622286
180,2,4,1,2,1,1,2,6114484.338729932
165,6,3,1,2,2,2,1,6268473.289045266
290,6,3,1,2,1,0,1,3225909.248368774
123,2,1,1,1,2,0,1,1787182.1179003767
87,6,3,1,1,0,0,1,841942.9467652426
117,6,3,1,1,2,1,2,5698457.686543356
69,6,3,1,1,2,1,2,3337452.7435763236
175,4,4,1,2,1,1,1,3082473.74031229
179,5,3,1,2,1,0,2,3769637.164060922
80,6,3,1,1,0,2,2,3406388.042918863
89,5,4,1,1,1,0,1,1079494.2423042664
297,5,2,2,2,1,1,2,9666275.291499848
173,4,4,1,2,0,1,2,4576210.665204268
273,5,2,1,2,0,2,1,5704224.661496504
167,3,4,1,2,2,0,1,2633843.516288686
143,1,1,1,1,1,1,2,4850727.072374176
293,4,3,1,2,1,0,1,3179610.8813546468
134,1,2,1,1,2,0,1,2099140.255126206
256,3,4,1,2,1,0,1,2923533.1258890037
100,2,2,1,1,2,1,1,2440977.0052279667
280,2,2,2,2,2,0,2,8612851.532696135
52,6,3,1,1,0,1,1,765886.3081250727
186,2,2,1,2,1,1,1,3295133.1202742737
279,4,4,1,2,1,1,1,4764969.424747794
128,2,1,1,1,1,2,1,3644742.9853221374
134,4,1,1,1,1,2,1,3624072.017136153
64,4,3,1,1,2,1,1,1592005.00055308
205,1,4,1,2,1,2,1,5785481.536244522
289,2,4,1,2,2,1,1,6736316.140097073
126,5,1,1,1,2,0,1,1867532.054831646
181,2,4,2,2,0,0,3,4920825.553563531
173,2,2,1,2,0,0,2,2932123.024290176
165,2,3,1,2,0,2,1,3586923.481941733
180,6,1,1,2,0,0,1,1674316.025657601
142,5,3,1,1,1,1,1,2434523.796207148
265,5,2,2,2,2,1,2,12166201.149775047
102,4,1,1,1,1,2,1,2782657.7012100806
293,5,4,1,2,0,1,1,4117633.8968339767
219,4,4,1,2,1,1,1,3686626.4813875374
79,1,2,1,1,1,1,1,1436367.8005807241
228,4,1,1,2,2,1,1,5441056.506976324
47,2,3,1,1,1,0,2,1069635.8355805082
143,3,1,1,1,1,0,1,1623002.5287277387
264,3,4,1,2,1,1,1,4611676.220486458
73,6,1,1,1,1,1,1,1215835.2891761428
275,2,1,1,2,2,1,1,6090947.845744051
267,4,4,1,2,1,1,1,4704124.074720373
227,2,4,1,2,1,1,1,3867070.6460571922
61,6,3,1,1,1,1,1,1105530.3921340064
79,5,1,1,1,1,2,1,2221387.8695659474
212,4,4,1,2,1,1,1,3607626.628598626
218,2,2,1,2,2,0,1,3269186.8498863997
125,5,4,1,1,2,1,1,3003733.568907732
172,6,3,1,2,0,1,1,2430982.5840368546
52,5,3,1,1,1,0,1,626857.4080565755
67,4,2,1,1,1,0,1,802404.2187247288
123,6,3,1,1,0,0,1,1173543.6847160812
205,6,1,1,2,0,2,1,4223244.373660838
107,6,3,1,1,0,1,1,1497704.5892529264
265,1,2,1,2,1,0,1,2969123.8459845
209,6,3,1,2,1,1,1,3772911.4896419505
125,1,2,1,1,0,2,3,8451138.67266581
172,5,3,1,2,2,0,2,4894435.321152982
217,1,4,1,2,0,2,1,4515324.7726921085
291,5,2,1,2,0,0,1,2508080.229062167
54,1,3,1,1,0,0,1,550875.8629316647
262,5,1,2,2,2,1,2,11564686.451841446
240,5,2,1,2,1,2,1,6467598.098085071
146,6,2,1,1,0,0,1,1319589.7693094118
289,6,3,1,2,1,0,1,3020082.962192358
128,5,4,1,1,2,0,1,2018018.3049790289
164,6,4,1,2,2,1,2,7775569.729052936
152,5,3,1,2,0,0,1,1384327.521651658
176,6,3,1,2,1,1,1,3049499.721201706
286,3,1,2,2,2,2,2,21284334.113561947
205,1,3,2,2,0,0,2,3913053.383118968
189,5,2,2,2,0,2,2,8348369.340557223
107,2,3,1,1,2,1,1,2596612.7801141012
260,6,1,1,2,2,1,1,5822703.375134997
59,6,3,1,1,1,2,2,3296277.030541216
139,4,3,1,1,1,0,2,3104040.3008929975
291,2,2,1,2,2,0,1,4119118.861419315
116,2,4,1,1,1,1,1,2047904.7194520056
174,3,3,1,2,0,0,2,2972562.4187294263
212,1,1,2,2,2,1,2,9609492.451426324
240,3,3,1,2,0,1,1,3445340.1248290003
256,1,3,1,2,0,1,1,3399667.857768262
247,5,2,1,2,1,0,1,2855270.129117641
113,3,4,1,1,1,2,1,3194965.0475116214
50,4,4,1,1,2,1,2,2491960.381408148
295,1,4,2,2,1,0,2,6445861.517718895
51,3,3,1,1,2,2,1,2055614.273828061
117,4,2,1,1,2,1,1,2736957.4333889615
211,2,2,1,2,2,1,1,4848442.352715654
135,6,3,1,1,2,2,1,5152409.002320585
218,5,2,1,2,1,1,1,3559032.1177872713
103,5,4,1,1,1,0,1,1204402.597459149
171,2,2,1,2,1,0,2,3638845.3672635434
148,3,3,1,1,1,2,1,4085787.9284759676
207,6,3,1,2,2,1,1,4943630.922322771
219,2,1,1,2,1,2,1,6089287.154344134
97,4,1,1,1,2,1,1,2214588.8505940065
118,6,2,1,1,1,1,1,2073183.537220932
100,1,2,1,1,2,0,1,1590767.6711142533
160,3,3,1,2,1,0,1,1827617.186364389
246,6,1,1,2,1,1,1,4198446.703403294
73,1,1,1,1,1,2,1,2032946.5216345368
109,2,4,1,1,1,1,2,3717203.040487328
56,5,4,1,1,2,0,2,1747689.2829055367
59,6,3,1,1,0,1,1,856317.7667761558
108,6,3,1,1,0,2,1,2307058.663298842
254,1,3,1,2,1,2,1,6853775.819415036
200,1,3,2,2,0,1,2,5314227.576757429
141,5,1,1,1,2,1,1,3248282.2706544646
245,1,3,1,2,1,1,1,3987400.8555739583
184,1,3,2,2,1,1,3,9348143.264242563
96,6,1,1,1,0,0,1,883191.8001851566
122,5,4,1,1,2,0,1,1954713.0371735066
226,5,3,2,2,1,0,2,4778464.130591701
45,6,4,1,1,1,0,2,997046.3613765283
149,2,1,1,1,1,0,1,1742020.2957483612
177,2,4,1,2,1,1,1,3087108.072002324
90,6,1,1,1,0,1,1,1286649.1692678472
90,1,3,1,1,2,0,1,1449911.2774871849
126,3,4,1,1,1,1,2,4338846.771668209
107,2,3,1,1,1,0,1,1257293.9882408436
123,2,2,1,1,1,2,1,3284075.3614330925
81,6,2,1,1,1,1,1,1403771.2755384
258,6,4,1,2,2,0,1,3925308.55209883
96,3,1,1,1,1,0,1,1096642.5153590697
265,3,4,1,2,0,0,1,2373406.653153507
235,5,1,2,2,0,1,2,6480330.202230862
287,6,2,1,2,2,0,1,4266438.867418999
205,2,1,1,2,1,2,1,5539845.190785313
101,4,2,1,1,1,0,1,1154394.7894281915
151,4,4,1,2,1,0,1,1720435.7849563789
292,1,3,2,2,1,0,2,6156812.714159719
238,2,3,1,2,2,2,1,8697809.94289023
217,4,3,1,2,1,0,1,2368604.718018461
65,2,1,1,1,2,1,1,1659216.9790088187
285,6,3,1,2,2,0,1,4339596.049543832
58,2,1,1,1,1,0,1,666824.9981587094
59,4,3,1,1,1,0,2,1269964.9730233504
145,2,1,1,1,2,0,3,6185948.355946583
276,3,1,1,2,1,1,1,4568018.3697560895
285,1,2,2,2,0,1,2,8244844.242889764
120,5,2,1,1,1,2,2,6760958.983738081
189,4,4,1,2,1,0,1,2149927.2450392046
49,6,2,1,1,1,1,2,1678049.0534467953
263,5,1,2,2,2,1,3,18454055.903204188
188,1,2,1,2,2,1,1,4201387.624176115
233,3,2,1,2,2,1,1,4968149.075341031
211,3,2,2,2,0,0,2,3789250.46731916
65,3,1,1,1,1,1,1,1134130.1203724334
65,3,1,1,1,2,1,1,1526436.836959123
73,4,4,1,1,1,0,3,2498471.104903352
177,4,2,1,2,2,1,1,3995591.808889839
222,2,2,1,2,1,1,1,3630709.098956608
281,6,1,1,2,1,1,1,4811211.925195988
93,2,4,1,1,1,1,2,3366270.14508534
207,6,4,2,2,1,1,2,6719514.419828924
158,1,1,1,2,1,0,1,1820968.1597691637
182,2,2,1,2,1,0,1,1994994.2997486016
120,1,4,1,1,0,2,1,2759015.482744209
284,1,4,2,2,2,0,2,8733843.27663796
101,1,2,1,1,1,2,1,2876182.700083796
85,3,4,1,1,1,1,2,3014670.2409702665
126,5,2,1,1,1,1,1,2198860.28051045
138,5,4,1,1,1,1,1,2406265.3710754663
92,4,4,1,1,2,1,1,2255831.603821366
231,1,1,2,2,2,2,2,18040006.871311527
119,3,4,1,1,0,1,1,1674698.9225878099
55,2,2,1,1,1,1,1,968576.2483025995
233,2,4,1,2,1,1,1,3890124.437180052
180,4,1,1,2,1,1,1,2980472.108409667
147,4,4,1,1,2,0,1,2261441.2766930438
248,1,3,1,2,0,1,1,3090453.439698893
204,1,2,2,2,1,1,3,10328047.771119837
191,2,3,1,2,1,1,1,3336152.429109277
190,2,1,1,2,2,1,1,4147067.051212747
246,2,3,1,2,0,0,1,2286716.5027616103
294,2,4,1,2,1,0,1,3210954.0432280884
180,5,2,1,2,2,1,1,4141512.8724287525
135,1,3,1,1,2,0,1,2068612.004107076
266,1,4,1,2,0,1,1,3685511.140098788
232,2,3,1,2,1,1,1,3849706.8754142323
157,3,4,1,2,1,0,1,1716002.634783869
44,2,4,1,1,1,1,2,1559919.5000074357
282,6,3,2,2,1,1,3,13676411.774106028
60,4,1,1,1,2,1,1,1425801.0024173104
191,6,2,1,2,1,1,1,3250518.7170245675
167,3,1,1,2,2,0,2,4640846.062239052
163,4,3,1,2,0,0,1,1459659.5468521127
185,3,4,1,2,0,1,1,2694503.1940678367
191,4,3,1,2,0,1,1,2755069.236387044
150,2,4,1,1,1,1,2,5146374.564508345
155,2,4,1,2,0,0,2,2766940.680844064
227,3,1,1,2,1,2,1,6182970.786035504
96,4,1,1,1,1,0,1,1045495.5663273869
290,5,3,2,2,0,2,2,13317613.394131104
189,3,2,1,2,1,1,1,3242694.0815564855
201,3,1,1,2,1,1,1,3458813.639052883
159,6,4,1,2,0,1,1,2266148.307161979
109,1,3,1,1,1,1,1,1794222.738368282
138,3,3,1,1,1,2,2,7455388.094415928
206,5,2,1,2,1,1,1,3700044.1508612204
190,2,3,1,2,2,1,1,4333273.24162705
41,4,1,1,1,0,2,2,1796308.1079435025
191,1,4,1,2,1,1,1,3366202.664981156
104,4,3,1,1,2,1,1,2398429.4191321353
108,2,3,1,1,2,1,2,5114180.478448845
160,3,4,1,2,0,1,2,4384774.348755685
148,6,3,1,1,1,1,1,2464283.8401051066
286,5,3,1,2,0,2,1,6102900.917111142
132,1,2,1,1,0,1,1,1732937.2716810731
142,5,1,1,1,1,0,2,3119010.924330558
151,5,3,1,2,0,1,2,4011944.017193071
101,5,1,1,1,2,1,2,4724512.744084011
175,5,2,1,2,2,1,1,4168381.2537426297
94,2,1,1,1,1,1,1,1637128.0033546453
147,5,2,1,1,2,1,2,7122549.345368619
297,6,1,1,2,1,1,1,5067040.4050016375
292,5,1,2,2,1,1,2,9681978.552424254
261,2,3,1,2,2,1,1,5899340.8618429825
206,4,1,1,2,2,1,1,4808643.584470129
199,2,3,2,2,2,2,2,13613650.86683101
205,6,3,1,2,2,0,1,3112894.0852799844
244,6,1,2,2,0,1,2,6491348.518418931
177,3,3,1,2,1,2,1,4676637.5041740425
287,2,1,1,2,1,1,1,4765148.50189925
94,4,4,1,1,1,2,1,2648952.390999598
248,3,3,1,2,1,1,1,4137022.61260119
56,3,4,1,1,1,2,1,1485191.0947339912
107,1,4,1,1,1,1,2,3833116.623164011
172,5,3,1,2,1,2,1,4789241.97337065
227,3,2,1,2,1,0,1,2590173.0919279377
177,3,2,1,2,1,1,1,3009630.400278285
213,6,4,2,2,0,0,2,3607763.310354749
136,4,4,1,1,1,0,1,1639150.4867747591
210,3,1,2,2,1,1,2,6889198.555177561
193,4,4,2,2,2,1,2,8881978.463942403
222,5,3,1,2,0,1,1,2902533.825157664
281,6,2,1,2,1,0,1,3081795.8220819314
66,1,2,1,1,0,2,2,2868589.271066511
99,1,2,1,1,2,1,1,2315366.0956129148
241,5,3,2,2,1,0,2,5155543.746637246
289,5,1,1,2,1,0,1,3041969.459596068
108,6,3,1,1,2,0,1,1630863.9740530057
60,6,3,1,1,2,1,2,2704978.5771683515
191,2,2,2,2,1,0,2,4125690.267170396
141,3,3,1,1,0,2,1,3061216.1109992643
134,3,4,1,1,0,0,1,1238173.097405176
268,3,3,1,2,0,0,1,2439414.9966252465
164,4,2,1,2,0,0,1,1492309.0192715237
297,2,2,1,2,1,1,1,4913688.313981386
275,3,3,2,2,0,1,2,7200839.052124917
201,4,4,1,2,1,1,1,3518299.5151762716
81,4,4,1,1,1,2,1,2343582.542974589
107,1,2,1,1,2,1,3,7693746.644882524
212,4,4,2,2,1,2,2,11699530.575902386
164,5,4,1,2,0,1,2,4503955.764778703
209,6,1,2,2,1,1,2,6464588.028906745
86,4,1,1,1,2,0,2,2590680.282803949
256,5,4,1,2,0,2,1,5578696.3700058535
163,5,4,1,2,0,0,3,4307991.831743286
201,1,1,1,2,2,0,1,3114181.3327847268
240,1,1,1,2,2,1,1,5451904.246832244
245,4,1,2,2,1,1,2,8653908.436636547
79,1,2,1,1,2,0,1,1187654.8521230842
227,1,2,1,2,1,2,1,6274511.706178009
132,6,1,1,1,1,1,2,4342820.347737594
81,3,1,1,1,0,1,1,1145971.6727015649
146,4,1,1,1,0,1,1,1963576.7582390956
104,4,2,1,1,0,1,2,2958935.4278883454
174,4,2,1,2,0,2,1,3722932.706837468
63,1,4,1,1,1,1,2,2244810.0465021376
67,6,3,1,1,0,1,2,1867487.3155979163
101,1,4,1,1,2,1,1,2393551.1049697874
268,5,3,1,2,2,0,1,4158973.155897807
59,2,3,1,1,1,1,1,1097960.95239365
42,2,3,1,1,1,1,2,1480971.4357478009
257,2,4,2,2,1,1,2,9165271.258239634
175,3,2,1,2,2,1,1,4173311.2346673585
42,1,2,1,1,0,0,1,418276.2113089584
232,5,2,1,2,1,1,1,3923448.0186644164
112,5,2,1,1,0,1,1,1511347.1608669057
157,2,4,1,2,1,0,1,1863591.2956218396
193,6,1,1,2,1,1,1,3262644.350841626
248,3,3,2,2,0,0,2,4429975.833202713
73,3,2,1,1,1,1,2,2461476.2863707063
176,2,2,1,2,1,0,1,1954224.92449714
159,2,4,1,2,0,2,3,10363108.668787982
154,1,3,1,2,2,1,2,7170004.852629885
52,6,2,1,1,1,1,1,915702.4588535754
108,3,1,1,1,2,1,2,5084014.995674622
296,5,2,1,2,2,0,1,4569662.063468768
128,2,3,1,1,1,1,2,4295186.578237316
86,1,1,1,1,2,1,1,2024012.0534801711
299,5,4,1,2,0,0,1,2660160.31612395
267,3,1,1,2,0,0,1,2311252.7893475415
219,2,3,1,2,0,1,1,2943411.441054848
49,6,3,1,1,2,0,2,1565910.7421623624
165,2,1,1,2,1,1,1,2751885.3322694167
173,6,2,1,2,1,0,2,3981087.3707320807
194,1,3,1,2,1,1,1,3081266.147005581
287,1,1,1,2,0,1,1,3837398.8597594663
179,3,3,1,2,2,0,2,5588145.726399355
215,6,2,2,2,1,1,2,7277870.294150304
213,2,2,1,2,2,0,1,3137282.7241998403
113,1,1,1,1,0,1,1,1473331.4719515764
182,2,4,1,2,1,0,1,1973240.8508586087
151,3,4,1,2,1,2,1,4187421.915949598
245,6,2,1,2,1,0,1,2767427.4961166647
170,2,4,1,2,1,2,1,4571797.120150474
149,5,2,1,1,2,1,2,6890763.01093826
106,2,4,1,1,2,1,1,2525966.01867843
125,4,2,1,1,2,1,1,2951171.4707997832
266,4,3,1,2,1,0,1,2941821.529251944
49,3,1,1,1,2,0,1,812613.2002053799
151,3,1,1,2,1,0,1,1709844.0098134684
63,3,4,1,1,0,0,1,636913.0953838432
207,5,1,1,2,0,2,1,4858105.265761732
148,6,4,1,1,1,1,1,2607955.6156102344
229,5,2,1,2,1,1,1,4004928.648942792
235,2,3,1,2,1,0,1,2613915.0476905648
72,1,1,1,1,1,1,1,1254706.0002512035
244,6,3,1,2,1,2,1,7107294.800721441
221,4,1,2,2,1,0,2,5000624.440759611
186,4,2,2,2,0,2,2,8131430.049520969
50,4,1,1,1,2,1,1,1246219.6623957602
109,2,1,1,1,1,0,1,1185547.6657640773
295,2,2,1,2,0,1,1,3873926.0299804253
258,3,4,1,2,2,1,1,6035287.359946139
298,1,4,1,2,1,1,1,5158421.019484682
42,3,2,1,1,2,2,2,3278432.5410328936
123,2,4,1,1,2,2,1,4554944.899522508
195,5,1,1,2,1,0,1,2092748.9432148184
190,3,3,2,2,2,1,2,8888185.15566463
215,6,2,1,2,1,2,1,6040473.597128012
234,2,1,1,2,1,1,1,4009750.0524158166
146,2,2,1,1,2,1,2,6663051.269077894
173,5,3,1,2,1,1,3,8842632.298037715
194,5,1,2,2,1,1,3,9814059.299521146
275,5,1,1,2,1,0,1,2920454.8355185217
279,1,3,1,2,1,1,1,4789057.825780523
52,6,3,1,1,0,1,1,725454.4103353476
74,2,4,1,1,1,1,1,1281785.4022522285
86,5,1,1,1,0,1,1,1159113.7022337457
253,1,3,1,2,0,0,1,2227751.862913752
185,4,3,1,2,1,0,1,2174103.671974817
198,6,1,2,2,2,1,2,9208901.793913485
164,4,4,1,2,0,0,2,2934217.918367671
149,4,2,1,1,2,1,1,3369022.13363428
76,2,4,1,1,2,1,1,1852154.483111323
53,1,3,1,1,0,0,2,995764.2154660731
271,1,2,1,2,1,1,1,4458298.231871346
163,4,2,1,2,2,1,1,3749583.0193612766
150,6,4,1,1,1,0,1,1767076.0641740116
163,3,2,1,2,2,1,1,3700331.0049859043
69,4,3,1,1,1,2,1,2042296.3338329468
154,2,1,1,2,1,1,1,2711041.140580177
129,4,1,1,1,2,0,3,5999917.523507686
251,6,1,1,2,2,1,1,5741917.986380696
77,6,4,1,1,2,2,1,2991513.318239277
122,4,1,1,1,1,1,2,4083814.2320765434
66,1,1,1,1,0,1,1,944515.5501204564
256,4,1,1,2,1,0,1,2899348.406934605
254,5,2,1,2,2,1,1,5919679.610341123
260,5,2,2,2,0,1,3,10333036.890235374
54,3,2,1,1,1,1,1,970037.2115779149
298,2,3,1,2,1,1,1,5004986.186480293
159,2,3,1,2,2,2,1,5960377.039751507
167,1,3,1,2,1,0,2,3745397.8947433783
250,2,1,1,2,2,1,1,6124278.979648391
50,3,2,1,1,0,1,2,1409851.8632255208
215,5,3,1,2,0,2,1,4651511.297237414
172,1,4,1,2,1,0,1,1955708.3058014363
53,6,2,1,1,1,1,1,931104.4647891781
89,5,1,1,1,1,1,1,1514323.2531565407
111,3,2,1,1,1,0,1,1237309.317977003
108,1,1,1,1,2,0,1,1582192.2568355915
55,4,3,1,1,1,2,1,1630350.8937221328
95,2,1,1,1,2,2,2,7519337.529604704
144,3,1,1,1,1,1,1,2385837.39907195
171,1,4,1,2,0,1,1,2303018.0309711345
87,5,2,1,1,0,2,1,1921476.618960393
287,1,1,2,2,1,0,2,6174826.345243877
150,4,4,1,1,1,0,1,1727076.6939007244
77,3,4,1,1,0,2,1,1741931.601263176
279,1,4,1,2,2,0,1,4056393.664753736
160,6,3,1,2,1,2,1,4354854.624115483
87,3,3,1,1,1,1,1,1573030.515081434
49,3,1,1,1,1,0,1,588908.9175218575
272,5,2,1,2,1,1,1,4694566.17513515
75,2,3,1,1,1,1,1,1342986.2467146043
43,6,3,1,1,1,2,1,1229455.0034843846
83,4,1,1,1,0,0,2,1500568.8238444673
95,1,1,1,1,1,1,1,1663739.4138131598
81,2,3,1,1,0,0,2,1499412.501982239
294,5,1,1,2,1,1,1,4890430.242037735
267,2,4,1,2,1,1,1,4478231.401108182
153,3,1,1,2,2,0,1,2303594.037510067
276,3,4,1,2,0,1,1,3734265.5361820674
213,4,3,1,2,0,1,1,3021494.3694786537
294,6,2,1,2,0,1,1,3948113.485525818
108,1,4,1,1,2,1,1,2544470.5208534007
269,1,2,1,2,0,0,1,2547289.926681924
106,5,3,1,1,1,0,1,1183467.5702298984
75,4,1,1,1,1,0,2,1670344.1345431274
198,1,4,1,2,1,1,1,3598958.1971327234
188,6,4,2,2,1,1,2,6752369.643009383
66,3,3,1,1,1,1,1,1176429.753026826
111,4,3,1,1,0,1,1,1492149.3825080292
287,2,1,1,2,1,1,1,4998309.639585821
140,4,2,1,1,0,2,2,6257269.801039794
229,4,4,1,2,0,1,1,3288767.8914948013
135,6,2,1,1,1,0,1,1564569.7459863664
56,6,4,1,1,1,0,1,693378.2295080567
146,1,4,1,1,0,1,1,2015278.1008454007
107,5,1,1,1,2,1,2,5263725.945442731
167,5,4,1,2,1,0,1,1845674.7488124112
135,6,4,1,1,0,1,1,1990851.7107893012
40,1,3,1,1,2,1,1,1071788.1247188211
219,1,1,1,2,2,2,1,7862919.840659861
220,1,3,1,2,1,1,1,3819179.659114005
274,6,4,1,2,0,0,1,2461023.981922775
47,5,1,1,1,2,0,1,754256.4495464377
66,1,4,1,1,2,1,1,1611376.7968138324
185,6,1,1,2,0,1,1,2523699.7534810216
130,2,2,1,1,0,1,2,3542555.8402960077
44,2,2,1,1,1,0,1,546458.4387372023
121,3,1,1,1,1,1,1,2072117.3677956217
258,2,4,1,2,2,0,1,4039294.2028287356
157,4,1,1,2,0,0,1,1340337.669974863
120,3,4,1,1,2,2,2,8584709.261855233
109,2,2,1,1,1,2,1,2822041.089238559
154,4,4,1,2,2,0,2,4624920.275830112
181,2,3,2,2,1,2,3,15096082.725758625
246,6,2,2,2,2,1,2,11697843.067205336
150,4,3,1,1,1,0,1,1739036.1412796248
151,1,2,1,2,1,1,1,2629562.099677141
82,6,2,1,1,1,1,1,1423261.2885101805
167,4,3,1,2,1,0,1,1959586.274610983
224,6,1,1,2,1,2,1,6183915.641358639
268,1,4,1,2,1,0,1,3098777.3413720904
260,4,2,1,2,1,0,1,2907346.760133537
156,4,4,1,2,2,0,2,4591004.907833456
109,6,2,1,1,1,0,2,2464991.2227383954
109,2,4,1,1,1,1,1,1789119.876669772
149,4,2,1,1,2,0,1,2348655.19264618
171,2,1,1,2,0,2,1,3849902.2277096934
95,4,2,1,1,2,1,2,4392139.770222914
128,5,1,1,1,0,2,2,5666058.75578521
176,3,2,1,2,2,1,2,8253631.285458516
170,2,4,1,2,2,1,1,4249801.652806947
257,2,3,1,2,1,1,1,4312589.167020446
215,1,2,2,2,2,1,2,9684193.600832054
210,5,2,1,2,1,2,1,5623062.660084702
139,1,1,1,1,0,0,1,1270097.8967445118
168,5,4,1,2,1,0,2,3715079.153504032
96,5,1,1,1,1,1,1,1732615.3621758146
220,6,4,1,2,1,1,1,3766116.4754385073
285,6,4,1,2,2,0,1,4404436.771133872
183,6,1,1,2,1,1,1,3182244.957885529
90,4,3,1,1,1,0,1,1002025.0553700408
257,1,4,1,2,1,0,1,2913667.0589417242
143,3,3,1,1,0,0,1,1297218.0915781807
94,5,1,1,1,1,1,2,3407438.1447533597
296,5,3,1,2,0,1,1,3798112.6026609084
195,2,4,2,2,0,0,2,3536940.303768503
92,4,1,1,1,0,1,1,1302445.430499613
226,3,3,1,2,2,0,1,3321684.505933891
189,6,1,1,2,0,0,1,1677090.5841317025
289,5,1,1,2,1,1,1,4705520.928158094
250,2,3,2,2,1,1,2,8218420.066686202
64,1,4,1,1,2,1,1,1516338.246027397
191,5,4,1,2,1,1,1,3366452.7208915395
63,2,4,1,1,2,1,2,2972149.847304754
291,1,4,1,2,1,2,1,7691649.848844425
99,4,2,1,1,1,0,2,2162410.792432717
105,6,1,1,1,1,0,2,2397228.164528981
92,1,1,1,1,1,0,1,1094570.693502241
145,5,2,1,1,2,1,1,3335545.9433141216
135,3,1,1,1,2,2,2,10065797.56598372
215,1,1,1,2,1,0,1,2412621.6086321888
78,3,3,1,1,1,1,2,2580583.1529010027
207,3,2,1,2,1,1,1,3581025.3259432525
81,1,1,1,1,2,2,2,6126604.028216243
143,4,1,1,1,1,1,1,2403105.513984272
243,1,2,1,2,1,1,1,4086161.584970386
47,2,2,1,1,0,1,1,681133.3785405713
82,6,3,1,1,1,1,1,1433748.9903004037
149,3,3,1,1,0,1,1,2059822.1136904513
249,6,4,1,2,0,1,1,3436906.578848499
276,5,4,1,2,2,0,1,4153277.751550311
88,3,3,1,1,2,1,1,2140590.989566649
154,5,1,1,2,0,2,1,3413765.1185537484
194,2,2,1,2,2,1,1,4321209.968703952
176,2,3,1,2,1,1,1,2913021.15640609
206,6,4,1,2,2,0,1,3042306.3595862035
238,2,2,1,2,2,2,1,8226348.530174273
110,1,4,1,1,1,0,1,1241980.814760238
46,3,1,1,1,2,1,1,1149253.2744896084
239,5,1,2,2,1,1,2,8194893.448928331
106,6,4,1,1,0,1,1,1494384.681589835
177,6,2,1,2,1,0,1,2103568.1423309334
281,2,4,2,2,1,1,2,9508621.720578136
252,2,2,1,2,1,1,1,4462965.700788306
220,5,3,1,2,0,1,1,3050348.967119354
293,3,4,1,2,0,1,1,3882473.783985586
140,3,4,1,1,1,2,1,3944230.035786456
126,6,2,1,1,2,0,2,3698110.8459299044
224,5,3,2,2,1,1,2,7727789.194625912
130,6,2,1,1,2,1,1,2914621.248475615
287,4,2,1,2,2,1,1,6373274.968336556
253,3,4,2,2,1,1,2,8782205.951061722
288,5,4,2,2,1,2,2,15748438.015061427
165,5,2,1,2,0,1,2,4683936.061540999
43,6,1,1,1,1,1,1,804401.7532633591
127,2,1,1,1,0,0,1,1105338.176143591
190,5,1,1,2,1,2,1,5272437.375247473
215,6,4,2,2,2,1,2,9399859.13944055
250,1,4,1,2,2,1,1,5881446.843271476
298,2,3,1,2,0,1,1,4282452.236122276
130,2,4,1,1,0,1,1,1819739.971668616
298,3,3,1,2,1,0,1,3391094.534653898
230,4,4,1,2,1,0,1,2721260.055915691
120,3,1,1,1,2,1,1,2814467.270203165
177,1,1,1,2,0,1,2,4846813.472700453
165,6,2,1,2,0,2,2,6919438.2945353445
269,2,2,1,2,1,1,1,4426479.200432865
59,2,3,1,1,2,1,1,1501863.7762678866
88,5,3,1,1,0,0,2,1551443.665284009
174,4,2,1,2,0,1,1,2316175.993525802
68,4,3,1,1,1,1,2,2431161.1482789232
87,5,4,1,1,0,0,1,865373.5598435907
42,1,1,1,1,1,0,1,499535.99113453634
297,4,2,1,2,1,1,1,4932345.534027505
55,2,2,1,1,2,1,1,1322428.2922181825
133,1,4,1,1,2,2,2,9484925.45858865
173,3,3,1,2,1,1,1,2880959.1150730136
172,3,2,1,2,1,1,1,2980980.027558562
71,1,2,1,1,0,0,1,669126.8940641718
64,2,4,1,1,0,0,2,1171447.284149254
98,3,1,1,1,1,2,1,2623389.762785287
252,6,2,1,2,0,2,1,5529822.997471321
195,2,2,1,2,0,0,1,1692832.998961772
249,5,4,1,2,0,1,1,3377337.5876577087
96,4,2,1,1,1,1,1,1684945.873371294
224,1,2,1,2,2,2,1,8392330.9395098
93,4,1,1,1,1,0,1,1030212.9270598266
248,5,2,2,2,2,1,2,11700479.830716936
291,3,4,1,2,1,1,1,5031539.5143783465
151,6,1,1,2,1,0,1,1650675.1386332896
45,2,1,1,1,1,1,1,805591.0406471061
230,2,1,2,2,2,0,2,6890050.932652482
52,5,3,1,1,1,0,1,660236.1520872664
83,1,4,1,1,1,1,1,1594892.6761516707
144,4,3,1,1,1,0,1,1706106.5987899015
199,6,2,1,2,2,1,1,4253526.967580726
193,3,1,1,2,1,1,1,3446619.9031260004
281,1,3,2,2,0,0,2,4802740.083487299
220,6,2,2,2,1,1,2,7718631.317068662
53,6,3,1,1,1,1,1,953012.1489150327
219,5,1,2,2,1,0,2,4773167.692586536
207,5,2,2,2,1,1,2,7205314.365949534
253,2,1,2,2,1,1,2,8248757.573522573
189,3,1,1,2,2,2,1,6961474.063032897
55,1,3,1,1,2,0,1,872701.3794067435
130,2,4,1,1,0,0,1,1218677.4357157052
159,3,2,1,2,1,1,1,2825419.316239392
292,4,2,2,2,0,1,3,11302898.11918657
99,4,4,1,1,2,1,1,2433973.024311193
70,2,2,1,1,0,1,2,1880805.1877247859
60,1,3,1,1,0,0,2,1120846.3407369216
258,3,2,2,2,1,1,2,9014595.905702712
120,4,3,1,1,1,1,1,2161364.5154029266
70,4,2,1,1,1,0,2,1584409.9710907226
273,1,3,1,2,1,1,1,4601166.7970293155
75,2,4,1,1,0,1,3,3042296.4789042408
171,5,2,1,2,1,1,1,2954391.444560456
171,6,3,1,2,0,1,3,6964333.098652862
48,3,1,1,1,1,0,1,579191.4214873245
69,4,1,1,1,2,0,2,2044412.0781530365
154,6,1,1,2,1,1,1,2601002.504239686
43,6,2,1,1,1,1,1,809593.2499787504
276,5,3,1,2,0,1,1,3965895.576459568
62,6,1,1,1,0,1,1,870264.5569640136
55,1,2,1,1,1,0,1,642594.758965001
61,2,3,1,1,0,1,2,1789207.693309571
111,3,1,1,1,1,2,1,2901992.686308689
269,1,1,1,2,2,0,1,4002344.4667267357
146,2,2,1,1,1,0,1,1701316.7237686135
247,1,3,1,2,1,1,1,4309163.877575104
247,4,2,1,2,2,0,1,3700837.7462960556
90,4,1,1,1,0,1,1,1180260.976028268
104,5,2,1,1,1,1,1,1744154.153206902
214,1,2,1,2,0,0,1,1942007.2516254084
191,6,1,1,2,1,1,1,3361103.427361945
202,4,1,2,2,1,0,2,4370500.134984166
277,2,3,1,2,1,1,1,4888629.751499697
238,5,3,1,2,1,0,1,2682169.2396303536
55,6,1,1,1,1,1,1,987940.5028116497
278,3,1,1,2,0,0,1,2380772.0646541608
108,1,4,1,1,2,1,1,2557285.5955063724
45,4,4,1,1,0,0,1,469380.3710106037
259,6,3,2,2,2,2,2,18501236.57383639
293,2,2,2,2,2,1,3,18970480.739278585
146,1,1,1,1,2,1,1,3227309.172437012
157,2,1,1,2,0,0,1,1511285.5028577773
207,5,2,1,2,1,0,1,2321937.9539859714
290,4,3,2,2,1,1,2,9659615.14594902
121,4,4,1,1,2,0,1,1871269.9611297848
93,5,3,1,1,1,2,1,2486260.4142434183
279,2,2,1,2,2,0,1,3995875.96832866
51,1,1,1,1,1,0,2,1131708.4638048944
248,2,4,1,2,1,2,1,7167273.408855052
204,1,2,1,2,0,1,1,2920675.877861236
46,6,1,1,1,0,1,1,686612.0672907782
117,5,3,1,1,2,2,1,4493584.77727672
104,3,4,1,1,2,1,1,2553680.36819331
141,1,1,1,1,1,2,1,3809739.754467242
210,4,1,1,2,1,1,1,3569317.125942129
116,6,1,1,1,1,1,1,2005173.735064333
87,4,1,1,1,0,1,2,2290397.5673555783
294,6,1,1,2,2,1,1,6678222.400577598
121,4,3,1,1,1,0,1,1395323.2452234542
248,2,2,1,2,1,1,1,4298821.198314213
248,2,4,2,2,0,1,2,6887853.526199239
123,2,3,1,1,1,1,1,2216480.4083190304
49,6,4,1,1,2,1,2,2311388.253948723
68,6,1,1,1,1,1,2,2274510.5316329803
155,4,2,1,2,0,1,1,2115252.3976928177
86,1,1,1,1,1,1,1,1502105.7462802816
130,6,3,1,1,0,2,1,2845367.261500617
92,4,3,1,1,1,2,2,4991311.108264649
257,1,4,1,2,1,1,1,4411938.538424118
116,2,1,1,1,2,2,3,12840256.46829702
243,6,1,2,2,1,1,2,7872598.324447309
83,3,2,1,1,0,0,1,743270.1007093445
195,2,2,2,2,2,1,2,8560802.755102428
41,5,1,1,1,1,1,1,794840.1526714668
96,1,4,1,1,1,0,1,1145399.3685713327
97,3,2,1,1,1,1,1,1651693.3503106167
293,2,1,1,2,2,0,1,4271526.387606166
219,6,1,1,2,2,1,1,4989844.165901457
196,3,1,1,2,1,1,1,3229510.5997756766
74,4,3,1,1,2,1,2,3601989.5414281664
114,1,4,1,1,0,1,1,1575043.1831353826
114,5,1,1,1,1,1,2,3735491.2712224
117,4,1,1,1,1,1,1,1993678.4597545299
294,3,1,2,2,0,1,3,11786244.679845404
106,2,2,1,1,1,1,1,1787162.682979421
260,1,1,1,2,0,1,1,3655613.5378207243
203,6,3,1,2,1,1,1,3590657.6544829314
259,5,3,1,2,0,1,1,3521378.0906710047
211,2,4,1,2,0,1,1,2868390.219679391
293,5,1,1,2,1,1,1,4843972.220611135
249,6,1,1,2,1,0,1,2738725.791891763
227,1,1,1,2,2,1,1,5348372.3433540985
230,3,3,1,2,0,1,1,3226486.5581438714
254,5,2,1,2,1,1,1,4216804.596927712
125,1,2,1,1,1,2,1,3613817.5297119915
145,5,1,1,1,2,1,1,3292862.665178113
58,2,2,1,1,2,2,2,4278770.3852043785
86,5,4,1,1,0,1,1,1252842.3423780994
104,2,3,1,1,0,1,1,1522434.1956796055
185,2,1,1,2,0,1,1,2527532.0757574914
105,1,2,1,1,0,1,1,1459981.0569500246
44,4,1,1,1,0,0,1,407134.93759392534
132,6,1,1,1,1,2,2,7016456.8473594235
133,5,3,1,1,1,1,1,2263460.8790733493
145,3,3,1,1,1,1,1,2427569.308261504
172,2,2,1,2,1,0,1,1884381.1297160264
118,4,3,1,1,0,0,1,1106750.1879996632
251,2,4,1,2,2,1,1,5933687.331621475
47,4,1,1,1,0,1,1,684296.2912632612
198,4,3,2,2,1,2,2,10759930.380248435
188,3,2,1,2,1,2,1,4824691.046589142
130,4,2,1,1,2,0,3,5508420.919606199
275,3,2,1,2,1,2,1,7925922.387896584
207,1,4,1,2,1,1,1,3568156.3950005877
232,2,3,1,2,1,1,1,3929994.3092988404
226,3,3,2,2,1,1,3,11207288.138880588
153,6,4,1,2,1,0,1,1695195.371333043
50,2,3,1,1,0,1,2,1361095.10566254
94,6,3,1,1,0,1,3,3687477.839263253
297,5,3,1,2,2,0,1,4343652.389521197
104,6,4,1,1,0,1,2,2885922.469729122
211,1,4,1,2,1,2,1,5936565.446952604
189,5,2,1,2,0,0,1,1668664.9976279805
185,5,4,1,2,1,1,1,3293958.3575978843
248,4,4,1,2,1,0,1,2863344.706528107
49,6,2,1,1,2,0,1,762879.6197289668
266,4,4,2,2,1,1,3,13002625.518390667
225,6,3,2,2,1,0,2,5196517.235897789
101,5,1,1,1,2,1,2,4625086.716477657
124,4,2,1,1,1,1,3,5834384.610304813
173,2,1,1,2,1,1,1,2927801.3539333884
210,6,1,2,2,1,1,2,6902285.901676764
252,6,2,1,2,0,1,1,3501981.098642843
57,4,1,1,1,1,1,1,987902.6808055316
99,6,1,1,1,1,1,1,1715772.3419199614
127,5,2,1,1,2,1,1,2944817.31171677
66,4,2,1,1,1,2,2,3435678.817630928
107,4,3,1,1,1,1,1,1888933.9743146717
79,3,2,1,1,0,0,2,1444661.3549055867
148,3,4,1,1,1,1,1,2603642.16644604
113,5,1,1,1,0,0,1,1007900.7566600054
105,2,2,1,1,1,1,1,1777699.6494422927
207,6,3,1,2,2,1,1,4729705.60494375
276,1,2,1,2,2,1,1,6451479.313867997
254,6,1,1,2,0,1,1,3462015.7051063855
188,1,2,2,2,1,1,2,6505561.856683869
146,5,1,1,1,0,0,1,1260984.7285522108
180,2,2,1,2,2,0,1,2764123.770959954
115,2,3,1,1,2,0,2,3528073.8837346975
48,2,4,1,1,1,1,1,891160.7558522305
235,3,3,1,2,1,1,1,4010295.2267928687
157,5,2,1,2,0,1,1,2194632.4889172576
100,1,1,1,1,2,2,2,7273035.696516452
90,2,3,1,1,1,1,1,1584607.6685883168
91,5,4,1,1,1,1,1,1725754.0077072892
161,6,4,1,2,1,0,2,3653762.779859669
206,1,1,1,2,0,0,1,1810252.8930037827
47,3,2,1,1,1,1,1,836280.0333860422
84,4,3,1,1,1,1,1,1509558.466279958
284,1,3,1,2,2,0,1,4268610.462395918
146,6,1,1,1,1,1,1,2483873.145358627
66,1,3,1,1,2,1,1,1656447.8408984954
232,1,1,1,2,2,1,1,5098305.776998433
101,4,1,1,1,1,0,1,1179101.9652351735
101,2,2,1,1,1,2,1,2711927.0359123233
160,6,1,1,2,2,2,3,17155633.582442097
78,4,3,1,1,2,0,3,3530937.578021378
133,1,1,1,1,0,1,2,3466907.8434481365
154,6,3,1,2,2,1,1,3684955.935088604
215,3,1,1,2,1,1,1,3573087.9800673984
160,1,2,1,2,1,0,1,1755108.2212527103
52,3,2,1,1,1,1,1,922378.2114031554
202,5,1,2,2,2,0,2,5803029.010445536
215,3,1,1,2,2,0,1,3043562.2280532317
212,1,1,1,2,0,0,1,1797246.4950681953
103,4,2,1,1,1,1,1,1826932.515536631
140,1,4,1,1,2,2,1,5143029.463811338
105,1,1,1,1,1,1,1,1886540.9684757295
84,5,4,1,1,2,0,3,3887141.950537172
126,2,1,1,1,2,0,2,3914630.1778193926
106,1,3,1,1,1,1,1,1933644.212443777
298,5,2,1,2,0,2,1,6702139.539744739
244,4,4,1,2,1,1,1,4371669.260316142
217,5,4,1,2,1,0,1,2487766.963680664
56,5,2,1,1,2,0,1,924881.1446341393
241,3,4,1,2,2,1,1,5502958.421467375
211,2,1,2,2,2,0,2,6021440.38224962
233,2,4,2,2,1,0,3,7471519.27061439
188,6,1,1,2,1,1,1,3171000.4946667557
74,4,4,1,1,1,1,2,2633073.0100160604
68,6,3,1,1,1,1,2,2455052.3190173074
260,5,4,1,2,0,1,1,3507992.300674699
92,4,4,1,1,1,2,1,2634678.6383178127
115,4,1,1,1,1,0,1,1257105.4411271855
215,2,2,1,2,1,1,1,3523319.5030206074
49,2,3,1,1,2,0,2,1570004.9304086769
156,2,2,1,2,1,1,2,5516665.693038029
257,1,1,2,2,2,2,2,18111402.848763287
214,5,3,1,2,2,0,1,3304650.396043997
273,4,4,2,2,1,2,2,14837757.900074879
291,5,2,1,2,0,2,1,6293803.890670915
45,4,2,1,1,0,1,2,1266619.533088826
60,4,2,1,1,2,1,1,1408380.835661749
112,6,4,1,1,1,1,1,1927917.1882196178
75,4,1,1,1,2,2,1,2706864.4714028654
272,4,4,1,2,0,0,1,2344013.3002310144
255,3,4,1,2,0,1,1,3610653.7958687567
245,3,1,1,2,1,0,1,2824815.3810707587
83,6,1,1,1,2,1,1,1899433.0080530192
130,1,4,1,1,1,1,2,4302227.594793899
132,2,1,1,1,2,1,2,5940699.778078085
122,4,2,1,1,2,1,2,5704974.422723082
60,5,3,1,1,0,2,2,2620384.73842439
267,3,1,1,2,1,0,1,3184000.4702881537
169,2,3,1,2,1,0,2,3898240.641567627
214,1,2,1,2,2,1,1,4800145.545612403
147,2,1,1,1,1,1,1,2582245.8558067954
110,4,4,1,1,2,1,1,2772691.3486740477
89,2,4,1,1,1,2,2,4660907.762423004
134,4,2,1,1,0,0,3,3502547.647936373
171,6,1,1,2,1,2,1,4185638.394164255
52,3,4,1,1,1,1,1,974708.580347232
42,3,1,1,1,1,1,1,705116.9933421639
263,4,3,1,2,1,0,1,2738802.3822052097
214,5,4,1,2,2,0,1,3145556.0065093823
129,3,2,1,1,1,1,1,2194211.451066002
280,5,4,2,2,1,1,3,13363022.28057078
74,4,2,1,1,0,0,2,1336493.4640690747
53,6,2,1,1,1,1,1,956532.3107729133
234,4,3,1,2,1,2,1,6261661.493892777
252,6,3,2,2,0,2,2,10547296.04235607
42,3,2,1,1,0,0,1,428924.9736571082
218,5,4,2,2,1,1,3,10577530.119258987
79,4,2,1,1,1,0,1,926519.0070522248
203,3,1,1,2,0,1,1,2785806.0033526765
274,6,1,2,2,0,0,2,4855518.70934725
296,4,4,1,2,0,1,1,4063445.866937071
155,6,4,1,2,1,0,1,1963167.3896864506
91,2,3,1,1,2,1,1,2054918.5925364462
181,6,1,1,2,1,0,1,2046359.2499262088
125,2,2,1,1,1,1,1,2279994.0615910427
85,3,2,1,1,2,2,1,3137632.4296514513
277,4,1,1,2,1,0,1,3062246.132257767
49,3,1,1,1,1,1,1,872797.0492126843
191,1,3,1,2,2,1,1,4348896.425739553
100,6,1,1,1,1,1,1,1762848.531380107
57,3,3,1,1,1,1,1,1101625.6345596095
125,3,4,1,1,1,1,2,3957328.950492998
176,2,4,1,2,2,0,1,2635696.27377638
269,6,1,2,2,1,1,3,13594752.297918864
167,2,1,1,2,1,1,1,2811537.6112919813
143,4,1,1,1,1,2,1,3752387.844397352
225,3,1,1,2,0,2,1,4847470.991307458
217,6,2,1,2,1,0,1,2509782.6372734727
45,3,2,1,1,0,2,1,995709.8303364653
75,4,4,1,1,0,0,1,721140.7518801822
53,5,2,1,1,1,1,1,971846.8362868758
276,4,1,1,2,1,0,1,2906379.8769181026
89,2,3,1,1,2,1,1,2093387.2843762215
149,2,4,1,1,0,1,1,2111297.7867933796
236,3,1,1,2,0,1,1,3192996.2753235945
291,2,2,2,2,0,1,2,7873198.439239361
127,6,3,1,1,0,2,1,2737906.9412316196
65,4,3,1,1,0,1,2,1870995.9742688937
183,3,2,2,2,2,1,2,8585672.355037946
99,4,1,1,1,1,0,1,1123443.532843995
114,4,3,1,1,0,1,1,1554720.142246816
42,3,3,1,1,1,0,1,521824.407233356
102,5,2,1,1,0,0,1,925947.4708900136
275,2,3,1,2,0,0,1,2499050.118458451
268,1,3,1,2,2,1,1,6331572.115849534
57,1,3,1,1,1,2,1,1628573.9677986505
119,1,4,1,1,1,1,2,4084951.7273028768
254,2,1,1,2,2,1,1,5969572.991022458
210,5,1,1,2,1,0,1,2303323.970535864
294,4,2,2,2,2,1,2,13698199.64665741
165,3,1,1,2,1,2,2,8589061.475251926
294,5,3,1,2,2,0,1,4209545.564025473
111,1,1,1,1,1,0,1,1282500.7251606944
77,6,4,1,1,1,0,1,967271.978583871
243,2,3,2,2,2,2,2,17960026.864967432
211,2,3,1,2,0,2,1,4505975.573707507
262,3,4,2,2,0,1,2,7206127.128309073
256,6,4,1,2,1,0,1,2718508.209832875
284,4,1,1,2,1,0,1,2935809.085310598
230,5,1,1,2,2,1,1,5415172.475711747
221,6,1,1,2,2,2,1,7978305.048751991
244,5,4,1,2,0,1,1,3258620.9503097325
238,5,1,1,2,1,0,1,2678189.8321929285
204,4,2,2,2,2,0,2,6059077.211496985
281,4,1,1,2,1,1,1,4512482.235764679
169,4,4,1,2,0,0,1,1570373.6605386124
266,3,4,1,2,0,1,1,3626426.7675331645
161,2,2,1,2,0,1,1,2230860.912167098
83,1,3,1,1,1,1,1,1448438.7215133894
235,4,2,2,2,2,0,2,7090497.959375516
243,2,4,1,2,2,1,1,5767451.725379669
296,4,3,1,2,0,2,1,6403322.504106765
56,1,2,1,1,0,0,1,544100.3341567061
48,6,2,1,1,1,1,1,875084.3247999675
288,4,3,1,2,1,0,1,3168705.9389669
240,2,2,2,2,1,0,2,4856412.165218762
98,3,3,1,1,1,1,1,1754756.116401451
179,6,1,1,2,1,1,1,2970755.5415446362
158,6,3,1,2,2,1,3,10606064.199439753
80,6,2,1,1,1,0,1,949186.5411492952
47,1,1,1,1,0,1,2,1330466.300278525
222,2,4,1,2,2,2,1,8114557.015615713
173,5,4,1,2,0,2,2,7647483.437268604
220,5,4,1,2,1,0,1,2460368.4722137456
111,5,2,1,1,2,1,1,2607450.812101451
152,3,1,1,2,1,1,1,2676011.459078993
146,4,3,1,1,1,1,1,2578329.5497757313
156,4,4,1,2,2,1,1,3726990.036053589
159,4,4,1,2,1,1,1,2672388.469117785
186,3,1,2,2,0,0,2,3236010.829506322
249,5,1,1,2,1,1,1,4279808.887598778
142,6,1,1,1,2,0,1,2153362.315637082
163,4,2,1,2,0,1,1,2239476.7230168674
284,6,1,2,2,2,1,2,12717615.551684698
248,6,3,1,2,2,1,1,5718885.689754528
148,3,3,1,1,1,1,1,2462332.9953689445
89,3,4,1,1,2,0,1,1431972.2656588303
144,2,3,1,1,0,0,2,2435856.544519296
66,4,1,1,1,0,0,1,644144.7555744923
296,5,3,1,2,1,0,1,3223016.4294405347
176,1,4,1,2,2,0,1,2818676.766376262
71,3,2,1,1,0,1,2,2048007.1099436374
84,6,3,1,1,1,1,1,1542669.9207798792
69,2,4,1,1,1,0,1,851558.9755720414
123,1,4,1,1,1,0,1,1407000.7498349897
205,3,1,2,2,2,1,2,9326571.08338056
40,2,4,1,1,0,1,2,1115615.8314700462
288,6,3,2,2,2,0,2,8572810.651581712
102,4,4,1,1,1,1,2,3733570.458778802
203,2,4,1,2,1,0,1,2283354.1513164374
240,3,1,1,2,0,0,1,2172034.30360211
261,4,1,1,2,1,1,1,4522709.907747419
191,6,3,1,2,2,0,1,2857136.5706339804
171,5,4,1,2,2,1,1,3852677.273411097
153,2,2,1,2,1,0,1,1757616.8797280188
256,1,4,1,2,1,1,1,4460453.343266214
235,6,2,1,2,0,2,1,5229371.084249834
241,4,3,1,2,0,1,1,3315355.5285472306
174,6,1,1,2,1,2,1,4475730.617708254
273,4,3,1,2,2,0,1,4210683.516491291
180,6,1,1,2,1,2,1,4677172.284875325
235,5,1,1,2,1,1,1,4034114.6840358716
82,2,4,1,1,2,0,1,1343087.574731303
96,1,4,1,1,2,0,1,1637301.4406782251
181,5,1,2,2,1,1,2,5699369.177103887
249,2,2,1,2,1,1,1,4309634.917768769
111,1,2,1,1,1,1,2,3625398.7172661307
263,6,4,1,2,1,1,1,4458567.677524719
66,1,3,1,1,0,1,1,968185.8796232411
167,3,2,1,2,1,1,1,3007295.5318190865
145,1,1,1,1,0,0,1,1338819.953880491
204,2,4,2,2,2,0,2,6044205.0203418825
254,5,4,1,2,0,1,1,3459225.293260891
110,5,1,1,1,1,2,2,5892432.435386358
243,3,3,1,2,1,1,1,4273640.074424206
192,2,1,1,2,2,1,1,4519965.528392649
106,1,3,1,1,0,1,1,1545156.1429506526
129,3,4,1,1,1,2,2,6654105.881851414
299,6,3,1,2,0,1,1,4200167.5571277905
267,4,1,1,2,1,1,1,4335773.404844804
118,6,4,1,1,1,2,1,3426182.7225345103
135,2,2,1,1,1,0,2,2934169.394604703
285,3,4,1,2,1,1,1,4706945.664295227
196,5,1,1,2,0,1,1,2682982.7113937866
155,3,1,1,2,0,1,1,2113901.570342881
57,4,4,1,1,1,1,1,1071640.7737217732
211,2,4,1,2,0,0,1,1963946.9118759397
55,3,4,1,1,1,0,1,697007.7363462262
279,6,3,2,2,2,0,2,8009711.912832897
95,1,2,1,1,2,0,2,2925003.398621495
